UserId,UserVisitCount,UserAvgRating
14,3,4.666666666666667
16,10,4.7
20,1,4.0
23,1,5.0
25,1,5.0
26,1,5.0
27,1,4.0
28,1,5.0
29,1,5.0
32,1,4.0
33,1,4.0
34,1,4.0
37,1,4.0
39,1,4.0
42,1,4.0
48,1,3.0
51,1,5.0
52,1,3.0
54,1,3.0
56,1,1.0
57,1,3.0
59,2,4.0
60,1,5.0
61,2,5.0
65,1,5.0
67,2,4.0
70,1,5.0
72,1,5.0
79,1,3.0
83,1,5.0
85,2,5.0
90,3,5.0
92,2,5.0
94,1,5.0
97,1,5.0
98,1,3.0
102,1,3.0
103,3,4.666666666666667
112,1,5.0
113,1,4.0
116,1,2.0
117,1,4.0
118,1,5.0
119,1,5.0
122,1,5.0
125,2,4.0
129,2,4.5
131,1,4.0
133,1,5.0
137,2,4.0
139,1,5.0
142,1,4.0
147,3,3.6666666666666665
149,1,3.0
152,1,5.0
153,1,3.0
154,1,5.0
155,1,2.0
156,1,4.0
157,1,5.0
158,1,5.0
160,2,3.0
162,1,5.0
166,1,3.0
170,1,2.0
176,1,4.0
177,1,5.0
180,1,5.0
182,1,4.0
183,3,4.666666666666667
184,1,5.0
185,1,1.0
187,1,4.0
189,1,3.0
190,1,5.0
191,1,5.0
192,2,3.5
194,6,4.166666666666667
196,2,3.0
199,1,4.0
200,1,5.0
208,1,5.0
213,1,5.0
218,1,5.0
228,3,4.333333333333333
230,3,4.0
231,2,5.0
234,1,5.0
239,1,5.0
240,2,4.5
242,1,4.0
247,2,2.0
249,3,4.0
255,1,4.0
256,1,5.0
266,7,3.857142857142857
267,1,5.0
268,1,4.0
269,2,4.5
271,1,3.0
272,1,5.0
274,2,5.0
276,2,5.0
277,1,5.0
279,1,5.0
286,2,4.0
288,1,4.0
296,1,4.0
302,1,3.0
303,1,4.0
315,1,4.0
316,1,1.0
317,2,4.0
319,1,5.0
320,2,4.5
327,1,3.0
328,1,5.0
336,1,3.0
337,1,5.0
339,5,4.0
340,1,4.0
341,2,4.5
346,1,5.0
348,1,5.0
349,1,5.0
351,1,4.0
356,1,5.0
359,1,5.0
361,2,5.0
365,1,2.0
369,1,4.0
378,2,4.5
382,5,4.4
386,3,4.0
388,1,5.0
390,1,5.0
393,1,4.0
396,1,3.0
397,2,4.0
399,4,4.0
404,2,4.5
408,5,4.8
410,1,5.0
418,1,4.0
419,2,5.0
421,1,5.0
422,1,5.0
425,3,2.3333333333333335
426,1,2.0
430,4,4.75
432,2,4.5
433,1,4.0
435,1,4.0
442,2,4.0
444,2,5.0
445,1,4.0
446,2,5.0
447,1,4.0
455,1,4.0
456,1,5.0
459,4,4.5
462,2,4.5
464,1,5.0
470,1,5.0
476,1,2.0
478,1,5.0
480,5,3.2
484,1,5.0
485,1,5.0
488,1,5.0
490,1,5.0
494,1,5.0
501,2,5.0
503,1,4.0
511,1,5.0
512,1,2.0
515,1,5.0
516,1,5.0
517,1,5.0
518,1,4.0
521,1,2.0
525,1,5.0
527,2,3.5
528,2,4.5
542,1,3.0
545,1,5.0
550,1,4.0
554,2,4.5
565,1,4.0
568,8,3.875
571,1,5.0
572,1,4.0
574,2,4.0
577,3,3.3333333333333335
580,1,5.0
581,2,5.0
583,3,4.666666666666667
584,1,4.0
585,3,5.0
590,1,5.0
594,1,5.0
595,1,3.0
597,2,5.0
603,2,3.0
620,1,2.0
621,2,4.5
625,1,1.0
627,3,5.0
630,1,5.0
633,2,4.0
636,1,5.0
637,1,5.0
638,2,4.0
640,1,5.0
646,1,4.0
648,1,3.0
649,1,5.0
652,1,4.0
655,3,4.333333333333333
656,4,4.0
657,3,4.333333333333333
659,1,5.0
664,2,4.0
667,4,3.75
669,1,5.0
678,1,3.0
679,1,5.0
683,3,5.0
688,1,2.0
689,4,3.0
690,1,4.0
691,1,5.0
694,3,4.666666666666667
697,2,4.0
698,1,5.0
706,2,4.0
708,2,4.5
716,2,5.0
718,2,4.5
720,1,5.0
724,1,5.0
726,1,5.0
727,3,4.0
728,1,4.0
733,5,4.2
736,2,4.5
739,1,4.0
740,3,5.0
741,3,4.666666666666667
742,2,3.0
743,1,3.0
745,1,4.0
746,1,4.0
747,1,3.0
748,1,4.0
750,2,5.0
752,1,3.0
753,1,5.0
759,1,1.0
761,8,4.375
762,1,4.0
766,2,4.0
767,3,5.0
768,1,3.0
770,1,5.0
773,1,5.0
775,1,1.0
776,1,4.0
778,1,4.0
780,4,4.75
781,3,4.333333333333333
782,1,5.0
793,3,4.333333333333333
799,1,5.0
800,1,4.0
804,1,4.0
807,4,4.5
810,2,4.5
812,1,5.0
817,1,5.0
823,3,3.3333333333333335
824,1,3.0
830,1,5.0
835,2,4.0
839,1,5.0
841,1,5.0
842,3,3.6666666666666665
843,1,5.0
844,1,5.0
845,5,3.6
849,1,3.0
850,1,4.0
851,1,3.0
857,1,3.0
858,2,5.0
864,1,1.0
865,1,3.0
868,1,2.0
870,1,1.0
873,2,5.0
874,1,5.0
877,1,3.0
878,2,3.5
880,2,4.0
882,1,3.0
885,3,3.6666666666666665
886,2,3.0
888,1,5.0
891,4,2.5
894,4,4.75
898,1,5.0
905,1,5.0
907,1,4.0
908,3,5.0
918,5,4.2
919,1,1.0
920,1,5.0
922,1,5.0
927,3,5.0
930,2,5.0
933,2,4.0
940,1,4.0
941,2,3.5
942,1,3.0
945,1,4.0
950,1,5.0
954,1,2.0
956,4,3.75
960,1,5.0
961,1,5.0
962,1,5.0
966,4,4.75
970,1,3.0
974,1,4.0
978,3,5.0
979,5,3.6
980,1,5.0
981,2,4.0
989,2,4.5
990,1,5.0
993,3,2.3333333333333335
995,1,5.0
999,1,5.0
1000,1,4.0
1002,1,1.0
1009,7,4.142857142857143
1011,1,4.0
1018,2,2.5
1030,2,5.0
1033,1,5.0
1035,1,3.0
1037,1,3.0
1041,2,4.5
1044,1,5.0
1048,2,5.0
1059,1,4.0
1060,1,4.0
1061,2,4.0
1062,2,4.0
1064,1,5.0
1065,1,4.0
1068,3,4.666666666666667
1074,2,3.5
1079,1,5.0
1083,4,4.75
1086,2,5.0
1088,19,4.105263157894737
1089,1,5.0
1094,1,4.0
1095,1,3.0
1097,1,5.0
1099,2,3.0
1101,1,5.0
1102,1,5.0
1103,3,4.666666666666667
1105,1,5.0
1107,1,4.0
1114,4,3.5
1115,1,5.0
1116,1,5.0
1117,1,5.0
1119,1,5.0
1122,2,4.0
1124,1,4.0
1127,1,2.0
1132,2,5.0
1137,1,5.0
1148,1,5.0
1150,2,5.0
1151,1,4.0
1152,4,4.25
1157,1,4.0
1161,1,4.0
1163,1,1.0
1169,1,1.0
1170,1,5.0
1171,2,5.0
1175,2,5.0
1180,1,5.0
1188,1,5.0
1190,1,5.0
1196,1,4.0
1202,1,3.0
1205,2,2.5
1206,1,5.0
1208,2,5.0
1210,1,4.0
1212,2,2.5
1214,2,4.5
1215,4,4.5
1216,4,3.5
1218,1,3.0
1219,1,5.0
1221,3,3.0
1222,1,5.0
1226,3,4.0
1228,5,5.0
1231,1,5.0
1232,1,4.0
1237,1,5.0
1240,1,4.0
1244,1,5.0
1245,1,4.0
1249,1,4.0
1252,2,4.5
1255,1,4.0
1257,1,4.0
1258,1,4.0
1265,3,2.6666666666666665
1269,1,5.0
1271,2,3.0
1274,1,1.0
1275,1,5.0
1278,1,5.0
1280,2,4.5
1281,1,5.0
1283,1,5.0
1286,1,4.0
1287,2,3.0
1288,3,4.666666666666667
1291,1,5.0
1292,1,5.0
1293,1,4.0
1296,1,4.0
1299,2,4.5
1301,1,3.0
1307,2,5.0
1310,1,3.0
1316,1,5.0
1318,1,3.0
1319,1,4.0
1320,2,5.0
1328,2,2.0
1329,1,4.0
1331,1,5.0
1332,1,4.0
1333,1,4.0
1334,1,5.0
1335,1,4.0
1341,1,1.0
1342,3,4.0
1343,2,3.0
1345,1,4.0
1346,1,5.0
1356,2,5.0
1358,2,3.0
1359,1,4.0
1362,1,4.0
1364,1,3.0
1366,1,5.0
1367,2,3.5
1368,2,3.0
1373,1,4.0
1374,2,3.0
1375,1,4.0
1377,2,4.5
1384,1,4.0
1387,1,4.0
1391,1,5.0
1396,1,4.0
1398,1,4.0
1401,1,5.0
1403,1,5.0
1406,1,1.0
1407,1,5.0
1410,1,3.0
1416,3,3.0
1418,1,5.0
1420,1,5.0
1423,1,5.0
1428,2,4.5
1433,2,4.0
1436,1,3.0
1440,2,5.0
1441,1,5.0
1445,1,5.0
1446,1,5.0
1448,5,4.4
1451,1,5.0
1452,5,3.2
1453,2,4.0
1456,2,4.0
1459,3,4.666666666666667
1460,1,4.0
1471,1,4.0
1473,1,1.0
1474,1,5.0
1478,2,2.5
1482,2,3.5
1485,1,3.0
1486,1,5.0
1492,1,4.0
1493,1,3.0
1495,3,4.333333333333333
1497,7,4.428571428571429
1501,1,5.0
1505,1,4.0
1508,1,4.0
1509,2,2.5
1511,4,5.0
1512,1,3.0
1521,2,5.0
1524,2,4.0
1526,1,4.0
1529,1,4.0
1531,1,5.0
1533,1,5.0
1535,1,1.0
1536,1,4.0
1537,3,4.0
1538,1,5.0
1539,1,4.0
1540,3,3.0
1545,1,5.0
1548,1,4.0
1555,2,5.0
1558,1,5.0
1561,2,5.0
1564,1,5.0
1568,2,4.5
1572,1,4.0
1573,5,3.8
1578,1,3.0
1583,1,5.0
1586,1,4.0
1587,1,5.0
1588,2,5.0
1589,1,1.0
1590,1,1.0
1594,2,5.0
1595,4,3.5
1599,1,5.0
1608,1,3.0
1609,2,4.5
1620,2,4.0
1623,1,4.0
1625,3,4.0
1634,1,5.0
1636,1,4.0
1638,5,5.0
1639,2,5.0
1645,1,5.0
1646,1,4.0
1647,1,4.0
1649,4,4.25
1659,1,5.0
1661,1,3.0
1664,1,4.0
1665,1,5.0
1666,5,4.6
1667,1,3.0
1672,1,3.0
1676,5,4.2
1678,1,5.0
1684,3,3.6666666666666665
1689,1,5.0
1692,1,5.0
1697,1,4.0
1698,3,4.0
1700,1,5.0
1701,2,5.0
1702,1,4.0
1707,1,4.0
1709,5,2.6
1710,1,5.0
1711,1,3.0
1713,1,3.0
1715,1,4.0
1720,2,3.0
1723,1,5.0
1724,2,4.5
1725,1,4.0
1728,1,4.0
1729,6,4.166666666666667
1737,1,5.0
1738,1,4.0
1747,3,4.666666666666667
1748,3,3.0
1754,3,2.6666666666666665
1755,1,4.0
1757,3,5.0
1760,1,5.0
1763,1,5.0
1766,1,4.0
1771,1,5.0
1780,1,4.0
1792,1,4.0
1798,1,4.0
1803,1,3.0
1810,5,4.6
1813,2,3.0
1817,1,3.0
1826,1,4.0
1827,3,4.333333333333333
1829,1,5.0
1830,1,5.0
1833,1,5.0
1835,2,5.0
1839,1,4.0
1842,1,4.0
1844,2,5.0
1845,4,5.0
1847,1,5.0
1850,1,3.0
1853,1,5.0
1867,1,4.0
1869,1,5.0
1871,1,5.0
1873,2,4.5
1878,3,4.0
1879,1,4.0
1886,1,2.0
1888,1,5.0
1889,1,4.0
1891,4,5.0
1896,1,5.0
1898,1,4.0
1900,5,4.4
1905,1,5.0
1909,1,2.0
1914,1,4.0
1917,1,4.0
1920,1,5.0
1921,1,4.0
1928,1,5.0
1929,1,4.0
1932,2,5.0
1936,1,5.0
1940,1,5.0
1941,18,4.0
1943,1,5.0
1945,2,4.0
1948,3,4.333333333333333
1952,1,5.0
1953,3,4.333333333333333
1962,1,5.0
1963,1,4.0
1965,1,4.0
1968,2,4.5
1972,1,5.0
1976,1,4.0
1986,4,3.75
1989,2,4.0
1992,2,2.5
1999,1,3.0
2002,1,3.0
2003,2,4.5
2011,3,3.6666666666666665
2012,1,5.0
2013,1,4.0
2014,2,5.0
2016,1,5.0
2017,1,3.0
2022,2,3.5
2024,1,4.0
2028,1,4.0
2029,1,5.0
2032,1,5.0
2033,2,4.0
2035,2,4.0
2039,3,4.333333333333333
2041,1,5.0
2046,1,5.0
2047,2,5.0
2049,2,5.0
2054,3,4.333333333333333
2055,1,5.0
2056,2,4.5
2061,2,3.5
2063,1,2.0
2066,1,5.0
2069,1,5.0
2071,1,4.0
2074,1,3.0
2082,2,4.0
2086,1,3.0
2089,1,5.0
2094,1,5.0
2097,2,4.5
2102,1,3.0
2105,1,5.0
2107,1,5.0
2108,3,4.666666666666667
2110,3,4.666666666666667
2113,1,1.0
2116,1,5.0
2118,2,4.0
2119,1,4.0
2121,1,4.0
2125,1,4.0
2126,1,4.0
2129,2,5.0
2130,1,5.0
2131,3,2.6666666666666665
2138,1,3.0
2139,2,4.5
2149,1,4.0
2155,2,5.0
2157,1,3.0
2158,1,3.0
2159,1,4.0
2163,3,4.333333333333333
2171,1,5.0
2179,1,5.0
2184,1,5.0
2197,2,4.5
2198,2,2.0
2199,1,5.0
2206,1,4.0
2210,1,5.0
2212,1,5.0
2218,2,3.5
2221,5,2.6
2223,1,4.0
2227,1,4.0
2228,3,4.666666666666667
2236,2,5.0
2237,1,4.0
2240,2,5.0
2243,1,5.0
2250,1,4.0
2251,1,5.0
2252,1,5.0
2253,1,4.0
2256,3,5.0
2259,3,4.333333333333333
2263,2,4.0
2264,1,5.0
2267,2,5.0
2268,1,5.0
2273,1,4.0
2277,3,4.0
2279,1,3.0
2281,2,4.5
2283,1,5.0
2289,1,4.0
2294,1,4.0
2298,2,5.0
2303,2,3.5
2304,3,4.0
2307,2,4.0
2308,1,5.0
2309,1,5.0
2317,2,5.0
2318,2,5.0
2322,2,4.0
2324,5,4.4
2326,1,5.0
2331,1,4.0
2336,2,4.0
2338,1,5.0
2339,1,4.0
2347,1,5.0
2356,2,3.5
2357,1,4.0
2358,1,5.0
2373,1,5.0
2374,1,5.0
2377,1,4.0
2379,2,5.0
2382,1,4.0
2384,2,5.0
2387,1,5.0
2389,2,5.0
2390,1,5.0
2393,1,5.0
2395,1,5.0
2401,1,5.0
2405,1,5.0
2406,1,4.0
2414,1,3.0
2418,1,3.0
2422,3,4.333333333333333
2424,1,3.0
2425,1,5.0
2435,1,5.0
2436,1,5.0
2438,7,3.4285714285714284
2448,3,4.666666666666667
2449,2,4.5
2463,1,5.0
2476,1,4.0
2478,1,5.0
2480,2,3.0
2481,1,3.0
2482,1,4.0
2485,1,5.0
2487,2,4.0
2489,1,5.0
2491,1,4.0
2493,1,4.0
2494,9,3.6666666666666665
2498,1,5.0
2500,3,4.333333333333333
2503,2,4.5
2507,1,5.0
2510,3,5.0
2511,4,3.5
2512,1,4.0
2517,2,3.0
2518,1,5.0
2519,2,4.0
2526,5,4.0
2532,1,4.0
2535,1,4.0
2538,1,1.0
2542,2,4.5
2543,1,4.0
2547,2,4.0
2552,1,1.0
2553,1,5.0
2565,1,5.0
2569,1,4.0
2570,1,1.0
2573,1,2.0
2579,2,4.5
2580,1,4.0
2584,1,4.0
2585,1,5.0
2586,1,5.0
2589,1,5.0
2595,3,5.0
2598,2,3.5
2603,1,5.0
2604,1,4.0
2607,1,4.0
2609,1,5.0
2613,1,5.0
2615,1,5.0
2616,1,5.0
2618,1,4.0
2621,1,5.0
2623,1,3.0
2624,1,5.0
2626,1,4.0
2634,4,4.25
2636,1,5.0
2637,1,2.0
2639,1,5.0
2642,2,4.0
2644,1,5.0
2646,2,5.0
2648,1,5.0
2650,1,5.0
2658,1,5.0
2666,4,4.0
2667,1,4.0
2674,2,4.0
2675,1,5.0
2677,3,4.0
2678,2,4.0
2685,1,3.0
2688,3,4.666666666666667
2689,1,5.0
2691,1,5.0
2692,1,4.0
2694,1,4.0
2698,3,4.0
2699,3,4.0
2700,3,4.333333333333333
2705,2,5.0
2707,1,4.0
2713,1,5.0
2718,1,5.0
2721,1,5.0
2722,1,5.0
2723,1,5.0
2725,1,5.0
2726,1,5.0
2733,1,4.0
2734,1,5.0
2741,2,4.0
2745,3,4.333333333333333
2749,3,3.3333333333333335
2751,1,5.0
2753,1,5.0
2756,1,3.0
2761,1,4.0
2764,3,2.0
2776,2,5.0
2779,1,5.0
2784,2,4.5
2787,1,5.0
2790,1,4.0
2794,1,5.0
2797,1,4.0
2800,1,5.0
2808,3,4.666666666666667
2815,2,4.0
2817,1,5.0
2823,2,3.5
2829,1,4.0
2831,1,5.0
2833,1,5.0
2834,2,5.0
2846,2,4.0
2854,3,4.333333333333333
2856,2,5.0
2858,1,4.0
2859,2,3.0
2868,8,4.125
2870,2,4.0
2872,5,4.4
2876,2,4.0
2878,1,5.0
2881,2,2.5
2893,2,5.0
2896,2,4.0
2897,2,4.0
2903,1,5.0
2907,2,3.5
2909,2,3.0
2923,1,4.0
2928,3,3.6666666666666665
2929,1,5.0
2930,1,4.0
2931,1,5.0
2933,1,4.0
2937,2,3.0
2938,1,5.0
2939,1,4.0
2940,1,3.0
2949,4,3.25
2957,2,5.0
2958,1,5.0
2960,4,4.25
2962,1,5.0
2964,1,5.0
2966,1,5.0
2967,1,4.0
2970,3,5.0
2973,5,3.6
2975,1,4.0
2976,2,5.0
2979,1,5.0
2984,3,5.0
2985,1,5.0
2988,1,4.0
2990,1,5.0
2993,1,4.0
2996,2,5.0
2997,1,5.0
2998,4,4.75
2999,2,4.0
3000,1,5.0
3003,1,3.0
3004,1,3.0
3010,2,4.5
3011,2,4.5
3012,1,5.0
3018,1,5.0
3020,1,4.0
3025,1,5.0
3027,1,1.0
3033,1,5.0
3034,1,5.0
3035,5,3.2
3038,1,4.0
3040,1,1.0
3042,1,4.0
3043,1,4.0
3048,1,1.0
3049,2,3.5
3056,1,4.0
3061,1,5.0
3062,2,3.5
3064,1,3.0
3067,1,5.0
3070,1,4.0
3071,1,4.0
3074,1,5.0
3077,1,5.0
3080,2,4.0
3082,1,5.0
3088,2,4.5
3089,1,5.0
3093,1,4.0
3100,1,4.0
3101,1,3.0
3106,1,5.0
3107,1,5.0
3108,3,4.333333333333333
3111,3,4.666666666666667
3117,1,4.0
3127,1,4.0
3134,1,4.0
3136,1,5.0
3142,1,5.0
3143,2,1.0
3146,2,4.0
3147,1,4.0
3148,1,3.0
3150,3,3.6666666666666665
3158,1,5.0
3159,1,4.0
3161,1,5.0
3163,1,5.0
3164,1,5.0
3165,2,2.0
3170,1,5.0
3174,1,4.0
3181,1,5.0
3182,1,5.0
3183,2,3.0
3185,1,4.0
3190,3,3.3333333333333335
3191,6,3.5
3198,1,5.0
3199,1,3.0
3200,6,5.0
3202,1,4.0
3205,2,4.5
3208,1,5.0
3218,2,3.0
3219,1,5.0
3222,6,4.333333333333333
3235,1,5.0
3236,1,3.0
3237,2,4.5
3238,2,4.0
3247,1,4.0
3249,2,5.0
3251,2,5.0
3252,1,4.0
3254,2,2.5
3255,1,4.0
3259,1,2.0
3260,2,4.5
3265,1,5.0
3270,2,4.0
3272,1,4.0
3275,2,3.0
3282,2,4.5
3283,1,5.0
3296,1,5.0
3304,2,4.5
3307,1,5.0
3310,2,4.5
3315,1,4.0
3319,1,5.0
3320,2,5.0
3322,1,4.0
3326,2,2.0
3327,1,4.0
3328,3,4.666666666666667
3329,2,5.0
3332,1,2.0
3334,1,3.0
3339,7,4.285714285714286
3341,1,4.0
3342,2,4.0
3345,1,3.0
3348,1,4.0
3353,2,5.0
3358,1,3.0
3361,1,5.0
3362,1,5.0
3363,1,4.0
3367,3,4.0
3368,1,5.0
3369,1,5.0
3373,1,4.0
3374,1,3.0
3376,1,5.0
3378,2,5.0
3384,1,3.0
3386,3,3.6666666666666665
3387,7,4.285714285714286
3388,2,5.0
3390,2,5.0
3401,1,5.0
3402,6,4.5
3403,1,4.0
3409,1,5.0
3413,1,3.0
3414,1,5.0
3415,2,4.5
3416,1,5.0
3418,1,2.0
3420,1,5.0
3423,1,2.0
3425,1,1.0
3430,1,4.0
3431,2,4.5
3432,2,3.5
3441,2,5.0
3445,1,5.0
3447,2,4.0
3448,1,5.0
3450,1,5.0
3455,2,4.5
3456,4,3.75
3457,1,4.0
3458,2,5.0
3460,1,2.0
3461,2,4.0
3464,1,5.0
3465,1,5.0
3466,3,4.333333333333333
3467,1,5.0
3468,2,5.0
3473,4,4.75
3479,2,4.5
3487,5,4.0
3488,1,3.0
3491,1,5.0
3499,3,4.0
3510,1,4.0
3514,3,4.0
3517,2,5.0
3520,1,4.0
3521,1,4.0
3522,2,5.0
3531,1,4.0
3534,1,5.0
3541,2,4.0
3543,1,4.0
3545,2,5.0
3547,1,5.0
3552,12,4.833333333333333
3557,1,5.0
3559,1,4.0
3564,1,4.0
3566,1,4.0
3568,2,5.0
3570,2,4.0
3577,1,5.0
3583,1,5.0
3585,5,4.2
3589,2,5.0
3591,1,5.0
3592,2,3.0
3594,2,2.5
3596,2,5.0
3598,1,5.0
3607,1,5.0
3608,1,5.0
3609,1,5.0
3614,2,3.5
3615,1,4.0
3616,1,4.0
3617,1,4.0
3619,2,4.0
3623,1,3.0
3627,1,4.0
3630,1,3.0
3632,4,4.5
3638,1,5.0
3643,3,3.6666666666666665
3648,1,5.0
3653,1,4.0
3655,1,5.0
3658,1,4.0
3660,2,5.0
3663,3,5.0
3664,1,4.0
3666,1,5.0
3668,1,5.0
3669,4,4.25
3671,2,2.5
3673,2,4.5
3674,1,3.0
3675,1,5.0
3677,1,3.0
3679,1,5.0
3680,2,4.0
3684,1,4.0
3685,3,4.0
3688,1,5.0
3692,1,5.0
3693,3,3.3333333333333335
3695,2,4.0
3697,2,3.5
3698,2,3.5
3699,2,5.0
3702,1,5.0
3709,1,5.0
3711,1,4.0
3712,1,3.0
3718,3,4.333333333333333
3719,1,5.0
3721,1,5.0
3722,3,4.666666666666667
3725,1,1.0
3728,1,5.0
3732,1,5.0
3735,1,4.0
3736,2,3.5
3741,1,4.0
3744,1,5.0
3745,5,3.2
3750,2,3.5
3752,1,4.0
3754,2,4.5
3756,1,5.0
3758,3,4.333333333333333
3759,1,5.0
3760,1,5.0
3763,1,5.0
3767,1,4.0
3768,2,3.5
3771,1,5.0
3773,2,5.0
3774,3,3.6666666666666665
3775,1,5.0
3777,2,5.0
3783,2,4.5
3785,1,3.0
3788,1,3.0
3793,1,2.0
3797,2,4.0
3798,1,4.0
3802,4,3.5
3803,1,5.0
3807,2,3.0
3811,2,1.0
3814,1,3.0
3815,1,4.0
3816,2,5.0
3820,2,3.0
3821,1,4.0
3822,1,5.0
3826,1,2.0
3829,1,4.0
3832,3,4.0
3840,1,4.0
3850,7,4.285714285714286
3853,1,2.0
3854,1,4.0
3856,1,3.0
3857,1,3.0
3864,1,5.0
3875,1,5.0
3877,1,5.0
3885,2,5.0
3890,2,4.5
3891,1,5.0
3896,1,4.0
3897,2,5.0
3898,1,5.0
3901,1,5.0
3907,2,4.0
3908,1,5.0
3910,1,4.0
3912,4,4.0
3919,2,5.0
3922,3,3.6666666666666665
3923,1,4.0
3924,1,2.0
3928,3,4.666666666666667
3936,1,5.0
3937,3,4.0
3938,1,5.0
3942,1,5.0
3948,1,5.0
3949,1,4.0
3951,1,5.0
3954,1,4.0
3955,1,5.0
3957,1,4.0
3958,1,4.0
3961,1,4.0
3963,3,4.333333333333333
3965,1,5.0
3967,1,4.0
3968,2,5.0
3973,2,2.0
3983,1,3.0
3984,1,5.0
3993,2,2.5
3996,1,4.0
4003,2,4.5
4015,1,4.0
4025,8,4.125
4033,1,4.0
4034,15,4.8
4041,1,5.0
4043,1,4.0
4047,2,4.0
4050,1,4.0
4051,4,4.75
4053,2,4.0
4054,2,4.5
4055,1,4.0
4059,1,5.0
4061,2,3.5
4063,2,4.0
4065,3,5.0
4068,3,3.6666666666666665
4071,1,1.0
4072,1,1.0
4081,1,3.0
4082,1,5.0
4084,2,5.0
4086,1,3.0
4091,1,4.0
4095,1,5.0
4098,1,5.0
4099,1,3.0
4100,1,5.0
4103,1,3.0
4104,1,5.0
4105,5,4.8
4107,2,2.0
4108,1,4.0
4110,1,2.0
4113,2,4.5
4117,3,4.0
4118,1,5.0
4119,2,3.5
4120,1,5.0
4123,1,5.0
4128,1,5.0
4134,1,5.0
4135,1,2.0
4143,1,5.0
4146,1,4.0
4147,1,4.0
4153,3,4.0
4159,1,1.0
4162,1,5.0
4167,1,4.0
4171,2,5.0
4179,1,4.0
4180,1,2.0
4182,1,4.0
4189,3,5.0
4191,1,4.0
4195,1,5.0
4196,1,5.0
4198,2,4.5
4199,2,4.0
4203,1,5.0
4204,1,5.0
4205,1,5.0
4206,2,4.5
4217,3,4.0
4218,1,4.0
4222,1,3.0
4231,1,4.0
4235,1,3.0
4241,2,5.0
4247,1,5.0
4254,1,5.0
4255,1,5.0
4258,2,3.5
4259,1,4.0
4260,2,5.0
4261,1,4.0
4262,1,5.0
4263,2,5.0
4273,1,2.0
4274,2,5.0
4275,2,5.0
4276,1,4.0
4277,2,3.5
4278,2,4.5
4282,1,5.0
4283,2,5.0
4284,3,4.666666666666667
4295,1,5.0
4296,2,4.5
4297,1,4.0
4299,1,4.0
4305,1,4.0
4307,1,4.0
4309,1,5.0
4311,1,5.0
4317,1,4.0
4318,1,3.0
4319,1,4.0
4322,2,5.0
4323,1,4.0
4324,3,2.6666666666666665
4326,1,5.0
4331,1,4.0
4337,1,5.0
4339,3,5.0
4340,1,4.0
4344,1,5.0
4349,1,5.0
4350,3,4.0
4357,2,3.0
4362,1,4.0
4366,2,5.0
4367,1,3.0
4368,2,3.5
4371,4,4.5
4372,1,5.0
4373,4,3.0
4375,1,5.0
4376,3,3.3333333333333335
4377,2,4.5
4378,1,4.0
4382,1,5.0
4388,1,4.0
4390,7,3.2857142857142856
4391,1,3.0
4397,1,5.0
4398,2,3.5
4401,1,4.0
4410,3,4.666666666666667
4422,1,5.0
4423,1,5.0
4424,1,4.0
4426,1,5.0
4427,1,4.0
4428,2,4.0
4430,1,5.0
4431,2,3.0
4436,1,4.0
4437,1,4.0
4440,3,4.666666666666667
4449,2,5.0
4453,1,5.0
4456,1,2.0
4459,1,5.0
4462,6,4.333333333333333
4470,1,4.0
4472,1,5.0
4473,2,2.5
4478,1,5.0
4479,2,5.0
4480,1,5.0
4486,1,5.0
4491,3,4.0
4493,1,4.0
4494,2,4.0
4495,1,5.0
4499,1,5.0
4500,3,3.0
4506,2,4.5
4507,1,4.0
4514,1,5.0
4516,1,3.0
4517,2,4.5
4532,1,5.0
4533,1,4.0
4534,1,2.0
4535,2,4.0
4539,2,5.0
4546,2,3.5
4547,1,5.0
4549,1,5.0
4551,1,2.0
4553,3,5.0
4554,3,3.6666666666666665
4555,1,4.0
4560,2,5.0
4561,1,5.0
4569,1,2.0
4570,1,5.0
4573,1,3.0
4576,3,4.333333333333333
4581,1,4.0
4583,1,2.0
4584,1,5.0
4585,2,4.0
4593,1,4.0
4596,2,3.0
4597,5,4.6
4599,1,2.0
4602,1,4.0
4611,1,4.0
4612,1,3.0
4616,1,5.0
4627,3,2.6666666666666665
4630,1,2.0
4632,1,5.0
4633,1,4.0
4634,2,3.0
4635,4,4.25
4638,1,5.0
4640,2,4.5
4641,1,5.0
4642,3,4.666666666666667
4643,1,4.0
4647,1,4.0
4650,1,4.0
4653,1,5.0
4657,1,5.0
4660,2,3.0
4661,3,3.6666666666666665
4662,2,4.0
4669,1,5.0
4671,2,4.5
4677,2,4.5
4678,1,4.0
4680,2,5.0
4683,1,4.0
4688,2,5.0
4689,3,4.666666666666667
4691,2,5.0
4692,1,5.0
4702,2,2.5
4703,2,5.0
4704,1,3.0
4714,1,4.0
4716,3,3.3333333333333335
4721,1,4.0
4723,1,3.0
4729,4,3.5
4730,1,4.0
4731,1,4.0
4733,1,3.0
4737,1,5.0
4739,1,5.0
4740,1,5.0
4747,3,3.6666666666666665
4748,1,5.0
4750,1,2.0
4754,1,5.0
4755,3,4.666666666666667
4759,1,5.0
4762,1,4.0
4764,2,5.0
4766,2,4.0
4768,2,4.5
4772,1,4.0
4774,2,3.5
4776,1,4.0
4778,1,4.0
4780,2,3.5
4781,1,5.0
4783,1,5.0
4785,1,5.0
4786,3,4.666666666666667
4787,1,5.0
4789,2,5.0
4797,2,4.0
4800,1,5.0
4801,1,2.0
4804,2,5.0
4807,1,5.0
4809,2,5.0
4812,2,2.0
4813,1,2.0
4817,2,4.0
4819,1,4.0
4822,2,4.5
4823,1,4.0
4825,1,5.0
4826,1,4.0
4835,3,4.333333333333333
4839,1,4.0
4840,1,3.0
4844,3,4.333333333333333
4846,3,4.0
4848,1,4.0
4852,4,4.25
4854,1,5.0
4856,1,3.0
4861,3,4.333333333333333
4866,1,3.0
4867,2,4.0
4879,5,4.6
4880,1,5.0
4885,2,4.5
4886,1,5.0
4887,1,2.0
4892,1,3.0
4893,1,5.0
4895,2,4.0
4896,1,4.0
4900,1,4.0
4902,1,4.0
4903,3,4.333333333333333
4906,4,4.5
4907,1,5.0
4909,1,5.0
4911,1,5.0
4913,4,5.0
4917,2,3.5
4918,1,4.0
4921,1,4.0
4932,1,5.0
4933,2,3.5
4935,1,5.0
4936,1,5.0
4941,2,4.5
4942,1,3.0
4943,1,4.0
4946,1,5.0
4948,1,3.0
4949,1,3.0
4950,1,5.0
4953,1,5.0
4955,1,5.0
4957,1,4.0
4959,1,5.0
4960,1,3.0
4964,2,4.5
4966,1,4.0
4968,1,4.0
4969,1,5.0
4970,1,4.0
4977,3,4.0
4979,5,4.0
4981,3,4.666666666666667
4982,2,3.5
4984,3,4.333333333333333
4991,1,2.0
4994,1,1.0
4995,1,3.0
4996,7,4.857142857142857
5001,1,4.0
5007,2,3.5
5013,1,5.0
5014,3,4.333333333333333
5016,4,4.5
5019,2,4.5
5020,1,4.0
5021,6,4.0
5022,2,4.5
5030,4,4.0
5038,1,5.0
5039,1,5.0
5040,1,4.0
5046,1,3.0
5049,14,4.0
5052,3,3.0
5055,1,5.0
5056,1,4.0
5065,3,5.0
5067,2,4.0
5070,1,5.0
5071,1,5.0
5074,2,5.0
5076,1,3.0
5078,3,4.0
5080,5,4.8
5081,1,5.0
5082,1,2.0
5085,1,4.0
5089,1,5.0
5091,1,4.0
5094,1,5.0
5096,1,5.0
5097,1,4.0
5101,3,3.6666666666666665
5111,4,4.25
5112,1,5.0
5113,1,5.0
5121,1,4.0
5128,1,3.0
5133,1,5.0
5135,1,5.0
5137,1,5.0
5138,1,5.0
5140,2,2.5
5143,1,5.0
5145,1,3.0
5147,1,3.0
5154,1,4.0
5155,10,4.3
5158,1,1.0
5160,1,5.0
5161,3,3.3333333333333335
5163,2,4.5
5169,2,5.0
5172,2,4.0
5179,1,4.0
5183,1,2.0
5188,1,4.0
5189,1,3.0
5190,1,5.0
5205,2,4.0
5207,1,5.0
5210,1,5.0
5211,2,5.0
5213,1,5.0
5215,1,4.0
5222,1,4.0
5225,1,5.0
5232,1,5.0
5234,1,3.0
5236,1,5.0
5237,1,5.0
5246,1,4.0
5257,1,5.0
5260,3,3.3333333333333335
5265,4,4.25
5267,1,3.0
5274,1,5.0
5275,2,5.0
5280,1,5.0
5284,3,4.0
5288,2,5.0
5290,1,5.0
5295,1,5.0
5300,3,4.0
5304,3,5.0
5305,1,5.0
5306,3,3.0
5307,1,3.0
5308,1,5.0
5311,3,4.0
5316,1,4.0
5318,3,3.6666666666666665
5320,4,4.0
5323,1,4.0
5325,1,5.0
5326,2,3.5
5328,1,4.0
5329,1,4.0
5330,1,5.0
5331,1,2.0
5342,1,3.0
5346,2,5.0
5348,1,3.0
5350,2,5.0
5353,1,5.0
5358,1,5.0
5361,1,5.0
5369,1,4.0
5371,1,5.0
5376,1,5.0
5377,1,4.0
5378,3,4.333333333333333
5380,2,4.0
5386,1,3.0
5387,2,4.5
5388,2,3.0
5390,1,5.0
5391,1,5.0
5393,2,4.0
5395,1,5.0
5396,3,4.666666666666667
5403,1,4.0
5407,2,4.0
5408,1,4.0
5418,1,5.0
5419,1,5.0
5422,2,5.0
5429,3,4.0
5430,1,5.0
5435,2,3.0
5436,1,4.0
5439,1,4.0
5444,2,4.5
5446,1,4.0
5450,1,5.0
5451,1,4.0
5454,1,3.0
5457,2,4.5
5459,1,3.0
5466,3,5.0
5469,4,3.75
5473,1,5.0
5484,2,4.0
5487,2,4.0
5490,2,2.0
5492,1,4.0
5493,1,3.0
5497,1,4.0
5498,1,1.0
5502,1,4.0
5503,1,2.0
5504,5,4.0
5506,2,4.0
5507,1,4.0
5508,1,5.0
5512,1,5.0
5515,6,4.0
5522,1,5.0
5529,1,4.0
5534,1,5.0
5535,1,5.0
5536,1,4.0
5543,2,4.5
5544,1,5.0
5546,1,5.0
5551,5,3.4
5553,3,3.3333333333333335
5563,1,4.0
5564,1,4.0
5566,1,1.0
5568,3,4.0
5570,1,4.0
5572,1,4.0
5573,1,4.0
5574,1,4.0
5578,5,4.0
5579,2,5.0
5583,1,5.0
5584,2,4.0
5591,1,4.0
5592,2,5.0
5596,2,5.0
5602,2,5.0
5604,1,5.0
5605,2,4.5
5608,1,5.0
5610,1,3.0
5617,2,4.5
5619,4,3.75
5626,3,4.0
5628,1,5.0
5636,1,5.0
5638,1,5.0
5639,2,3.0
5646,1,4.0
5648,1,5.0
5649,2,5.0
5651,3,5.0
5653,1,4.0
5654,1,5.0
5657,2,4.5
5658,1,5.0
5659,1,4.0
5661,1,5.0
5669,1,5.0
5670,1,4.0
5672,2,4.0
5681,1,5.0
5683,1,4.0
5686,1,1.0
5687,4,5.0
5693,1,5.0
5707,1,4.0
5711,2,3.0
5712,1,3.0
5713,1,2.0
5715,1,5.0
5716,2,5.0
5717,1,3.0
5718,2,4.0
5720,2,5.0
5721,1,5.0
5725,1,5.0
5730,1,4.0
5732,2,5.0
5735,1,5.0
5736,1,4.0
5737,2,4.0
5741,1,3.0
5749,1,4.0
5756,1,4.0
5757,5,5.0
5758,10,4.5
5759,2,4.0
5761,2,4.5
5764,3,4.666666666666667
5765,1,3.0
5770,3,5.0
5779,1,5.0
5783,2,3.0
5789,2,5.0
5790,1,1.0
5791,1,4.0
5792,2,3.5
5798,2,4.0
5800,3,3.6666666666666665
5802,2,4.5
5809,1,4.0
5811,3,4.333333333333333
5814,1,4.0
5819,1,4.0
5825,1,2.0
5830,1,5.0
5832,1,3.0
5834,1,4.0
5837,2,3.5
5843,2,4.0
5847,1,3.0
5854,1,5.0
5857,3,4.666666666666667
5858,2,5.0
5859,1,4.0
5866,1,5.0
5875,1,4.0
5876,1,4.0
5882,1,4.0
5883,1,5.0
5885,2,4.5
5889,2,5.0
5891,3,5.0
5893,1,3.0
5894,1,3.0
5895,1,3.0
5897,1,5.0
5898,4,3.75
5903,2,5.0
5905,1,4.0
5908,1,3.0
5909,1,4.0
5913,1,5.0
5919,1,3.0
5922,1,4.0
5923,4,4.5
5931,2,4.5
5933,1,5.0
5935,2,4.0
5936,2,4.5
5938,1,3.0
5941,1,5.0
5949,1,4.0
5951,2,5.0
5956,1,5.0
5957,2,4.0
5960,2,3.5
5961,1,3.0
5968,1,5.0
5970,1,5.0
5971,1,5.0
5987,1,5.0
5988,1,3.0
5990,1,4.0
5992,3,5.0
5994,1,2.0
6003,1,5.0
6009,1,4.0
6018,1,4.0
6020,2,4.0
6022,1,5.0
6026,2,3.5
6028,1,5.0
6029,1,5.0
6030,1,4.0
6032,2,5.0
6035,1,4.0
6036,1,5.0
6038,1,5.0
6041,2,4.5
6045,1,5.0
6046,1,3.0
6050,9,4.444444444444445
6051,1,5.0
6053,2,5.0
6057,9,4.444444444444445
6058,2,4.0
6065,1,5.0
6070,2,2.5
6071,1,4.0
6072,2,4.5
6073,1,5.0
6075,2,4.5
6077,1,5.0
6083,4,3.75
6087,2,3.0
6088,1,5.0
6091,1,3.0
6096,1,5.0
6098,1,3.0
6099,1,5.0
6103,1,4.0
6105,2,3.5
6108,2,3.0
6111,1,5.0
6118,2,3.5
6120,3,4.333333333333333
6129,2,5.0
6130,3,4.666666666666667
6131,1,5.0
6134,1,5.0
6136,1,4.0
6137,2,5.0
6140,2,4.5
6141,1,4.0
6143,1,5.0
6145,7,3.2857142857142856
6146,1,4.0
6148,1,4.0
6163,1,5.0
6166,2,3.5
6173,1,4.0
6176,2,4.0
6181,2,4.0
6185,1,4.0
6187,2,5.0
6188,1,3.0
6189,1,4.0
6192,1,3.0
6196,1,5.0
6198,2,5.0
6202,2,4.0
6207,1,5.0
6209,2,3.0
6212,1,5.0
6218,2,4.0
6221,1,4.0
6225,3,3.6666666666666665
6226,1,4.0
6229,1,4.0
6233,1,5.0
6238,1,4.0
6240,1,5.0
6241,1,5.0
6244,1,4.0
6247,1,4.0
6251,3,4.333333333333333
6252,3,4.666666666666667
6253,1,3.0
6255,1,4.0
6256,2,4.5
6261,4,3.25
6264,1,5.0
6265,1,4.0
6266,1,4.0
6267,2,4.5
6268,1,5.0
6270,1,4.0
6271,1,5.0
6274,1,5.0
6280,3,5.0
6291,1,4.0
6292,1,4.0
6293,2,3.5
6297,1,2.0
6299,1,5.0
6315,1,5.0
6317,1,4.0
6319,1,5.0
6327,2,5.0
6333,1,3.0
6338,1,5.0
6350,3,3.0
6355,1,5.0
6359,1,5.0
6367,2,5.0
6369,1,5.0
6371,3,4.0
6374,3,4.666666666666667
6375,2,5.0
6376,1,5.0
6377,1,4.0
6379,2,5.0
6384,3,5.0
6389,1,4.0
6394,1,2.0
6395,1,5.0
6396,4,4.0
6399,1,5.0
6401,4,3.75
6403,2,4.0
6412,2,5.0
6413,2,4.0
6414,3,5.0
6416,1,3.0
6417,1,3.0
6420,1,5.0
6421,2,4.0
6425,1,4.0
6429,2,4.0
6432,6,4.333333333333333
6438,1,3.0
6439,1,4.0
6442,1,4.0
6444,1,3.0
6446,1,5.0
6451,1,3.0
6456,2,3.0
6458,1,4.0
6460,3,4.333333333333333
6462,1,4.0
6463,5,3.2
6464,2,4.0
6467,1,4.0
6468,3,5.0
6470,1,4.0
6479,2,4.0
6481,1,4.0
6482,1,5.0
6485,3,5.0
6486,1,5.0
6489,1,4.0
6491,2,5.0
6492,1,4.0
6494,2,4.0
6497,7,5.0
6503,1,4.0
6504,2,4.0
6506,5,4.2
6509,2,4.0
6510,1,5.0
6518,4,4.0
6519,1,5.0
6520,1,4.0
6521,1,5.0
6522,1,2.0
6525,1,5.0
6527,1,4.0
6529,1,4.0
6534,1,5.0
6537,1,5.0
6539,1,3.0
6540,2,4.0
6544,1,5.0
6552,3,4.333333333333333
6553,1,5.0
6554,5,3.6
6555,2,2.5
6557,5,4.8
6561,1,4.0
6568,1,4.0
6571,2,4.5
6574,1,5.0
6578,1,5.0
6581,3,5.0
6593,1,5.0
6601,1,5.0
6604,1,2.0
6606,3,4.0
6624,2,4.5
6625,4,4.0
6628,1,4.0
6631,2,4.5
6632,2,4.0
6639,2,3.5
6641,1,3.0
6646,1,5.0
6648,1,5.0
6649,3,4.0
6650,1,5.0
6652,1,4.0
6653,3,5.0
6656,1,3.0
6657,1,4.0
6658,4,4.5
6670,5,4.4
6671,2,5.0
6672,3,4.0
6674,1,5.0
6678,1,4.0
6680,1,4.0
6681,1,5.0
6683,2,4.0
6693,1,5.0
6695,2,4.5
6697,4,3.25
6698,1,3.0
6699,2,4.0
6702,1,3.0
6703,2,3.5
6704,1,4.0
6712,6,4.666666666666667
6714,2,5.0
6719,1,3.0
6725,2,5.0
6730,2,4.0
6731,1,4.0
6733,1,5.0
6741,1,5.0
6742,1,5.0
6743,4,4.25
6748,1,5.0
6751,1,5.0
6755,3,5.0
6756,1,5.0
6758,2,5.0
6766,2,4.5
6768,1,5.0
6771,5,4.6
6772,1,4.0
6773,2,3.5
6784,1,3.0
6786,1,4.0
6793,1,5.0
6797,1,5.0
6798,1,5.0
6800,1,4.0
6804,1,5.0
6810,2,2.5
6812,2,5.0
6815,1,1.0
6819,1,4.0
6823,2,4.5
6828,1,4.0
6830,2,4.5
6840,2,4.5
6846,2,5.0
6847,2,4.0
6851,1,4.0
6853,2,4.5
6855,1,5.0
6858,1,3.0
6867,1,5.0
6871,1,3.0
6875,1,5.0
6881,3,5.0
6882,5,4.8
6886,1,5.0
6891,4,4.75
6893,1,5.0
6897,1,4.0
6906,1,5.0
6912,1,3.0
6913,3,3.3333333333333335
6915,1,3.0
6919,1,5.0
6922,1,4.0
6931,1,5.0
6933,2,4.5
6937,1,5.0
6939,1,3.0
6942,1,4.0
6945,1,4.0
6952,1,4.0
6963,1,5.0
6964,2,4.5
6969,2,5.0
6972,3,4.666666666666667
6975,1,4.0
6976,4,5.0
6977,1,3.0
6980,1,5.0
6987,2,4.0
6988,2,5.0
6990,1,5.0
6993,1,4.0
6996,2,4.5
7002,1,5.0
7004,1,5.0
7005,1,5.0
7009,1,2.0
7015,3,4.333333333333333
7017,2,3.0
7020,1,4.0
7022,1,5.0
7024,5,4.6
7026,1,3.0
7029,5,4.4
7036,1,4.0
7037,1,5.0
7041,2,4.0
7044,1,4.0
7046,1,5.0
7047,2,5.0
7051,1,3.0
7054,1,5.0
7058,1,5.0
7059,2,4.0
7060,1,5.0
7063,1,4.0
7065,1,5.0
7066,2,5.0
7075,1,5.0
7082,1,4.0
7087,1,5.0
7101,1,5.0
7107,4,4.0
7110,3,3.6666666666666665
7114,1,4.0
7120,1,3.0
7122,1,5.0
7127,1,5.0
7129,1,5.0
7136,2,3.0
7141,1,4.0
7149,1,5.0
7150,2,5.0
7155,2,4.0
7156,3,4.333333333333333
7157,1,5.0
7161,2,4.5
7166,3,4.666666666666667
7169,1,5.0
7172,1,5.0
7173,1,2.0
7175,2,5.0
7180,1,4.0
7181,1,5.0
7182,1,5.0
7184,1,4.0
7186,1,5.0
7187,1,2.0
7189,3,4.333333333333333
7191,2,5.0
7195,1,3.0
7199,2,5.0
7202,3,3.6666666666666665
7203,2,4.0
7206,1,5.0
7209,1,3.0
7214,1,5.0
7215,1,2.0
7223,3,3.6666666666666665
7235,2,4.0
7237,1,5.0
7238,1,3.0
7239,1,5.0
7244,1,4.0
7246,4,4.5
7255,1,4.0
7260,1,4.0
7261,1,5.0
7265,1,5.0
7268,2,5.0
7275,1,3.0
7276,4,4.25
7277,1,4.0
7279,1,5.0
7293,1,3.0
7306,1,4.0
7308,1,5.0
7310,1,5.0
7311,1,4.0
7315,1,4.0
7320,1,4.0
7325,1,5.0
7328,1,5.0
7334,2,3.0
7335,1,5.0
7337,3,4.666666666666667
7339,2,3.5
7341,1,3.0
7343,1,3.0
7347,1,4.0
7348,2,4.0
7351,1,5.0
7362,1,2.0
7365,2,5.0
7366,2,5.0
7368,1,3.0
7372,2,4.0
7376,1,3.0
7379,1,3.0
7380,1,5.0
7391,1,5.0
7394,1,4.0
7395,1,5.0
7399,1,3.0
7407,3,5.0
7412,1,4.0
7413,1,3.0
7420,1,2.0
7423,2,5.0
7424,1,4.0
7425,1,3.0
7429,1,4.0
7430,1,4.0
7432,1,4.0
7433,4,4.75
7434,1,4.0
7436,1,4.0
7437,1,4.0
7442,1,5.0
7445,1,4.0
7448,4,4.75
7449,1,5.0
7454,2,4.5
7460,1,3.0
7462,1,5.0
7463,2,4.5
7464,2,5.0
7466,1,5.0
7467,1,5.0
7469,2,4.5
7472,1,5.0
7473,1,3.0
7474,1,5.0
7475,1,5.0
7477,1,5.0
7480,1,5.0
7483,3,3.6666666666666665
7485,1,4.0
7486,1,4.0
7487,3,4.0
7491,3,4.0
7494,2,4.5
7495,1,4.0
7498,2,4.0
7501,1,5.0
7506,1,5.0
7507,1,5.0
7512,4,5.0
7516,1,5.0
7519,1,5.0
7520,2,4.0
7525,1,4.0
7526,3,4.666666666666667
7527,3,4.333333333333333
7528,1,4.0
7531,2,5.0
7533,4,4.25
7536,2,4.5
7542,1,3.0
7551,1,4.0
7553,1,5.0
7554,6,3.8333333333333335
7557,6,4.333333333333333
7558,4,4.75
7560,2,4.0
7563,1,5.0
7565,1,5.0
7567,1,5.0
7568,3,5.0
7569,4,4.5
7570,1,4.0
7571,1,5.0
7573,2,3.0
7575,1,4.0
7578,1,3.0
7579,3,4.666666666666667
7585,1,5.0
7591,1,5.0
7592,1,5.0
7593,1,3.0
7600,1,5.0
7606,1,4.0
7608,1,4.0
7609,1,4.0
7610,4,4.75
7612,2,4.5
7616,1,5.0
7619,1,3.0
7620,1,3.0
7625,1,5.0
7627,1,3.0
7631,2,3.5
7632,1,4.0
7633,4,4.5
7639,1,5.0
7640,2,4.0
7644,2,4.0
7645,3,2.6666666666666665
7646,1,5.0
7649,1,5.0
7650,2,3.0
7652,1,4.0
7658,2,5.0
7659,1,5.0
7661,2,5.0
7663,1,5.0
7667,2,4.0
7669,3,5.0
7678,1,4.0
7679,1,4.0
7683,1,5.0
7684,1,5.0
7694,3,4.0
7699,1,3.0
7704,1,5.0
7706,1,5.0
7710,3,3.6666666666666665
7713,2,4.5
7714,3,4.666666666666667
7715,1,5.0
7716,1,5.0
7717,1,5.0
7718,2,4.5
7721,1,3.0
7723,1,5.0
7724,1,5.0
7725,1,4.0
7731,6,5.0
7735,1,4.0
7736,2,3.5
7738,2,3.5
7742,3,4.333333333333333
7744,1,5.0
7749,2,5.0
7757,1,3.0
7758,1,5.0
7759,1,4.0
7761,1,3.0
7762,1,5.0
7770,1,4.0
7773,1,5.0
7780,1,5.0
7781,1,3.0
7785,4,4.25
7788,1,5.0
7790,1,5.0
7801,1,4.0
7802,4,4.25
7805,1,5.0
7806,2,5.0
7814,3,3.6666666666666665
7815,1,5.0
7820,1,3.0
7826,2,5.0
7829,1,4.0
7830,3,4.0
7834,1,5.0
7835,1,5.0
7837,1,3.0
7838,1,5.0
7839,2,5.0
7840,2,4.5
7843,2,5.0
7845,2,4.5
7849,1,5.0
7850,1,4.0
7852,1,5.0
7853,2,5.0
7854,1,5.0
7857,1,5.0
7858,1,2.0
7861,1,3.0
7862,1,3.0
7867,1,5.0
7869,1,5.0
7873,2,3.0
7883,1,4.0
7884,3,4.333333333333333
7885,1,5.0
7893,2,5.0
7901,3,4.333333333333333
7902,1,4.0
7905,4,4.25
7906,1,5.0
7907,2,3.0
7916,2,4.0
7917,1,4.0
7930,1,5.0
7932,3,5.0
7935,6,4.166666666666667
7947,3,4.333333333333333
7949,1,4.0
7953,1,4.0
7955,3,4.333333333333333
7956,3,4.666666666666667
7960,1,5.0
7964,1,5.0
7965,1,1.0
7966,1,5.0
7967,1,5.0
7969,2,5.0
7974,2,4.0
7975,1,5.0
7977,2,2.0
7980,1,3.0
7985,5,4.0
7986,2,4.0
7987,1,4.0
7990,1,4.0
7992,2,3.5
7994,1,2.0
8007,2,5.0
8011,1,5.0
8013,2,5.0
8015,2,2.0
8025,2,4.0
8028,1,5.0
8030,1,5.0
8038,1,4.0
8039,1,5.0
8042,1,3.0
8043,1,5.0
8044,1,5.0
8047,1,5.0
8049,2,4.0
8050,1,3.0
8051,1,5.0
8053,1,5.0
8056,2,5.0
8057,1,5.0
8058,1,4.0
8059,1,5.0
8063,1,4.0
8068,2,4.5
8072,1,4.0
8082,1,4.0
8085,1,5.0
8086,1,5.0
8088,1,4.0
8092,2,4.0
8098,3,4.666666666666667
8101,1,5.0
8103,2,4.0
8104,1,4.0
8115,1,5.0
8120,1,5.0
8122,2,4.5
8123,1,3.0
8124,1,4.0
8125,1,5.0
8129,1,5.0
8130,1,1.0
8131,1,5.0
8133,3,4.333333333333333
8134,1,5.0
8136,1,5.0
8142,1,5.0
8143,1,5.0
8147,4,5.0
8149,2,4.5
8154,1,5.0
8156,1,2.0
8160,1,5.0
8163,2,3.5
8165,3,5.0
8166,1,5.0
8167,1,4.0
8171,1,1.0
8181,1,4.0
8186,7,3.7142857142857144
8192,8,4.625
8195,1,3.0
8196,1,5.0
8197,1,5.0
8201,1,5.0
8202,2,5.0
8203,2,5.0
8209,1,4.0
8210,1,4.0
8212,1,3.0
8214,1,5.0
8225,2,5.0
8228,1,3.0
8231,1,4.0
8232,1,5.0
8236,1,4.0
8248,2,4.0
8250,1,5.0
8251,2,4.5
8254,1,5.0
8262,1,4.0
8263,3,4.666666666666667
8268,3,5.0
8269,1,5.0
8270,2,5.0
8274,1,5.0
8284,5,3.4
8286,1,5.0
8289,4,5.0
8291,1,5.0
8302,3,3.6666666666666665
8305,1,5.0
8307,3,4.0
8313,1,5.0
8315,1,3.0
8319,4,3.75
8321,1,5.0
8327,1,5.0
8332,1,5.0
8333,2,4.0
8334,1,5.0
8335,3,4.0
8336,6,3.8333333333333335
8339,2,5.0
8345,1,5.0
8351,1,5.0
8352,1,5.0
8357,11,4.181818181818182
8358,2,4.5
8367,3,3.6666666666666665
8370,1,4.0
8376,1,5.0
8377,1,5.0
8380,1,3.0
8385,3,4.666666666666667
8387,1,5.0
8397,1,3.0
8399,2,5.0
8403,1,4.0
8405,2,4.0
8409,1,1.0
8418,1,4.0
8419,1,5.0
8422,1,5.0
8425,2,5.0
8429,3,3.6666666666666665
8442,1,4.0
8443,1,5.0
8451,1,5.0
8453,1,3.0
8454,2,4.0
8457,2,4.0
8461,3,3.6666666666666665
8465,1,4.0
8469,2,4.0
8472,1,5.0
8481,1,5.0
8496,1,5.0
8498,1,4.0
8499,2,5.0
8501,1,5.0
8505,1,4.0
8509,1,3.0
8510,2,4.5
8512,1,3.0
8514,1,5.0
8516,2,5.0
8522,2,5.0
8540,1,5.0
8542,1,3.0
8546,1,5.0
8548,1,5.0
8549,2,5.0
8552,1,5.0
8553,2,4.0
8554,1,4.0
8555,1,5.0
8560,1,5.0
8564,1,5.0
8565,1,5.0
8567,1,5.0
8568,1,4.0
8573,6,3.0
8578,3,4.666666666666667
8582,1,5.0
8586,1,4.0
8587,1,3.0
8588,3,4.666666666666667
8590,1,1.0
8597,2,2.0
8601,1,2.0
8606,1,3.0
8615,1,4.0
8617,1,4.0
8618,1,5.0
8622,2,4.0
8623,1,4.0
8624,1,4.0
8629,2,4.5
8632,1,5.0
8633,1,5.0
8638,1,5.0
8640,1,2.0
8641,2,3.5
8645,2,2.0
8646,1,4.0
8648,2,4.5
8649,1,5.0
8650,4,4.5
8651,2,4.5
8652,1,4.0
8655,1,4.0
8656,1,4.0
8657,2,4.5
8658,1,5.0
8667,1,5.0
8669,1,4.0
8670,2,4.0
8677,3,5.0
8680,3,4.333333333333333
8682,1,5.0
8686,1,3.0
8688,1,5.0
8691,1,4.0
8692,1,3.0
8694,2,5.0
8717,1,5.0
8718,2,4.5
8724,1,4.0
8726,1,5.0
8727,1,5.0
8730,1,4.0
8733,4,3.75
8738,5,4.2
8742,1,5.0
8755,3,4.333333333333333
8758,1,5.0
8759,2,4.0
8761,3,4.0
8765,1,4.0
8766,2,2.5
8769,1,5.0
8772,2,3.0
8773,4,4.0
8779,2,4.5
8780,1,3.0
8781,1,1.0
8782,1,1.0
8783,3,3.6666666666666665
8786,1,5.0
8794,1,4.0
8797,2,5.0
8799,1,5.0
8801,2,2.5
8802,4,4.5
8804,1,4.0
8805,2,3.5
8806,1,5.0
8808,1,5.0
8811,1,4.0
8812,2,4.0
8813,1,5.0
8814,2,3.0
8815,2,4.5
8820,1,4.0
8821,3,3.3333333333333335
8823,5,4.8
8829,1,5.0
8830,1,4.0
8831,1,5.0
8835,6,4.5
8841,5,3.6
8845,1,5.0
8846,1,3.0
8848,11,4.454545454545454
8851,1,5.0
8852,2,4.5
8856,1,4.0
8857,6,4.666666666666667
8859,1,5.0
8860,1,2.0
8864,1,4.0
8867,1,5.0
8868,3,4.666666666666667
8870,2,5.0
8871,1,5.0
8879,3,3.6666666666666665
8881,1,5.0
8882,1,5.0
8891,1,5.0
8902,1,3.0
8903,3,4.0
8908,1,4.0
8911,1,3.0
8916,2,5.0
8927,1,5.0
8929,1,5.0
8930,8,4.25
8931,5,4.6
8933,1,5.0
8936,1,5.0
8940,1,5.0
8941,3,3.6666666666666665
8942,1,4.0
8943,1,5.0
8944,1,5.0
8945,1,4.0
8950,1,5.0
8953,1,4.0
8956,1,5.0
8957,1,4.0
8958,2,5.0
8960,1,5.0
8963,1,3.0
8964,11,4.363636363636363
8965,1,1.0
8966,1,5.0
8975,1,5.0
8977,2,4.5
8979,1,4.0
8982,2,5.0
8985,2,4.0
8998,5,4.6
8999,3,4.333333333333333
9004,1,3.0
9005,1,5.0
9006,1,4.0
9008,1,5.0
9012,1,3.0
9014,1,5.0
9015,2,5.0
9016,2,3.5
9017,1,4.0
9019,1,4.0
9021,1,3.0
9022,1,5.0
9027,1,4.0
9030,1,5.0
9033,1,3.0
9038,1,4.0
9053,1,3.0
9056,1,4.0
9057,1,5.0
9060,1,5.0
9062,1,2.0
9063,1,4.0
9065,1,4.0
9067,1,5.0
9073,1,5.0
9074,1,2.0
9075,5,4.4
9076,1,3.0
9078,1,5.0
9079,1,3.0
9081,1,3.0
9090,1,4.0
9094,2,5.0
9096,2,5.0
9098,2,5.0
9102,2,5.0
9103,2,3.0
9107,1,5.0
9108,1,4.0
9109,1,5.0
9111,1,3.0
9115,1,5.0
9117,2,3.5
9119,1,1.0
9127,1,2.0
9129,1,4.0
9134,1,4.0
9142,2,4.0
9147,1,5.0
9151,1,5.0
9153,2,4.5
9155,1,2.0
9159,1,3.0
9160,1,4.0
9161,2,5.0
9171,3,3.6666666666666665
9172,1,4.0
9173,1,4.0
9175,2,5.0
9179,1,5.0
9180,1,5.0
9186,1,5.0
9189,1,4.0
9191,2,5.0
9196,1,5.0
9198,2,4.0
9200,2,5.0
9203,1,5.0
9204,1,2.0
9205,2,4.0
9207,2,4.5
9213,4,3.75
9214,1,5.0
9219,1,5.0
9221,1,5.0
9223,1,5.0
9226,1,3.0
9227,1,5.0
9228,1,3.0
9229,2,3.0
9230,3,4.666666666666667
9233,1,4.0
9236,1,5.0
9238,1,5.0
9240,1,1.0
9241,1,5.0
9250,1,5.0
9252,1,3.0
9255,1,4.0
9259,2,4.5
9264,1,5.0
9271,1,5.0
9273,2,3.5
9277,1,3.0
9279,1,1.0
9281,1,4.0
9285,2,2.5
9288,1,5.0
9289,1,5.0
9291,1,5.0
9294,1,4.0
9295,1,5.0
9296,1,4.0
9299,1,5.0
9301,1,5.0
9302,1,4.0
9305,1,4.0
9307,1,5.0
9308,2,3.5
9309,2,4.0
9311,5,4.2
9317,1,5.0
9319,1,5.0
9322,1,5.0
9323,1,2.0
9324,1,5.0
9328,1,4.0
9329,2,5.0
9330,1,4.0
9332,1,5.0
9333,1,5.0
9334,1,4.0
9342,6,4.166666666666667
9343,2,5.0
9345,1,3.0
9358,1,5.0
9362,1,5.0
9363,1,5.0
9365,1,3.0
9371,1,4.0
9373,1,4.0
9374,1,5.0
9378,1,5.0
9383,1,3.0
9385,1,5.0
9393,1,5.0
9398,1,5.0
9400,1,4.0
9401,1,3.0
9403,2,5.0
9406,2,4.0
9409,3,3.6666666666666665
9411,2,5.0
9412,1,4.0
9414,1,2.0
9418,1,4.0
9425,2,3.0
9427,1,5.0
9428,1,3.0
9439,1,5.0
9445,3,4.0
9447,2,4.0
9450,3,4.0
9453,1,3.0
9454,2,4.5
9456,8,4.25
9458,1,4.0
9462,2,4.5
9465,2,4.0
9467,1,4.0
9475,2,4.5
9480,2,4.5
9482,1,5.0
9486,1,4.0
9493,1,5.0
9495,2,4.5
9497,1,3.0
9498,1,5.0
9499,1,5.0
9500,2,5.0
9505,1,4.0
9506,7,3.5714285714285716
9507,2,5.0
9509,2,4.5
9512,1,3.0
9516,2,5.0
9517,1,2.0
9518,2,5.0
9519,1,5.0
9522,1,5.0
9524,2,5.0
9532,2,4.5
9533,1,4.0
9542,1,2.0
9544,1,5.0
9546,1,4.0
9548,1,3.0
9552,3,3.6666666666666665
9554,2,4.0
9556,2,4.5
9561,1,5.0
9563,1,5.0
9564,1,4.0
9565,1,5.0
9568,3,4.0
9575,1,5.0
9577,2,3.0
9579,3,5.0
9580,1,5.0
9582,1,4.0
9583,1,4.0
9589,3,3.6666666666666665
9590,1,5.0
9595,1,4.0
9597,1,4.0
9613,1,5.0
9614,1,1.0
9618,2,5.0
9619,2,4.0
9620,2,4.0
9622,1,5.0
9624,1,5.0
9632,1,5.0
9635,3,5.0
9639,1,4.0
9641,1,5.0
9645,1,5.0
9650,1,3.0
9651,1,5.0
9652,1,5.0
9655,2,3.5
9658,1,5.0
9659,2,5.0
9660,2,3.5
9662,2,5.0
9663,2,4.0
9665,1,4.0
9666,1,4.0
9668,1,2.0
9669,5,4.0
9670,1,3.0
9672,1,5.0
9674,1,5.0
9677,1,5.0
9682,3,4.666666666666667
9688,1,3.0
9692,2,4.0
9693,1,3.0
9694,1,5.0
9695,2,5.0
9698,1,5.0
9701,1,5.0
9703,1,4.0
9704,1,5.0
9709,1,5.0
9711,1,5.0
9712,1,3.0
9713,1,4.0
9714,3,4.666666666666667
9721,1,5.0
9723,2,3.0
9725,1,4.0
9731,3,5.0
9733,1,5.0
9735,2,5.0
9736,4,5.0
9737,1,5.0
9738,1,5.0
9743,2,4.0
9747,1,5.0
9748,1,5.0
9749,1,5.0
9750,1,4.0
9751,2,4.0
9755,1,5.0
9756,1,3.0
9757,1,5.0
9760,1,5.0
9762,3,4.666666666666667
9764,2,4.0
9770,1,2.0
9771,2,4.5
9774,1,1.0
9781,1,5.0
9785,4,3.75
9789,1,3.0
9790,1,3.0
9791,1,1.0
9792,4,4.5
9795,1,4.0
9797,1,5.0
9798,1,5.0
9800,2,3.5
9802,2,3.0
9804,5,3.4
9807,1,5.0
9813,2,2.0
9814,3,5.0
9816,1,5.0
9817,5,4.2
9820,4,4.5
9821,1,5.0
9822,3,5.0
9828,1,4.0
9829,2,5.0
9831,1,5.0
9836,2,3.5
9838,1,4.0
9840,2,5.0
9846,1,5.0
9848,2,4.5
9849,2,5.0
9851,2,5.0
9852,4,5.0
9856,1,4.0
9858,1,1.0
9864,2,5.0
9872,3,4.666666666666667
9874,1,4.0
9878,4,3.75
9880,1,3.0
9883,1,4.0
9885,1,5.0
9889,1,3.0
9891,1,3.0
9894,1,4.0
9895,2,4.0
9899,1,5.0
9900,1,5.0
9912,3,5.0
9913,1,1.0
9920,1,5.0
9924,1,2.0
9925,3,4.0
9929,3,4.666666666666667
9932,2,4.0
9936,4,4.75
9940,7,4.428571428571429
9943,2,1.5
9947,1,5.0
9951,1,3.0
9954,2,5.0
9955,1,3.0
9956,3,4.666666666666667
9957,3,4.666666666666667
9961,1,1.0
9962,10,4.3
9965,1,5.0
9966,1,5.0
9968,1,5.0
9970,1,5.0
9975,2,5.0
9978,1,4.0
9979,1,4.0
9984,1,4.0
9987,1,4.0
9996,1,4.0
10000,1,5.0
10005,1,5.0
10007,1,5.0
10009,3,4.333333333333333
10014,1,5.0
10015,1,4.0
10018,3,3.3333333333333335
10020,2,4.5
10021,1,5.0
10029,1,4.0
10030,2,4.5
10031,1,4.0
10033,1,5.0
10039,1,3.0
10042,1,4.0
10043,1,4.0
10047,1,4.0
10048,1,4.0
10049,3,4.0
10050,1,5.0
10053,2,4.0
10058,1,5.0
10070,1,5.0
10072,1,4.0
10075,1,5.0
10076,2,4.5
10077,1,2.0
10079,2,4.0
10085,1,5.0
10092,1,3.0
10093,1,5.0
10101,1,4.0
10102,1,4.0
10103,4,3.75
10105,1,4.0
10106,1,5.0
10107,1,4.0
10108,4,3.75
10114,1,3.0
10115,2,4.0
10119,1,4.0
10121,2,4.5
10123,1,5.0
10125,2,3.5
10128,1,5.0
10131,1,5.0
10138,1,4.0
10139,1,4.0
10143,7,4.571428571428571
10145,1,4.0
10151,1,5.0
10152,1,2.0
10156,2,4.0
10158,1,5.0
10159,2,2.5
10165,2,3.5
10167,2,4.0
10169,1,5.0
10174,1,4.0
10180,1,4.0
10185,2,5.0
10187,1,5.0
10190,1,2.0
10192,1,1.0
10195,1,1.0
10197,1,5.0
10198,1,5.0
10199,5,4.6
10203,1,4.0
10204,1,3.0
10205,1,4.0
10210,1,4.0
10214,1,2.0
10216,1,4.0
10217,1,5.0
10219,1,5.0
10220,4,2.0
10224,1,4.0
10225,9,3.5555555555555554
10228,1,3.0
10230,4,5.0
10231,2,3.0
10233,4,4.5
10234,1,4.0
10235,1,5.0
10237,1,3.0
10242,2,4.0
10243,2,4.0
10244,4,4.5
10247,3,2.6666666666666665
10248,1,4.0
10249,2,4.5
10250,3,4.0
10252,1,4.0
10256,1,4.0
10257,2,3.5
10267,1,4.0
10268,2,4.5
10269,1,5.0
10271,1,5.0
10273,1,4.0
10275,1,5.0
10278,2,3.0
10284,1,4.0
10288,1,4.0
10289,3,4.333333333333333
10290,1,5.0
10291,1,3.0
10292,1,3.0
10296,1,5.0
10297,1,4.0
10298,1,5.0
10299,1,1.0
10301,2,3.0
10304,1,4.0
10305,8,3.5
10308,2,5.0
10311,5,3.8
10315,1,2.0
10318,1,3.0
10319,1,5.0
10321,2,3.0
10324,1,4.0
10326,2,5.0
10328,3,4.333333333333333
10330,1,3.0
10331,2,4.0
10334,2,3.0
10335,1,3.0
10336,1,5.0
10338,1,4.0
10343,2,5.0
10344,2,3.5
10345,1,4.0
10348,1,3.0
10352,2,5.0
10353,1,4.0
10357,1,4.0
10362,1,4.0
10363,1,5.0
10365,1,2.0
10366,1,4.0
10370,1,4.0
10371,1,3.0
10374,1,5.0
10375,2,4.0
10379,7,4.142857142857143
10383,1,5.0
10384,1,5.0
10385,3,4.666666666666667
10386,1,4.0
10388,1,5.0
10389,4,4.0
10391,1,5.0
10393,2,3.0
10394,1,2.0
10396,3,5.0
10398,2,4.5
10406,1,2.0
10410,3,4.333333333333333
10412,1,5.0
10414,3,4.0
10415,1,4.0
10416,1,5.0
10417,3,4.333333333333333
10419,1,4.0
10421,1,5.0
10422,1,4.0
10423,1,4.0
10425,1,4.0
10426,2,3.5
10428,1,5.0
10430,1,4.0
10431,1,3.0
10432,1,5.0
10434,1,3.0
10435,1,5.0
10438,1,5.0
10441,5,4.8
10443,1,3.0
10446,2,5.0
10447,2,4.0
10453,2,5.0
10456,2,5.0
10459,1,3.0
10460,1,1.0
10462,1,5.0
10469,1,5.0
10472,3,4.666666666666667
10481,1,4.0
10482,1,4.0
10483,1,4.0
10484,1,3.0
10498,1,5.0
10499,1,4.0
10500,1,4.0
10501,2,3.5
10504,1,5.0
10505,1,5.0
10511,1,3.0
10512,1,5.0
10517,2,4.0
10519,2,5.0
10521,1,4.0
10524,7,4.428571428571429
10526,1,5.0
10528,1,3.0
10530,1,5.0
10535,1,4.0
10540,1,3.0
10546,1,5.0
10548,1,5.0
10553,1,4.0
10554,2,1.0
10558,1,5.0
10563,3,5.0
10564,2,3.0
10569,3,3.0
10570,2,2.0
10571,1,4.0
10572,8,4.25
10573,2,4.0
10576,1,5.0
10577,2,4.0
10578,2,4.0
10580,1,5.0
10581,4,5.0
10583,2,3.0
10586,2,4.0
10589,3,3.6666666666666665
10595,1,5.0
10596,3,4.666666666666667
10600,1,5.0
10601,3,3.0
10602,1,5.0
10603,3,4.0
10606,4,3.5
10607,2,4.5
10610,1,4.0
10612,1,5.0
10618,1,4.0
10620,1,5.0
10622,1,5.0
10624,1,4.0
10627,1,1.0
10628,1,5.0
10631,1,5.0
10639,1,2.0
10641,5,4.4
10642,1,4.0
10644,4,3.5
10647,7,4.714285714285714
10648,1,3.0
10649,1,5.0
10652,2,3.0
10653,1,3.0
10654,6,4.166666666666667
10664,1,4.0
10667,2,4.0
10668,1,5.0
10673,2,4.5
10675,1,5.0
10678,1,5.0
10680,1,4.0
10687,2,5.0
10688,2,1.5
10689,1,5.0
10691,2,4.0
10692,2,3.0
10694,1,4.0
10702,2,4.5
10703,1,5.0
10708,1,4.0
10713,1,4.0
10714,5,4.2
10717,1,5.0
10719,1,4.0
10720,3,4.666666666666667
10722,1,5.0
10723,1,5.0
10724,2,3.5
10726,3,4.333333333333333
10727,1,5.0
10728,4,3.75
10732,1,4.0
10736,1,5.0
10737,1,3.0
10738,2,3.5
10741,2,1.5
10747,1,4.0
10751,2,4.0
10752,1,4.0
10754,1,5.0
10756,1,5.0
10764,1,4.0
10770,2,4.0
10771,9,3.111111111111111
10772,1,2.0
10774,1,3.0
10775,2,4.5
10776,2,3.5
10777,5,4.8
10785,1,3.0
10793,5,4.2
10794,2,4.5
10795,1,4.0
10797,1,4.0
10799,1,5.0
10801,2,4.0
10802,2,3.5
10805,1,2.0
10808,2,4.5
10809,2,3.0
10812,1,5.0
10816,6,4.333333333333333
10820,1,5.0
10821,1,5.0
10822,2,4.0
10823,2,4.0
10825,2,3.0
10827,1,5.0
10829,2,3.5
10835,1,3.0
10837,2,3.5
10838,3,4.666666666666667
10840,4,4.75
10841,1,5.0
10847,1,3.0
10848,1,5.0
10851,1,5.0
10852,1,5.0
10858,2,5.0
10863,1,2.0
10864,2,4.0
10865,2,3.5
10869,1,5.0
10870,1,5.0
10872,1,3.0
10873,2,3.5
10875,1,5.0
10883,3,4.0
10889,1,3.0
10890,1,5.0
10892,1,4.0
10895,1,3.0
10898,1,5.0
10901,1,4.0
10903,1,5.0
10905,3,4.333333333333333
10906,1,5.0
10908,2,5.0
10909,1,4.0
10910,1,5.0
10913,1,4.0
10914,1,5.0
10915,1,5.0
10917,1,5.0
10920,1,3.0
10922,1,5.0
10925,1,5.0
10930,1,3.0
10936,1,3.0
10944,1,3.0
10945,1,5.0
10946,1,4.0
10948,2,4.0
10949,1,4.0
10950,1,4.0
10951,2,4.0
10952,3,4.333333333333333
10953,1,4.0
10955,2,5.0
10956,1,5.0
10961,1,3.0
10962,4,3.75
10965,2,4.5
10966,1,4.0
10969,1,5.0
10973,2,3.5
10975,1,4.0
10976,1,5.0
10977,1,4.0
10978,1,5.0
10983,1,3.0
10985,1,4.0
10994,4,3.0
10996,4,4.0
10997,1,2.0
10998,1,4.0
10999,1,5.0
11001,1,3.0
11002,1,4.0
11003,1,5.0
11008,3,4.666666666666667
11011,1,5.0
11013,1,3.0
11015,1,4.0
11019,1,4.0
11032,2,3.5
11033,1,3.0
11036,1,3.0
11038,1,4.0
11039,1,5.0
11042,1,4.0
11051,1,1.0
11053,1,3.0
11054,2,4.0
11059,1,3.0
11064,1,5.0
11068,1,5.0
11070,4,4.25
11071,1,5.0
11075,2,5.0
11076,2,4.0
11078,1,5.0
11082,1,4.0
11084,2,5.0
11086,1,5.0
11087,1,4.0
11091,2,4.0
11093,1,3.0
11095,1,3.0
11096,1,5.0
11099,4,4.5
11100,1,4.0
11101,2,5.0
11103,1,5.0
11104,3,3.3333333333333335
11106,2,4.5
11108,1,1.0
11109,1,5.0
11110,1,4.0
11112,1,3.0
11114,1,5.0
11116,3,3.6666666666666665
11119,1,3.0
11122,1,4.0
11123,1,5.0
11124,2,4.5
11128,2,5.0
11130,1,2.0
11131,1,3.0
11132,4,4.5
11133,1,5.0
11134,2,4.0
11137,2,3.0
11138,5,3.2
11143,1,5.0
11144,1,5.0
11145,1,5.0
11147,1,4.0
11149,1,2.0
11161,1,4.0
11165,1,4.0
11167,1,4.0
11169,2,4.0
11172,1,5.0
11173,1,5.0
11174,3,4.0
11178,2,4.5
11180,1,5.0
11182,1,5.0
11185,1,3.0
11189,1,4.0
11190,1,5.0
11192,2,4.5
11193,6,4.0
11196,1,4.0
11198,1,4.0
11203,1,5.0
11206,1,5.0
11210,1,5.0
11212,2,5.0
11213,1,3.0
11214,2,4.5
11216,1,3.0
11217,2,3.5
11219,1,4.0
11225,1,5.0
11230,2,4.0
11231,1,5.0
11232,2,4.0
11234,1,5.0
11238,1,5.0
11242,2,4.5
11243,1,1.0
11247,1,4.0
11248,1,2.0
11249,1,4.0
11251,1,2.0
11255,2,5.0
11258,1,5.0
11260,2,2.0
11264,1,5.0
11265,1,5.0
11266,2,4.5
11267,9,3.6666666666666665
11274,1,5.0
11281,4,3.5
11282,1,5.0
11284,1,5.0
11289,1,5.0
11290,1,5.0
11292,1,4.0
11294,1,5.0
11295,2,5.0
11296,2,5.0
11297,1,5.0
11298,1,4.0
11302,2,5.0
11304,1,4.0
11305,1,3.0
11306,1,5.0
11307,4,4.5
11308,1,3.0
11313,1,5.0
11317,1,5.0
11318,1,3.0
11319,2,4.5
11325,1,5.0
11331,1,4.0
11332,1,4.0
11336,1,4.0
11348,1,5.0
11355,1,5.0
11358,1,5.0
11361,2,4.0
11363,1,5.0
11366,1,4.0
11370,1,5.0
11375,1,3.0
11377,2,4.5
11383,1,2.0
11384,1,5.0
11386,1,5.0
11388,1,5.0
11390,1,4.0
11393,1,4.0
11400,1,5.0
11403,1,5.0
11404,1,5.0
11405,1,4.0
11410,1,2.0
11418,2,4.5
11421,2,4.0
11424,1,5.0
11430,2,5.0
11431,1,3.0
11432,1,4.0
11433,1,4.0
11435,1,2.0
11436,1,2.0
11443,1,2.0
11447,2,5.0
11448,1,4.0
11449,1,3.0
11454,1,5.0
11455,1,2.0
11456,1,4.0
11457,1,5.0
11458,1,5.0
11460,1,5.0
11461,2,4.0
11462,1,2.0
11465,1,5.0
11470,1,5.0
11471,2,4.0
11474,2,3.5
11475,1,5.0
11478,1,5.0
11480,1,5.0
11481,1,5.0
11485,1,5.0
11487,1,5.0
11491,2,5.0
11494,1,5.0
11495,2,4.0
11496,1,5.0
11502,2,4.0
11509,1,5.0
11510,2,4.5
11514,1,5.0
11516,1,4.0
11518,1,4.0
11524,1,4.0
11527,2,3.0
11528,1,3.0
11532,2,3.0
11533,1,5.0
11534,4,5.0
11536,1,4.0
11540,1,4.0
11543,1,5.0
11548,6,4.166666666666667
11549,1,4.0
11551,1,5.0
11552,1,4.0
11553,1,5.0
11554,3,3.6666666666666665
11558,1,4.0
11563,2,4.0
11564,1,5.0
11567,2,5.0
11576,2,3.5
11579,1,4.0
11581,1,5.0
11583,1,5.0
11584,2,5.0
11585,1,4.0
11586,1,4.0
11591,4,3.75
11592,1,3.0
11594,2,4.0
11595,1,5.0
11596,3,4.666666666666667
11597,1,4.0
11602,1,4.0
11605,1,4.0
11608,1,3.0
11614,2,4.5
11616,2,4.0
11620,2,3.0
11622,1,4.0
11623,1,2.0
11624,1,3.0
11625,2,4.0
11626,2,5.0
11630,1,5.0
11631,1,5.0
11636,1,5.0
11641,2,3.5
11645,1,4.0
11646,1,5.0
11647,1,5.0
11651,1,4.0
11658,1,5.0
11659,2,4.0
11667,2,4.0
11672,1,3.0
11675,1,4.0
11676,1,4.0
11680,1,4.0
11683,1,5.0
11685,1,5.0
11686,1,5.0
11690,2,5.0
11694,1,5.0
11697,1,5.0
11698,2,4.0
11700,1,5.0
11701,1,5.0
11704,2,5.0
11705,1,3.0
11706,1,5.0
11709,1,4.0
11718,1,3.0
11721,1,4.0
11723,4,4.75
11725,1,5.0
11727,1,4.0
11729,1,3.0
11734,1,5.0
11736,1,4.0
11738,1,4.0
11739,1,5.0
11743,1,3.0
11745,2,4.0
11747,1,5.0
11748,3,4.333333333333333
11753,1,5.0
11754,1,3.0
11755,1,5.0
11756,1,3.0
11757,1,5.0
11758,1,5.0
11760,1,3.0
11761,1,3.0
11762,1,3.0
11763,2,5.0
11764,1,4.0
11765,1,4.0
11767,3,4.666666666666667
11768,1,5.0
11771,1,4.0
11776,1,5.0
11779,1,4.0
11780,1,4.0
11783,2,5.0
11786,1,5.0
11787,3,3.6666666666666665
11791,2,5.0
11793,1,4.0
11797,1,4.0
11805,1,3.0
11806,1,4.0
11808,3,4.666666666666667
11810,2,4.5
11812,3,4.333333333333333
11814,1,5.0
11817,1,3.0
11822,1,3.0
11823,1,1.0
11826,1,4.0
11829,1,3.0
11831,2,3.5
11833,5,2.8
11841,1,4.0
11843,2,3.0
11844,2,5.0
11851,2,2.0
11852,2,5.0
11854,1,4.0
11855,4,5.0
11856,2,4.0
11858,2,4.0
11859,1,5.0
11860,1,3.0
11862,1,3.0
11864,1,5.0
11865,2,4.5
11868,2,4.0
11869,1,5.0
11870,2,3.5
11874,1,5.0
11876,1,5.0
11878,1,5.0
11879,1,4.0
11881,1,3.0
11883,1,4.0
11885,1,4.0
11889,2,3.5
11891,1,5.0
11893,1,5.0
11895,1,4.0
11896,1,4.0
11897,2,2.0
11900,2,5.0
11905,2,3.0
11907,1,3.0
11912,2,3.5
11914,3,4.0
11921,1,4.0
11922,2,4.5
11924,1,3.0
11927,1,3.0
11933,1,5.0
11934,3,4.333333333333333
11938,1,4.0
11940,1,4.0
11942,1,5.0
11943,1,3.0
11946,2,5.0
11952,1,5.0
11953,1,5.0
11954,1,5.0
11957,1,3.0
11958,1,3.0
11959,2,5.0
11961,1,4.0
11962,2,2.0
11963,1,4.0
11966,1,5.0
11968,1,4.0
11971,1,4.0
11972,1,5.0
11975,1,4.0
11976,1,3.0
11978,5,3.2
11979,2,5.0
11981,1,4.0
11982,1,5.0
11986,1,5.0
11988,1,4.0
11989,1,5.0
11993,2,5.0
11995,1,5.0
11996,1,5.0
12000,1,4.0
12002,1,1.0
12003,1,4.0
12006,1,3.0
12010,1,4.0
12011,1,3.0
12012,2,4.0
12013,1,3.0
12015,1,2.0
12017,3,4.333333333333333
12019,1,5.0
12020,1,5.0
12022,1,1.0
12026,1,3.0
12028,2,5.0
12029,1,5.0
12031,1,4.0
12032,1,3.0
12033,1,3.0
12040,1,4.0
12043,2,5.0
12045,1,5.0
12050,1,3.0
12052,8,4.25
12057,1,5.0
12063,2,4.0
12064,1,4.0
12065,1,1.0
12067,5,4.0
12071,1,5.0
12072,1,3.0
12073,2,3.5
12079,1,5.0
12086,1,3.0
12087,1,5.0
12090,1,5.0
12094,1,3.0
12097,1,4.0
12099,1,4.0
12101,2,4.5
12102,5,4.4
12105,1,5.0
12108,3,2.6666666666666665
12109,3,4.333333333333333
12111,2,4.0
12112,7,4.142857142857143
12114,1,4.0
12121,2,5.0
12123,1,5.0
12124,1,5.0
12126,2,4.0
12132,1,5.0
12137,1,4.0
12138,1,3.0
12139,3,3.0
12141,2,4.5
12142,1,5.0
12145,1,2.0
12152,1,5.0
12153,2,5.0
12156,2,3.5
12161,1,4.0
12164,2,3.5
12167,1,5.0
12170,2,5.0
12171,1,4.0
12183,1,5.0
12187,2,3.0
12190,1,5.0
12192,1,3.0
12193,1,4.0
12195,1,5.0
12197,1,5.0
12204,1,5.0
12205,1,1.0
12207,1,4.0
12209,1,5.0
12210,1,5.0
12212,2,4.0
12213,1,3.0
12216,1,3.0
12217,2,4.0
12218,1,5.0
12219,1,4.0
12220,2,5.0
12221,1,5.0
12226,1,5.0
12228,1,4.0
12230,1,5.0
12232,1,4.0
12233,1,5.0
12234,5,3.8
12235,1,5.0
12236,1,3.0
12238,2,3.5
12241,1,5.0
12242,1,5.0
12243,1,5.0
12246,7,4.0
12247,1,5.0
12250,2,5.0
12251,1,4.0
12256,1,4.0
12258,1,5.0
12259,1,5.0
12260,1,4.0
12262,1,5.0
12263,2,5.0
12264,1,5.0
12266,1,5.0
12267,2,5.0
12269,2,5.0
12270,4,4.0
12273,4,4.5
12275,1,5.0
12284,2,5.0
12286,1,5.0
12288,1,4.0
12293,1,3.0
12294,2,4.0
12295,1,3.0
12296,4,4.5
12300,1,4.0
12302,1,5.0
12307,3,3.6666666666666665
12309,1,4.0
12311,1,4.0
12312,1,5.0
12317,1,5.0
12320,1,5.0
12322,1,5.0
12324,1,5.0
12325,1,4.0
12328,2,1.0
12329,2,4.5
12333,1,4.0
12334,2,4.0
12337,2,4.0
12339,1,5.0
12340,3,3.6666666666666665
12341,1,5.0
12343,3,4.333333333333333
12347,1,5.0
12349,1,4.0
12350,2,3.0
12351,1,4.0
12352,1,4.0
12353,2,4.0
12355,1,4.0
12361,1,4.0
12362,1,5.0
12367,4,4.25
12369,1,5.0
12373,2,4.5
12375,4,4.25
12378,2,4.5
12386,1,5.0
12394,3,4.0
12396,1,4.0
12399,2,5.0
12401,2,4.0
12403,1,4.0
12404,1,3.0
12405,1,5.0
12407,2,1.0
12408,1,4.0
12410,1,4.0
12412,1,4.0
12413,2,5.0
12414,9,4.888888888888889
12418,1,3.0
12419,1,5.0
12422,3,4.333333333333333
12425,2,4.0
12427,1,2.0
12429,1,3.0
12430,1,5.0
12433,1,4.0
12436,1,5.0
12437,2,5.0
12440,1,5.0
12441,1,4.0
12444,2,5.0
12446,1,5.0
12447,1,4.0
12448,3,3.3333333333333335
12455,1,4.0
12457,1,4.0
12460,1,5.0
12461,1,3.0
12467,1,4.0
12472,2,4.0
12473,1,5.0
12476,1,3.0
12482,1,5.0
12483,1,4.0
12493,1,4.0
12496,1,5.0
12499,2,2.0
12500,1,5.0
12501,1,4.0
12502,1,4.0
12506,1,4.0
12510,1,2.0
12514,6,4.5
12517,1,5.0
12518,1,4.0
12519,1,5.0
12524,1,4.0
12526,1,2.0
12527,1,5.0
12528,1,4.0
12529,1,4.0
12532,1,5.0
12533,2,4.5
12534,3,3.3333333333333335
12535,1,3.0
12539,1,1.0
12545,3,3.3333333333333335
12549,1,4.0
12550,2,4.0
12558,1,5.0
12560,1,4.0
12573,1,5.0
12575,3,5.0
12578,1,5.0
12579,1,3.0
12580,1,5.0
12581,2,5.0
12583,1,5.0
12586,1,5.0
12587,1,5.0
12590,1,5.0
12596,1,3.0
12601,1,2.0
12603,1,5.0
12605,1,5.0
12607,1,5.0
12608,2,4.0
12610,3,4.666666666666667
12618,1,5.0
12625,2,5.0
12629,1,5.0
12630,1,4.0
12631,1,3.0
12632,4,3.0
12633,1,3.0
12634,1,5.0
12636,1,5.0
12637,1,4.0
12638,1,5.0
12639,3,3.6666666666666665
12640,3,3.6666666666666665
12643,1,1.0
12644,1,5.0
12654,1,5.0
12655,3,3.6666666666666665
12656,6,2.5
12657,1,5.0
12658,2,4.5
12659,1,5.0
12660,1,5.0
12665,1,5.0
12667,1,5.0
12668,2,1.0
12669,1,5.0
12670,1,4.0
12672,1,3.0
12673,1,4.0
12674,1,3.0
12681,1,5.0
12684,1,5.0
12686,3,4.0
12692,1,4.0
12694,1,5.0
12702,1,4.0
12704,2,3.5
12707,1,3.0
12709,1,4.0
12710,2,4.5
12712,1,3.0
12713,1,3.0
12721,1,5.0
12722,1,3.0
12723,5,4.6
12728,1,4.0
12729,2,4.5
12741,1,5.0
12742,4,3.5
12744,1,5.0
12745,1,5.0
12748,1,3.0
12749,1,5.0
12751,1,4.0
12752,2,4.5
12754,2,3.5
12757,1,4.0
12758,3,5.0
12759,2,3.0
12766,1,3.0
12768,1,5.0
12769,1,1.0
12771,1,4.0
12773,2,3.5
12774,2,3.5
12775,1,5.0
12776,2,5.0
12780,1,5.0
12782,2,5.0
12783,2,4.0
12788,1,4.0
12790,1,5.0
12791,1,5.0
12792,1,5.0
12793,1,4.0
12799,1,4.0
12803,2,3.0
12804,1,4.0
12805,3,4.333333333333333
12808,1,5.0
12809,1,5.0
12813,1,4.0
12814,3,5.0
12820,1,4.0
12824,1,4.0
12830,1,3.0
12835,1,5.0
12837,2,4.5
12842,1,5.0
12843,1,4.0
12844,1,4.0
12845,3,3.3333333333333335
12846,1,5.0
12847,2,5.0
12848,1,2.0
12850,1,3.0
12851,1,4.0
12855,1,5.0
12856,1,5.0
12861,2,5.0
12862,1,4.0
12863,1,2.0
12865,1,5.0
12869,2,4.0
12870,2,4.0
12883,1,5.0
12884,1,4.0
12892,1,5.0
12893,1,2.0
12894,1,5.0
12901,1,4.0
12902,1,4.0
12903,1,4.0
12907,1,5.0
12909,1,4.0
12911,1,5.0
12913,1,5.0
12919,1,5.0
12924,7,4.714285714285714
12925,7,4.571428571428571
12929,1,5.0
12931,3,4.0
12933,1,4.0
12934,2,3.5
12936,1,5.0
12942,1,5.0
12949,1,4.0
12951,3,4.666666666666667
12952,1,4.0
12957,2,3.0
12960,3,4.333333333333333
12962,3,3.3333333333333335
12964,1,1.0
12965,1,5.0
12966,2,4.5
12967,2,5.0
12968,4,4.5
12970,2,4.0
12972,1,4.0
12973,1,5.0
12975,1,4.0
12976,1,4.0
12979,1,5.0
12982,3,4.0
12984,1,5.0
12987,1,5.0
12989,2,3.0
12997,7,4.0
12998,1,5.0
12999,1,5.0
13001,1,5.0
13006,1,4.0
13014,1,5.0
13016,3,4.333333333333333
13017,1,4.0
13018,1,2.0
13021,1,4.0
13022,1,3.0
13027,1,4.0
13028,1,5.0
13029,1,5.0
13033,3,4.0
13036,1,5.0
13038,1,4.0
13042,1,3.0
13043,2,3.5
13044,3,4.333333333333333
13045,7,4.0
13046,1,3.0
13051,1,4.0
13052,2,5.0
13056,1,4.0
13057,1,5.0
13058,1,4.0
13059,1,5.0
13060,1,4.0
13061,1,4.0
13070,1,4.0
13073,2,4.5
13074,1,5.0
13076,1,1.0
13079,2,4.0
13080,2,4.0
13081,1,5.0
13084,1,4.0
13085,1,3.0
13087,1,4.0
13088,1,5.0
13090,3,3.3333333333333335
13093,1,5.0
13098,1,5.0
13099,2,4.0
13100,1,4.0
13101,1,5.0
13102,1,5.0
13108,1,5.0
13114,1,3.0
13116,3,3.3333333333333335
13117,1,1.0
13118,1,5.0
13119,4,4.0
13120,8,2.875
13122,1,3.0
13123,1,5.0
13126,1,5.0
13127,1,4.0
13128,1,5.0
13130,1,3.0
13132,1,4.0
13133,1,4.0
13137,1,4.0
13141,1,5.0
13144,1,5.0
13146,1,5.0
13149,1,5.0
13151,2,4.5
13152,1,4.0
13155,3,3.6666666666666665
13158,1,5.0
13160,1,3.0
13161,2,4.5
13163,1,4.0
13164,1,2.0
13166,1,5.0
13168,1,5.0
13171,1,5.0
13179,1,4.0
13181,2,5.0
13183,5,4.8
13185,2,3.5
13191,2,4.0
13196,2,5.0
13197,2,4.0
13199,1,4.0
13201,1,5.0
13202,1,5.0
13210,4,4.0
13211,1,4.0
13214,1,2.0
13215,1,5.0
13216,2,5.0
13218,1,3.0
13219,3,4.0
13225,1,5.0
13226,1,4.0
13227,1,4.0
13228,1,3.0
13231,1,5.0
13232,1,5.0
13235,2,5.0
13239,4,3.75
13240,1,5.0
13241,3,5.0
13244,2,4.5
13246,1,4.0
13248,3,3.0
13249,5,5.0
13252,3,4.0
13253,1,5.0
13257,1,5.0
13258,1,4.0
13259,3,4.666666666666667
13261,2,3.0
13262,1,3.0
13264,2,4.0
13266,2,4.0
13268,1,4.0
13271,3,4.666666666666667
13272,1,4.0
13273,1,5.0
13274,1,5.0
13278,1,3.0
13279,3,4.666666666666667
13281,2,5.0
13288,2,4.0
13289,1,5.0
13291,1,5.0
13292,1,4.0
13293,1,4.0
13299,1,4.0
13300,1,4.0
13306,5,4.4
13307,1,4.0
13308,1,2.0
13309,3,5.0
13311,1,4.0
13314,4,4.25
13316,1,4.0
13317,2,5.0
13321,1,4.0
13324,2,5.0
13325,1,5.0
13326,1,4.0
13327,2,4.0
13328,2,4.5
13330,1,5.0
13334,2,3.5
13335,1,2.0
13342,1,5.0
13344,1,5.0
13345,1,5.0
13348,4,4.25
13349,2,4.0
13354,1,4.0
13356,1,5.0
13359,1,5.0
13367,1,1.0
13368,1,4.0
13369,2,3.5
13371,1,5.0
13373,1,2.0
13377,1,5.0
13378,1,4.0
13379,3,3.6666666666666665
13380,1,4.0
13381,1,4.0
13386,1,5.0
13387,1,5.0
13388,1,2.0
13389,2,3.5
13390,1,5.0
13391,1,4.0
13392,2,4.0
13397,1,5.0
13398,1,4.0
13402,2,4.5
13403,2,5.0
13405,1,5.0
13409,1,4.0
13414,1,4.0
13415,2,4.0
13420,1,5.0
13424,3,4.0
13425,1,5.0
13426,1,5.0
13431,6,4.166666666666667
13433,2,4.5
13436,1,5.0
13437,1,4.0
13442,1,5.0
13448,1,2.0
13453,2,4.0
13454,2,2.5
13457,1,5.0
13458,1,5.0
13459,2,5.0
13461,1,1.0
13462,1,5.0
13463,1,4.0
13467,1,5.0
13468,1,4.0
13469,1,5.0
13475,1,3.0
13478,1,4.0
13485,1,5.0
13486,1,4.0
13487,1,5.0
13488,2,4.5
13491,1,5.0
13494,2,4.0
13500,1,5.0
13501,1,3.0
13504,3,4.666666666666667
13509,1,5.0
13510,1,5.0
13517,1,5.0
13519,3,2.6666666666666665
13520,1,4.0
13527,4,4.75
13528,1,3.0
13529,1,3.0
13530,2,3.0
13536,1,2.0
13538,1,5.0
13539,1,4.0
13540,1,4.0
13544,1,5.0
13548,1,3.0
13556,2,4.5
13558,1,5.0
13559,1,5.0
13562,1,4.0
13567,1,5.0
13569,1,5.0
13570,2,4.0
13573,1,4.0
13578,1,5.0
13579,1,5.0
13583,3,4.666666666666667
13584,3,1.6666666666666667
13586,1,4.0
13587,1,4.0
13590,2,3.5
13591,1,4.0
13592,2,3.5
13594,2,5.0
13596,1,5.0
13598,1,5.0
13599,1,4.0
13607,1,5.0
13608,1,5.0
13614,2,2.5
13615,1,5.0
13616,1,5.0
13621,1,5.0
13623,3,4.666666666666667
13632,1,1.0
13636,5,4.4
13640,2,5.0
13646,1,3.0
13653,2,3.5
13654,1,4.0
13656,1,5.0
13660,2,5.0
13666,1,4.0
13668,1,5.0
13670,1,5.0
13673,1,4.0
13677,3,4.666666666666667
13678,1,5.0
13681,1,3.0
13683,1,4.0
13686,2,3.0
13688,1,1.0
13689,1,4.0
13693,2,3.5
13695,3,2.3333333333333335
13698,5,3.8
13699,4,4.0
13700,1,4.0
13704,1,3.0
13706,2,4.5
13707,1,4.0
13708,2,4.0
13711,9,4.333333333333333
13712,1,5.0
13715,1,4.0
13719,1,4.0
13720,1,5.0
13724,1,4.0
13725,2,4.0
13726,3,4.333333333333333
13727,1,4.0
13731,4,4.5
13732,5,4.2
13734,6,4.833333333333333
13735,1,5.0
13736,1,4.0
13737,6,3.6666666666666665
13738,1,4.0
13739,2,5.0
13740,1,5.0
13743,2,4.5
13748,1,4.0
13754,17,4.0588235294117645
13755,4,4.0
13756,2,4.5
13757,1,3.0
13758,2,4.5
13759,1,4.0
13760,2,5.0
13761,4,4.25
13763,1,5.0
13764,1,5.0
13766,5,4.6
13767,2,4.0
13773,2,4.5
13774,10,3.3
13781,15,3.2666666666666666
13782,2,4.0
13785,6,4.833333333333333
13786,1,3.0
13787,1,5.0
13789,1,5.0
13790,4,4.0
13791,1,5.0
13793,1,3.0
13807,2,5.0
13808,1,4.0
13813,1,4.0
13815,2,4.5
13816,1,5.0
13817,1,3.0
13818,1,4.0
13820,1,4.0
13821,1,5.0
13823,1,4.0
13830,1,3.0
13832,1,2.0
13835,1,4.0
13836,5,3.2
13838,1,3.0
13840,1,5.0
13841,3,4.333333333333333
13842,1,5.0
13844,1,3.0
13847,1,5.0
13848,1,5.0
13849,1,4.0
13855,3,2.3333333333333335
13858,6,4.5
13861,1,4.0
13862,1,4.0
13864,4,4.0
13865,5,3.4
13866,1,5.0
13867,1,3.0
13868,1,5.0
13869,1,5.0
13870,2,4.0
13873,2,4.0
13875,3,4.666666666666667
13876,2,3.5
13877,2,3.0
13878,1,5.0
13879,1,5.0
13887,2,4.5
13888,2,4.0
13889,1,4.0
13892,1,4.0
13894,2,5.0
13897,1,5.0
13901,1,4.0
13903,1,5.0
13908,1,5.0
13909,1,5.0
13911,1,5.0
13915,1,5.0
13918,1,4.0
13920,1,2.0
13924,1,5.0
13925,2,4.0
13930,1,5.0
13931,1,1.0
13932,2,5.0
13936,1,4.0
13937,3,5.0
13943,1,4.0
13948,1,4.0
13949,5,4.6
13951,1,5.0
13953,1,5.0
13954,3,3.0
13956,3,3.3333333333333335
13962,1,5.0
13964,1,5.0
13965,1,3.0
13967,2,4.5
13971,2,4.5
13972,1,3.0
13974,1,5.0
13982,2,4.5
13983,1,5.0
13986,2,3.0
13989,3,5.0
13993,4,4.5
13995,3,4.666666666666667
13998,2,4.5
14013,1,5.0
14014,2,4.0
14020,4,3.5
14025,1,5.0
14026,1,5.0
14027,1,4.0
14032,1,4.0
14033,2,5.0
14034,1,5.0
14035,1,4.0
14036,1,4.0
14037,2,5.0
14039,2,4.5
14041,1,4.0
14042,1,5.0
14049,1,3.0
14051,1,2.0
14052,2,5.0
14054,1,2.0
14055,1,5.0
14058,2,4.5
14063,2,4.0
14071,1,5.0
14073,1,5.0
14079,2,5.0
14080,1,3.0
14088,4,3.5
14093,1,5.0
14099,1,5.0
14100,1,5.0
14101,1,4.0
14106,2,4.0
14107,1,3.0
14108,1,5.0
14109,2,5.0
14123,2,5.0
14126,5,3.0
14132,2,5.0
14133,1,5.0
14135,1,3.0
14137,5,3.6
14138,2,5.0
14141,1,5.0
14143,1,4.0
14150,2,3.0
14152,1,5.0
14153,2,4.5
14156,1,5.0
14157,1,4.0
14158,1,5.0
14160,1,5.0
14161,1,5.0
14163,1,4.0
14166,1,5.0
14169,1,4.0
14170,1,5.0
14176,3,4.666666666666667
14177,1,5.0
14180,1,5.0
14182,1,5.0
14183,1,5.0
14186,1,4.0
14188,2,3.5
14190,2,4.0
14192,1,2.0
14193,1,5.0
14195,1,5.0
14196,1,5.0
14199,1,3.0
14200,1,5.0
14202,3,4.0
14212,1,5.0
14213,1,3.0
14218,1,4.0
14219,1,5.0
14220,2,3.5
14221,1,4.0
14222,1,5.0
14226,2,4.0
14227,1,5.0
14233,1,5.0
14238,1,1.0
14239,1,5.0
14240,1,5.0
14244,1,5.0
14248,3,4.333333333333333
14249,2,4.0
14250,1,5.0
14251,3,5.0
14255,2,4.0
14258,1,5.0
14260,3,4.0
14263,2,5.0
14266,2,5.0
14267,1,5.0
14268,3,4.666666666666667
14275,1,4.0
14276,1,5.0
14279,1,5.0
14282,4,4.5
14287,1,3.0
14289,1,1.0
14291,2,4.5
14298,1,3.0
14299,1,5.0
14303,3,3.0
14304,3,4.0
14307,1,4.0
14309,1,5.0
14310,2,4.0
14311,1,5.0
14312,1,5.0
14313,1,4.0
14315,2,3.0
14317,1,5.0
14322,1,4.0
14323,1,2.0
14325,3,4.0
14326,1,4.0
14327,1,5.0
14328,1,4.0
14333,1,5.0
14334,3,4.0
14335,1,1.0
14339,1,4.0
14340,2,2.5
14341,2,4.0
14345,3,5.0
14346,5,3.8
14347,5,5.0
14350,2,4.5
14351,1,3.0
14353,3,3.3333333333333335
14354,1,5.0
14365,1,5.0
14367,1,3.0
14370,2,4.0
14372,1,5.0
14375,1,3.0
14379,2,4.5
14380,1,4.0
14383,1,5.0
14386,1,4.0
14388,1,2.0
14389,1,4.0
14392,1,2.0
14393,1,5.0
14395,1,5.0
14396,1,3.0
14397,1,4.0
14404,2,5.0
14405,1,5.0
14406,1,5.0
14407,1,5.0
14409,1,5.0
14414,1,4.0
14417,1,4.0
14419,1,5.0
14422,1,5.0
14431,5,5.0
14433,1,5.0
14434,1,4.0
14437,3,5.0
14438,2,4.0
14440,2,4.0
14444,1,4.0
14447,1,5.0
14449,1,5.0
14451,7,4.285714285714286
14453,6,4.166666666666667
14454,1,5.0
14455,2,3.5
14456,1,5.0
14457,4,5.0
14459,1,5.0
14461,1,4.0
14466,1,5.0
14467,1,4.0
14468,1,5.0
14472,1,5.0
14475,1,5.0
14477,3,3.6666666666666665
14480,1,3.0
14481,1,5.0
14483,1,3.0
14486,4,4.0
14489,1,2.0
14491,1,4.0
14493,3,3.3333333333333335
14494,1,4.0
14499,2,4.5
14502,4,4.0
14504,5,4.4
14515,1,4.0
14518,1,4.0
14524,3,4.666666666666667
14528,2,3.5
14529,1,4.0
14531,2,3.0
14532,1,4.0
14533,1,3.0
14535,2,5.0
14540,1,4.0
14541,1,3.0
14544,1,4.0
14549,1,2.0
14559,3,3.3333333333333335
14560,5,4.8
14561,2,3.5
14563,1,4.0
14567,1,4.0
14568,1,3.0
14569,1,1.0
14570,1,4.0
14571,1,5.0
14572,1,4.0
14575,1,3.0
14576,1,4.0
14581,1,5.0
14585,1,5.0
14587,2,4.5
14588,1,5.0
14589,1,5.0
14590,1,4.0
14595,1,4.0
14599,1,5.0
14600,1,3.0
14605,1,4.0
14614,1,5.0
14615,2,2.5
14616,1,4.0
14618,1,5.0
14620,1,4.0
14623,1,3.0
14626,2,4.5
14627,1,2.0
14630,3,3.6666666666666665
14632,2,5.0
14633,2,4.0
14635,1,5.0
14636,1,4.0
14637,1,5.0
14640,1,5.0
14641,2,3.0
14642,1,5.0
14644,1,5.0
14646,2,4.0
14649,1,3.0
14650,1,4.0
14656,1,3.0
14657,1,5.0
14660,1,5.0
14664,1,4.0
14665,1,5.0
14671,1,5.0
14676,4,5.0
14677,1,5.0
14678,1,5.0
14679,1,4.0
14680,1,4.0
14681,1,2.0
14682,2,5.0
14684,1,4.0
14685,1,5.0
14686,2,5.0
14689,2,5.0
14691,1,2.0
14694,3,3.6666666666666665
14695,4,4.75
14698,1,4.0
14701,3,4.666666666666667
14703,4,4.5
14705,1,5.0
14707,3,5.0
14708,1,1.0
14709,3,4.0
14710,2,3.5
14713,2,5.0
14716,1,4.0
14718,1,3.0
14721,1,5.0
14722,1,5.0
14727,1,4.0
14728,1,4.0
14730,4,4.75
14732,1,3.0
14734,1,3.0
14735,1,2.0
14743,1,1.0
14747,1,5.0
14749,2,4.5
14753,1,5.0
14755,3,3.6666666666666665
14756,1,5.0
14757,1,4.0
14758,1,5.0
14760,1,4.0
14765,1,4.0
14770,1,5.0
14775,2,5.0
14781,1,4.0
14783,1,5.0
14790,1,5.0
14791,1,5.0
14793,1,5.0
14797,2,4.0
14798,7,4.571428571428571
14800,1,5.0
14801,4,4.75
14803,2,4.0
14806,2,4.5
14810,1,5.0
14813,1,5.0
14816,1,5.0
14818,6,3.3333333333333335
14819,2,4.0
14826,1,3.0
14827,2,4.0
14833,2,5.0
14834,1,5.0
14836,2,4.0
14843,1,3.0
14845,1,5.0
14846,4,4.5
14848,1,5.0
14851,2,4.0
14856,1,5.0
14868,2,4.0
14875,7,4.428571428571429
14879,1,5.0
14889,1,4.0
14891,2,5.0
14892,1,3.0
14897,1,5.0
14898,1,4.0
14899,2,2.0
14900,1,5.0
14902,1,5.0
14903,5,3.6
14904,1,3.0
14908,1,4.0
14909,3,3.3333333333333335
14910,1,5.0
14912,4,4.75
14914,2,2.0
14915,3,4.0
14916,1,3.0
14917,1,4.0
14919,1,4.0
14921,1,5.0
14922,1,5.0
14924,1,5.0
14926,1,5.0
14928,1,4.0
14929,1,3.0
14935,1,3.0
14936,1,5.0
14937,1,5.0
14939,1,4.0
14940,1,4.0
14942,2,3.5
14943,1,4.0
14946,1,5.0
14947,1,4.0
14950,1,4.0
14952,1,5.0
14953,1,4.0
14954,1,5.0
14956,1,3.0
14960,1,5.0
14966,1,4.0
14968,1,5.0
14969,1,4.0
14972,1,5.0
14973,2,5.0
14976,1,4.0
14980,1,5.0
14982,1,5.0
14983,1,5.0
14985,1,3.0
14986,1,4.0
14987,2,4.0
14988,1,5.0
14991,1,2.0
14993,1,4.0
14995,1,5.0
14999,1,3.0
15006,2,3.5
15014,1,4.0
15016,2,4.5
15017,1,5.0
15024,1,3.0
15028,1,5.0
15030,2,5.0
15031,1,4.0
15034,4,4.25
15036,2,4.0
15043,2,3.0
15048,1,3.0
15049,1,2.0
15055,1,5.0
15059,1,5.0
15061,2,4.0
15062,1,5.0
15063,2,4.5
15065,4,3.5
15066,1,4.0
15069,1,5.0
15071,1,5.0
15074,5,4.4
15075,1,4.0
15076,1,5.0
15077,1,1.0
15079,3,4.0
15080,4,4.0
15084,3,5.0
15085,1,4.0
15086,1,3.0
15087,1,4.0
15088,2,5.0
15090,1,4.0
15093,2,3.5
15095,3,4.666666666666667
15097,1,4.0
15098,1,4.0
15099,1,5.0
15101,1,5.0
15107,1,5.0
15122,1,4.0
15123,1,4.0
15126,2,4.5
15128,1,5.0
15133,1,5.0
15142,1,2.0
15145,1,3.0
15146,1,3.0
15149,2,3.5
15155,1,5.0
15158,1,4.0
15159,1,5.0
15161,1,5.0
15163,2,5.0
15167,1,4.0
15172,1,4.0
15178,1,5.0
15181,1,5.0
15186,3,4.333333333333333
15187,2,4.0
15188,1,5.0
15196,2,4.5
15209,1,5.0
15211,17,4.176470588235294
15212,1,5.0
15223,1,5.0
15224,1,4.0
15225,1,3.0
15226,1,4.0
15230,1,3.0
15231,1,5.0
15232,1,5.0
15242,1,4.0
15248,1,5.0
15252,6,4.833333333333333
15253,1,4.0
15254,4,4.5
15255,1,4.0
15257,1,5.0
15260,1,5.0
15264,1,5.0
15267,2,5.0
15270,1,3.0
15271,2,4.0
15275,1,4.0
15276,1,4.0
15281,8,4.625
15285,1,5.0
15286,1,4.0
15289,1,5.0
15290,1,5.0
15293,1,5.0
15296,1,5.0
15297,1,3.0
15298,1,5.0
15302,1,4.0
15306,1,4.0
15307,1,5.0
15308,1,4.0
15310,1,5.0
15326,1,5.0
15332,1,4.0
15335,2,2.5
15336,2,4.0
15338,1,4.0
15341,3,4.0
15342,1,5.0
15346,1,3.0
15350,1,5.0
15352,2,4.5
15360,2,4.5
15364,1,5.0
15366,1,5.0
15367,1,3.0
15369,1,4.0
15370,3,4.666666666666667
15371,1,4.0
15372,2,2.0
15376,2,4.5
15377,1,5.0
15380,1,3.0
15384,1,1.0
15386,1,4.0
15390,1,4.0
15396,1,4.0
15398,1,4.0
15402,1,4.0
15405,2,4.0
15409,3,4.0
15410,2,3.5
15411,2,4.0
15415,3,4.0
15416,2,3.5
15417,1,5.0
15418,1,5.0
15431,1,5.0
15433,2,3.0
15439,2,4.0
15442,1,5.0
15445,3,3.6666666666666665
15448,1,3.0
15450,1,4.0
15451,1,3.0
15456,2,3.0
15457,1,4.0
15459,1,4.0
15463,2,5.0
15464,1,2.0
15465,1,5.0
15466,3,3.6666666666666665
15467,1,5.0
15469,1,3.0
15472,1,5.0
15475,1,4.0
15478,2,2.5
15481,1,5.0
15483,1,4.0
15484,1,5.0
15487,2,4.0
15490,1,5.0
15491,1,3.0
15494,1,5.0
15495,1,4.0
15509,1,3.0
15510,1,5.0
15513,1,5.0
15515,1,5.0
15518,4,5.0
15520,1,5.0
15528,2,4.5
15533,1,5.0
15535,2,3.5
15536,1,5.0
15538,1,5.0
15540,2,3.5
15545,1,3.0
15546,1,4.0
15547,1,4.0
15548,1,4.0
15549,1,5.0
15553,1,4.0
15554,1,4.0
15555,1,4.0
15556,2,3.5
15562,1,4.0
15563,1,4.0
15564,2,4.0
15565,1,4.0
15566,2,5.0
15567,2,5.0
15568,2,3.5
15578,1,4.0
15580,4,4.0
15583,1,5.0
15585,1,5.0
15588,1,4.0
15591,1,3.0
15593,1,5.0
15601,1,2.0
15602,1,1.0
15603,2,5.0
15615,2,4.5
15618,1,5.0
15619,1,4.0
15621,2,4.0
15624,1,5.0
15630,1,3.0
15631,1,5.0
15634,2,3.5
15635,1,4.0
15638,2,5.0
15641,1,1.0
15642,2,5.0
15648,1,5.0
15657,2,5.0
15664,2,3.0
15666,1,4.0
15669,1,5.0
15674,1,5.0
15676,1,5.0
15680,1,5.0
15681,1,4.0
15685,1,4.0
15687,1,3.0
15694,3,3.6666666666666665
15697,1,5.0
15707,1,1.0
15709,1,4.0
15710,1,5.0
15712,2,3.5
15718,1,5.0
15719,2,3.0
15725,2,5.0
15726,1,4.0
15728,1,5.0
15729,1,5.0
15731,2,4.5
15732,1,5.0
15733,1,4.0
15735,5,4.6
15737,1,5.0
15740,1,5.0
15742,1,5.0
15744,1,5.0
15746,1,5.0
15747,2,4.0
15748,1,4.0
15750,1,5.0
15757,2,5.0
15762,1,4.0
15763,1,5.0
15766,1,4.0
15770,3,3.3333333333333335
15772,3,4.333333333333333
15773,1,1.0
15774,1,5.0
15775,1,5.0
15776,4,4.5
15778,1,5.0
15779,3,4.0
15782,3,3.0
15783,1,3.0
15786,1,5.0
15789,1,5.0
15791,1,4.0
15794,1,5.0
15798,1,4.0
15803,1,5.0
15804,1,5.0
15805,3,4.666666666666667
15807,2,3.5
15809,1,5.0
15810,1,2.0
15814,1,5.0
15815,1,3.0
15816,1,3.0
15817,1,5.0
15818,1,5.0
15820,1,4.0
15822,1,4.0
15823,1,5.0
15824,1,2.0
15826,1,3.0
15827,2,5.0
15829,2,5.0
15836,1,4.0
15838,1,5.0
15840,1,4.0
15842,2,4.0
15847,1,4.0
15848,1,1.0
15851,1,3.0
15852,2,5.0
15853,1,3.0
15854,1,5.0
15855,1,4.0
15856,2,4.0
15862,3,4.666666666666667
15865,2,4.0
15872,1,5.0
15873,1,5.0
15874,2,4.5
15875,1,5.0
15878,2,3.5
15881,1,4.0
15886,1,4.0
15887,1,5.0
15891,1,5.0
15893,3,4.0
15894,1,4.0
15897,1,4.0
15898,1,4.0
15906,1,5.0
15912,1,5.0
15922,2,5.0
15931,1,5.0
15936,1,5.0
15939,1,5.0
15945,1,5.0
15946,1,5.0
15947,1,4.0
15948,2,4.5
15949,1,5.0
15951,2,5.0
15953,1,5.0
15954,1,5.0
15955,1,5.0
15959,1,3.0
15960,2,3.0
15963,1,3.0
15982,1,5.0
15984,2,4.5
15985,1,2.0
15989,1,4.0
15993,1,5.0
15994,1,5.0
15997,1,2.0
15998,6,4.0
16003,1,4.0
16005,1,5.0
16006,2,4.5
16007,1,5.0
16012,1,4.0
16019,1,5.0
16021,4,3.75
16023,1,5.0
16025,1,3.0
16028,7,4.0
16030,1,4.0
16032,1,4.0
16035,2,5.0
16038,1,5.0
16042,2,4.0
16043,2,4.5
16047,2,4.0
16050,1,3.0
16051,1,3.0
16052,1,3.0
16054,1,4.0
16058,2,4.0
16060,1,5.0
16062,1,5.0
16063,1,4.0
16067,1,2.0
16081,1,5.0
16083,1,4.0
16085,1,3.0
16093,2,4.5
16095,1,5.0
16097,1,4.0
16100,1,1.0
16106,1,5.0
16107,1,4.0
16109,1,5.0
16111,1,4.0
16115,3,4.666666666666667
16118,1,4.0
16127,3,3.3333333333333335
16132,1,5.0
16136,1,4.0
16137,1,4.0
16158,1,3.0
16161,2,5.0
16166,1,5.0
16167,3,4.0
16168,1,5.0
16170,1,3.0
16171,1,5.0
16175,1,5.0
16189,1,4.0
16197,1,4.0
16198,2,5.0
16205,1,5.0
16210,1,4.0
16211,1,3.0
16216,2,5.0
16217,1,5.0
16219,1,4.0
16221,1,4.0
16223,1,2.0
16225,1,5.0
16230,1,4.0
16231,1,5.0
16232,1,5.0
16235,2,3.5
16238,1,3.0
16239,1,4.0
16244,1,5.0
16247,1,5.0
16255,1,3.0
16256,1,3.0
16258,2,4.0
16259,1,3.0
16260,1,4.0
16261,2,5.0
16262,1,5.0
16263,1,3.0
16265,2,4.0
16268,1,2.0
16270,1,4.0
16271,1,4.0
16275,1,4.0
16277,1,4.0
16279,4,3.5
16282,1,4.0
16284,1,5.0
16288,2,4.5
16290,1,4.0
16291,1,4.0
16299,1,4.0
16302,1,5.0
16304,2,5.0
16316,1,4.0
16318,1,5.0
16324,1,5.0
16325,1,5.0
16327,1,5.0
16329,1,4.0
16334,1,4.0
16335,2,5.0
16338,1,2.0
16339,1,5.0
16343,2,5.0
16344,1,4.0
16345,1,3.0
16346,1,2.0
16349,2,4.5
16351,1,4.0
16355,1,5.0
16359,2,2.5
16362,1,5.0
16368,1,5.0
16373,1,5.0
16376,1,5.0
16378,1,5.0
16381,2,5.0
16384,1,5.0
16388,1,5.0
16389,2,4.5
16395,1,3.0
16396,1,5.0
16399,1,5.0
16405,2,4.0
16407,1,4.0
16409,3,4.666666666666667
16418,2,4.5
16419,1,3.0
16420,3,4.333333333333333
16426,1,5.0
16428,1,3.0
16429,1,5.0
16432,1,5.0
16434,2,4.5
16437,1,5.0
16442,1,4.0
16443,2,4.5
16446,1,4.0
16450,1,5.0
16452,1,5.0
16459,1,4.0
16462,1,5.0
16465,1,5.0
16468,1,3.0
16471,2,4.0
16479,3,4.666666666666667
16480,1,3.0
16481,2,4.0
16482,1,5.0
16484,2,4.5
16489,1,4.0
16491,1,1.0
16492,2,4.0
16493,1,4.0
16494,3,4.333333333333333
16498,1,5.0
16501,2,3.5
16504,1,4.0
16505,1,3.0
16507,1,4.0
16508,2,4.0
16510,1,4.0
16511,1,4.0
16514,1,3.0
16515,1,3.0
16517,2,3.5
16523,1,3.0
16527,1,5.0
16532,2,5.0
16534,1,5.0
16535,1,5.0
16536,2,4.0
16540,2,5.0
16541,1,5.0
16542,2,5.0
16544,1,3.0
16554,1,5.0
16555,1,5.0
16556,1,5.0
16557,1,5.0
16560,2,5.0
16561,1,5.0
16568,2,4.5
16571,1,5.0
16572,3,3.3333333333333335
16577,1,5.0
16582,1,5.0
16587,1,4.0
16590,1,4.0
16592,1,3.0
16593,1,5.0
16596,4,3.0
16612,1,4.0
16622,1,5.0
16624,1,4.0
16625,1,4.0
16627,1,5.0
16631,1,5.0
16635,1,5.0
16638,1,3.0
16642,1,4.0
16643,1,5.0
16644,2,5.0
16647,1,4.0
16655,1,4.0
16656,2,4.0
16657,8,4.25
16661,1,3.0
16664,3,4.333333333333333
16667,1,4.0
16669,1,4.0
16671,1,4.0
16672,2,5.0
16675,1,5.0
16676,1,4.0
16682,1,5.0
16687,1,4.0
16688,1,3.0
16691,2,4.0
16694,1,3.0
16698,1,5.0
16700,1,4.0
16710,1,5.0
16711,1,4.0
16713,3,4.333333333333333
16714,1,5.0
16717,1,4.0
16722,1,3.0
16723,1,5.0
16726,1,2.0
16729,1,4.0
16731,1,5.0
16735,1,5.0
16740,4,4.25
16746,1,5.0
16747,2,5.0
16753,1,5.0
16760,1,5.0
16763,8,4.125
16764,4,4.5
16769,1,5.0
16771,3,4.333333333333333
16776,1,2.0
16779,1,5.0
16780,2,4.5
16782,2,3.5
16785,1,3.0
16787,8,4.5
16791,1,5.0
16795,3,1.6666666666666667
16796,4,4.5
16799,3,4.333333333333333
16801,2,5.0
16804,3,4.666666666666667
16805,1,4.0
16813,1,5.0
16815,1,4.0
16816,1,5.0
16817,1,5.0
16818,5,3.6
16820,6,3.8333333333333335
16825,1,4.0
16828,3,5.0
16833,5,4.0
16836,1,5.0
16840,1,5.0
16842,3,4.0
16843,1,5.0
16846,1,4.0
16849,1,4.0
16852,1,4.0
16853,3,4.333333333333333
16856,2,4.5
16860,1,3.0
16861,2,5.0
16862,2,5.0
16865,3,4.333333333333333
16866,1,5.0
16867,1,5.0
16868,1,4.0
16869,1,4.0
16870,3,4.333333333333333
16875,1,5.0
16877,1,5.0
16884,1,4.0
16886,2,2.5
16887,1,5.0
16892,1,5.0
16893,2,4.5
16894,1,4.0
16897,1,4.0
16899,1,3.0
16901,1,5.0
16902,2,4.5
16903,3,4.666666666666667
16907,1,5.0
16917,1,5.0
16922,2,2.0
16924,3,5.0
16926,1,4.0
16928,1,3.0
16937,2,4.0
16938,1,5.0
16940,1,4.0
16947,1,5.0
16950,1,5.0
16951,1,5.0
16953,1,5.0
16954,1,4.0
16958,1,4.0
16961,1,5.0
16962,1,4.0
16963,3,4.0
16965,1,4.0
16967,1,3.0
16971,1,5.0
16972,1,3.0
16974,1,4.0
16975,2,4.5
16978,1,5.0
16981,2,4.5
16982,1,4.0
16985,1,5.0
16986,2,3.0
16989,2,4.0
16990,1,5.0
16995,2,4.0
16999,8,4.125
17000,1,5.0
17003,1,4.0
17004,1,4.0
17006,1,5.0
17008,2,4.5
17011,1,5.0
17018,2,5.0
17023,1,5.0
17028,3,4.0
17029,2,4.0
17032,1,3.0
17033,4,5.0
17036,1,4.0
17039,1,5.0
17042,1,5.0
17044,1,4.0
17047,2,4.0
17049,1,5.0
17050,2,4.0
17059,1,4.0
17062,1,4.0
17063,2,4.5
17065,3,3.6666666666666665
17066,1,4.0
17069,5,4.0
17072,2,4.0
17074,1,5.0
17078,2,5.0
17084,3,4.333333333333333
17085,1,5.0
17091,1,5.0
17092,1,5.0
17093,2,4.0
17101,1,5.0
17105,1,2.0
17110,4,5.0
17117,2,5.0
17119,1,5.0
17120,1,5.0
17122,2,4.5
17123,1,4.0
17129,1,5.0
17137,1,5.0
17138,1,5.0
17141,1,4.0
17145,1,5.0
17146,1,3.0
17151,1,5.0
17155,1,5.0
17157,1,3.0
17160,1,5.0
17161,1,5.0
17162,1,5.0
17163,1,5.0
17164,1,5.0
17166,1,1.0
17167,1,5.0
17169,5,4.2
17177,1,5.0
17194,1,5.0
17195,3,4.666666666666667
17201,1,1.0
17202,1,4.0
17207,3,4.333333333333333
17210,1,4.0
17215,1,5.0
17221,1,5.0
17223,1,5.0
17224,1,4.0
17226,1,5.0
17227,1,2.0
17235,4,4.75
17245,1,4.0
17247,3,3.0
17253,1,4.0
17254,1,5.0
17255,1,5.0
17264,1,4.0
17272,2,4.0
17279,1,5.0
17281,1,5.0
17284,2,5.0
17285,2,5.0
17287,1,5.0
17290,1,1.0
17293,1,5.0
17294,2,4.5
17299,1,2.0
17300,1,4.0
17302,1,4.0
17303,1,5.0
17304,1,4.0
17310,1,5.0
17313,6,5.0
17323,1,5.0
17324,1,4.0
17325,2,4.0
17327,1,4.0
17331,2,4.0
17332,3,5.0
17336,1,4.0
17344,1,5.0
17346,1,5.0
17352,1,4.0
17358,6,3.8333333333333335
17359,2,4.0
17360,1,5.0
17364,1,5.0
17368,1,5.0
17369,1,5.0
17370,1,3.0
17373,1,3.0
17375,1,4.0
17378,1,4.0
17379,1,4.0
17384,1,5.0
17385,1,4.0
17386,3,3.6666666666666665
17387,1,4.0
17390,1,2.0
17392,2,4.5
17393,2,5.0
17395,1,4.0
17401,1,5.0
17402,1,3.0
17409,2,5.0
17411,9,4.666666666666667
17412,1,5.0
17413,1,4.0
17414,1,5.0
17417,4,4.25
17421,1,5.0
17427,1,5.0
17429,3,4.0
17431,1,5.0
17432,1,4.0
17438,1,3.0
17442,2,4.0
17444,3,4.333333333333333
17446,1,5.0
17447,1,5.0
17450,1,5.0
17451,2,5.0
17453,1,5.0
17455,1,4.0
17456,1,4.0
17459,1,3.0
17460,1,5.0
17462,1,5.0
17464,2,4.0
17467,4,4.5
17468,1,5.0
17469,3,5.0
17471,1,5.0
17472,1,4.0
17473,1,5.0
17474,2,5.0
17480,1,5.0
17483,1,3.0
17484,1,4.0
17487,2,4.0
17489,5,4.0
17491,1,4.0
17492,1,5.0
17493,1,4.0
17496,1,5.0
17499,1,4.0
17500,1,2.0
17504,1,5.0
17505,1,4.0
17506,1,5.0
17507,3,2.0
17508,2,4.5
17509,2,5.0
17510,1,4.0
17511,2,5.0
17516,1,4.0
17526,1,5.0
17536,1,4.0
17537,1,5.0
17538,1,5.0
17543,1,3.0
17544,1,4.0
17545,1,5.0
17547,1,5.0
17562,1,4.0
17563,1,4.0
17569,2,4.5
17571,1,4.0
17575,1,3.0
17576,1,5.0
17577,1,5.0
17582,1,5.0
17585,2,3.5
17586,1,5.0
17587,1,4.0
17589,1,4.0
17593,3,4.666666666666667
17595,2,4.5
17596,1,5.0
17597,2,3.5
17598,1,4.0
17602,4,4.75
17603,1,4.0
17609,1,4.0
17612,1,5.0
17614,1,4.0
17616,1,3.0
17617,1,5.0
17618,3,4.0
17620,1,4.0
17624,5,4.2
17625,1,1.0
17626,2,2.0
17628,1,5.0
17629,1,4.0
17631,1,5.0
17632,3,4.0
17641,2,4.5
17643,1,4.0
17652,2,5.0
17657,7,3.5714285714285716
17662,1,4.0
17663,1,3.0
17664,2,3.0
17665,1,3.0
17666,1,4.0
17672,2,4.0
17677,1,3.0
17678,1,5.0
17679,3,5.0
17687,2,5.0
17688,1,4.0
17690,1,1.0
17694,1,5.0
17697,1,5.0
17699,1,3.0
17707,1,4.0
17708,1,5.0
17711,3,2.3333333333333335
17713,1,5.0
17716,1,4.0
17726,1,5.0
17727,1,4.0
17731,1,5.0
17734,1,5.0
17737,1,3.0
17738,4,4.0
17740,1,5.0
17745,1,5.0
17746,2,5.0
17747,1,4.0
17749,1,5.0
17752,1,5.0
17755,1,4.0
17759,3,4.0
17760,1,3.0
17762,1,1.0
17763,2,4.5
17767,1,3.0
17768,1,2.0
17771,2,4.5
17772,4,4.5
17773,1,5.0
17778,2,3.0
17779,1,5.0
17782,1,4.0
17783,1,5.0
17784,1,5.0
17785,1,3.0
17788,1,5.0
17789,1,5.0
17791,1,5.0
17792,1,5.0
17793,2,4.0
17804,1,4.0
17805,1,4.0
17810,1,4.0
17811,1,5.0
17812,1,5.0
17813,1,4.0
17819,1,3.0
17820,1,5.0
17824,1,5.0
17829,1,5.0
17831,1,5.0
17832,1,4.0
17834,1,2.0
17837,2,3.5
17841,1,4.0
17843,2,4.0
17846,1,5.0
17850,3,3.6666666666666665
17852,1,4.0
17853,1,3.0
17854,1,4.0
17855,1,5.0
17858,1,4.0
17859,1,4.0
17864,1,4.0
17869,1,5.0
17877,3,4.0
17878,1,4.0
17884,1,5.0
17885,1,5.0
17886,3,3.6666666666666665
17887,1,5.0
17889,1,4.0
17892,2,4.5
17893,2,4.5
17899,1,5.0
17902,1,3.0
17903,1,4.0
17905,1,5.0
17912,2,4.0
17915,1,3.0
17916,1,4.0
17922,1,5.0
17925,4,5.0
17929,1,2.0
17930,4,4.5
17933,1,4.0
17934,1,2.0
17938,1,5.0
17940,4,4.5
17943,1,5.0
17945,1,4.0
17947,1,5.0
17948,1,5.0
17949,2,4.0
17952,2,4.0
17953,1,5.0
17954,2,4.0
17955,1,5.0
17956,2,4.0
17958,3,4.0
17960,2,4.5
17962,1,5.0
17964,1,4.0
17968,1,4.0
17976,1,2.0
17977,1,5.0
17981,1,5.0
17984,2,5.0
17985,2,5.0
17988,1,2.0
17990,1,5.0
17991,2,4.0
17997,3,5.0
17999,1,3.0
18001,1,4.0
18002,8,5.0
18004,2,4.0
18011,1,5.0
18014,1,1.0
18015,1,5.0
18016,3,4.0
18017,3,4.666666666666667
18018,2,5.0
18020,1,5.0
18022,2,4.5
18023,3,3.3333333333333335
18026,2,5.0
18027,3,4.333333333333333
18029,1,4.0
18032,2,4.5
18034,2,4.0
18040,4,4.75
18042,2,5.0
18043,1,3.0
18047,1,5.0
18051,2,4.0
18052,1,5.0
18054,1,5.0
18055,1,5.0
18056,1,5.0
18059,1,5.0
18067,1,4.0
18068,1,4.0
18074,1,4.0
18077,1,5.0
18078,1,4.0
18083,1,5.0
18085,1,5.0
18088,4,4.5
18089,1,5.0
18092,1,5.0
18100,1,5.0
18105,2,4.0
18106,3,4.666666666666667
18107,1,4.0
18108,1,1.0
18112,2,5.0
18116,4,4.5
18119,1,4.0
18120,1,4.0
18121,3,3.6666666666666665
18122,2,5.0
18124,1,4.0
18127,1,3.0
18128,2,4.5
18134,1,5.0
18135,2,5.0
18137,1,1.0
18138,1,4.0
18140,1,4.0
18142,1,4.0
18149,1,5.0
18153,2,4.0
18154,1,5.0
18156,1,4.0
18157,1,5.0
18158,1,4.0
18160,1,5.0
18166,2,5.0
18168,1,3.0
18170,1,1.0
18175,1,5.0
18178,1,5.0
18181,1,1.0
18182,2,4.0
18186,1,5.0
18187,1,4.0
18191,1,5.0
18193,1,4.0
18194,2,5.0
18197,1,5.0
18198,1,2.0
18200,1,4.0
18202,1,5.0
18206,1,2.0
18208,1,5.0
18213,1,5.0
18215,1,4.0
18216,2,4.0
18217,2,4.5
18218,1,5.0
18221,1,1.0
18228,3,5.0
18231,1,5.0
18232,1,3.0
18233,1,3.0
18234,1,3.0
18237,1,3.0
18238,1,5.0
18240,1,5.0
18242,1,3.0
18243,1,4.0
18244,1,4.0
18246,2,5.0
18250,2,5.0
18253,1,4.0
18258,1,4.0
18264,3,4.333333333333333
18266,1,4.0
18267,1,5.0
18269,1,3.0
18270,1,5.0
18271,1,1.0
18275,2,4.0
18276,1,3.0
18277,2,4.5
18278,1,5.0
18281,1,4.0
18286,1,3.0
18287,1,5.0
18288,1,4.0
18289,1,5.0
18290,1,3.0
18291,1,2.0
18295,1,4.0
18296,2,4.5
18297,1,5.0
18298,2,5.0
18303,2,5.0
18306,1,4.0
18307,7,4.571428571428571
18313,2,4.5
18315,1,4.0
18316,1,5.0
18317,1,3.0
18318,10,3.8
18320,1,4.0
18321,1,5.0
18325,4,1.25
18327,2,4.0
18328,1,5.0
18331,1,2.0
18334,1,5.0
18335,1,3.0
18336,1,4.0
18340,1,4.0
18341,1,4.0
18342,1,3.0
18343,1,3.0
18344,1,4.0
18347,1,5.0
18348,2,4.5
18349,1,5.0
18350,1,4.0
18352,1,5.0
18358,1,5.0
18361,2,3.0
18362,2,3.5
18365,1,4.0
18366,1,5.0
18369,1,5.0
18371,1,5.0
18372,1,4.0
18374,1,5.0
18376,1,5.0
18381,1,4.0
18383,1,4.0
18386,2,5.0
18387,1,4.0
18389,1,3.0
18394,1,5.0
18395,3,4.333333333333333
18396,1,5.0
18402,1,4.0
18403,2,3.5
18404,2,4.0
18405,1,5.0
18407,1,3.0
18410,1,4.0
18411,4,4.0
18412,1,4.0
18413,1,4.0
18414,14,4.0
18418,1,3.0
18419,1,4.0
18420,1,4.0
18426,1,4.0
18427,3,1.6666666666666667
18430,1,4.0
18431,3,3.6666666666666665
18432,1,5.0
18433,1,4.0
18438,1,4.0
18441,1,3.0
18442,1,5.0
18444,1,5.0
18445,2,3.0
18450,1,4.0
18452,1,2.0
18453,1,4.0
18458,1,5.0
18459,1,3.0
18460,1,4.0
18461,2,3.0
18462,1,4.0
18465,1,5.0
18467,1,3.0
18474,2,3.0
18475,1,5.0
18486,1,4.0
18487,2,2.5
18489,1,5.0
18492,1,5.0
18493,2,4.5
18494,1,5.0
18496,1,5.0
18498,3,5.0
18500,2,4.0
18501,1,4.0
18503,4,3.75
18505,3,4.666666666666667
18508,2,4.0
18514,2,4.0
18515,3,3.6666666666666665
18516,1,5.0
18517,3,4.333333333333333
18519,1,4.0
18521,1,4.0
18525,1,5.0
18529,1,5.0
18535,1,2.0
18537,1,4.0
18538,1,4.0
18539,3,5.0
18540,1,5.0
18543,1,5.0
18551,2,4.5
18552,1,4.0
18553,1,4.0
18556,2,4.5
18558,1,5.0
18560,1,4.0
18563,1,4.0
18566,2,3.5
18567,1,4.0
18570,2,4.0
18572,2,4.5
18573,2,5.0
18579,1,4.0
18580,1,4.0
18581,1,5.0
18587,1,5.0
18589,1,5.0
18590,1,4.0
18592,6,4.333333333333333
18593,1,3.0
18595,2,4.5
18600,1,4.0
18602,1,5.0
18604,1,4.0
18605,1,5.0
18616,3,4.0
18617,2,4.0
18618,1,5.0
18620,1,5.0
18621,2,4.5
18626,1,5.0
18628,3,4.666666666666667
18633,1,5.0
18636,2,5.0
18637,1,4.0
18638,1,4.0
18644,1,2.0
18645,1,4.0
18646,1,4.0
18647,1,4.0
18648,1,5.0
18649,1,5.0
18651,2,5.0
18653,1,4.0
18654,1,3.0
18655,1,3.0
18657,1,4.0
18660,1,5.0
18667,1,1.0
18669,2,5.0
18671,2,4.5
18672,2,4.0
18676,1,4.0
18679,1,5.0
18680,1,5.0
18681,2,5.0
18685,2,3.0
18688,1,2.0
18695,1,4.0
18701,1,4.0
18704,1,4.0
18707,3,3.0
18713,1,4.0
18715,1,3.0
18721,1,5.0
18724,2,5.0
18727,1,5.0
18728,1,3.0
18729,1,5.0
18731,1,5.0
18734,1,4.0
18739,1,4.0
18740,1,4.0
18745,1,4.0
18749,1,5.0
18752,1,5.0
18761,1,5.0
18763,1,4.0
18766,2,3.0
18767,1,4.0
18770,1,4.0
18771,2,4.0
18774,2,3.5
18777,1,4.0
18778,1,5.0
18783,1,3.0
18785,1,4.0
18786,1,2.0
18788,1,4.0
18793,1,5.0
18794,1,5.0
18796,1,4.0
18797,1,3.0
18798,1,4.0
18799,1,5.0
18807,1,5.0
18808,6,4.833333333333333
18810,2,4.5
18812,3,5.0
18813,1,4.0
18816,2,3.0
18818,1,4.0
18822,1,3.0
18825,4,4.0
18837,1,5.0
18838,1,4.0
18840,1,4.0
18841,1,4.0
18846,1,3.0
18853,1,5.0
18857,1,5.0
18858,2,5.0
18863,2,3.5
18868,1,3.0
18870,1,5.0
18874,1,5.0
18877,1,4.0
18879,4,3.25
18884,1,4.0
18885,1,4.0
18887,1,5.0
18890,1,4.0
18892,1,4.0
18897,1,5.0
18899,2,5.0
18902,1,5.0
18903,2,3.5
18905,5,4.6
18909,2,3.5
18919,1,1.0
18927,3,3.3333333333333335
18928,2,3.0
18931,1,5.0
18935,1,5.0
18940,1,4.0
18942,1,4.0
18946,4,4.75
18948,1,3.0
18950,1,4.0
18954,2,4.0
18956,1,5.0
18957,1,5.0
18963,1,5.0
18969,2,3.0
18978,2,4.0
18983,1,4.0
18984,1,2.0
18988,1,4.0
18997,4,4.25
18999,1,2.0
19000,1,4.0
19002,1,3.0
19004,1,3.0
19005,1,5.0
19007,1,5.0
19011,1,5.0
19013,2,4.0
19017,1,5.0
19019,1,3.0
19021,1,5.0
19023,1,4.0
19025,1,4.0
19030,2,3.0
19031,1,5.0
19034,1,5.0
19036,2,5.0
19039,1,4.0
19040,1,1.0
19045,2,5.0
19046,1,3.0
19055,1,5.0
19059,1,5.0
19063,1,5.0
19072,3,5.0
19073,1,4.0
19076,3,2.3333333333333335
19078,1,5.0
19079,1,5.0
19080,1,4.0
19081,4,3.5
19082,1,5.0
19083,3,4.666666666666667
19084,1,5.0
19085,1,4.0
19088,1,5.0
19091,1,4.0
19092,2,4.0
19094,1,5.0
19095,1,5.0
19096,1,4.0
19098,1,3.0
19099,1,4.0
19104,1,4.0
19111,2,4.5
19113,1,4.0
19116,3,4.333333333333333
19117,1,3.0
19118,1,1.0
19121,1,4.0
19124,1,4.0
19135,1,5.0
19136,3,4.0
19138,1,5.0
19146,1,3.0
19149,1,5.0
19150,1,3.0
19151,1,1.0
19156,2,5.0
19157,1,3.0
19159,1,5.0
19164,1,5.0
19166,1,5.0
19171,1,5.0
19175,1,3.0
19181,1,5.0
19183,1,4.0
19189,1,4.0
19190,1,5.0
19194,3,4.666666666666667
19200,3,5.0
19206,4,4.0
19207,2,4.0
19208,2,5.0
19209,1,4.0
19210,2,4.5
19214,1,4.0
19215,2,4.5
19218,1,5.0
19219,1,4.0
19220,1,4.0
19221,2,4.5
19222,2,4.0
19228,1,4.0
19229,1,4.0
19237,10,3.8
19239,2,5.0
19241,1,5.0
19245,1,5.0
19247,1,3.0
19253,1,5.0
19255,1,5.0
19256,1,4.0
19258,2,5.0
19260,1,4.0
19262,1,4.0
19263,1,5.0
19264,2,5.0
19266,1,5.0
19271,1,3.0
19279,1,5.0
19281,1,5.0
19284,1,4.0
19285,1,4.0
19289,2,4.5
19291,5,4.8
19293,1,5.0
19294,1,5.0
19297,1,5.0
19299,1,4.0
19302,1,4.0
19304,3,4.333333333333333
19309,2,5.0
19310,1,5.0
19313,1,1.0
19315,5,3.4
19316,1,4.0
19321,1,3.0
19329,1,4.0
19332,1,4.0
19341,1,5.0
19345,1,4.0
19350,2,3.5
19353,1,5.0
19357,2,4.0
19359,1,4.0
19367,2,4.0
19368,1,5.0
19372,1,5.0
19374,3,4.0
19378,1,5.0
19379,1,5.0
19381,1,4.0
19383,1,3.0
19384,1,5.0
19388,1,5.0
19389,1,5.0
19395,4,4.75
19406,1,4.0
19407,2,3.0
19414,1,5.0
19417,1,5.0
19418,1,3.0
19423,1,4.0
19424,2,4.0
19425,1,4.0
19428,1,5.0
19429,2,4.5
19430,1,4.0
19431,1,5.0
19432,1,5.0
19434,2,4.0
19438,1,5.0
19453,2,4.0
19454,2,5.0
19456,1,5.0
19458,1,3.0
19460,1,3.0
19463,2,4.5
19466,3,4.666666666666667
19467,2,4.0
19470,1,3.0
19471,1,4.0
19474,1,5.0
19479,1,5.0
19480,2,2.5
19482,1,5.0
19488,2,4.0
19494,1,4.0
19499,1,5.0
19501,2,4.5
19502,1,5.0
19504,3,5.0
19507,1,4.0
19508,1,5.0
19509,2,3.0
19510,1,4.0
19513,1,5.0
19517,1,5.0
19520,1,4.0
19521,3,4.333333333333333
19524,1,5.0
19526,1,5.0
19527,1,4.0
19531,1,3.0
19535,1,4.0
19536,3,3.6666666666666665
19538,1,5.0
19540,1,5.0
19547,1,5.0
19551,1,5.0
19553,2,3.5
19555,1,5.0
19557,2,3.5
19561,1,2.0
19562,1,5.0
19564,1,1.0
19567,1,4.0
19572,1,4.0
19574,1,4.0
19576,1,3.0
19577,1,3.0
19581,1,5.0
19585,2,2.5
19587,2,4.5
19592,2,4.0
19595,1,4.0
19596,1,2.0
19598,1,5.0
19605,1,5.0
19608,1,4.0
19609,2,5.0
19610,1,5.0
19612,1,5.0
19615,1,5.0
19618,1,5.0
19621,2,5.0
19625,1,5.0
19628,2,3.5
19632,2,5.0
19633,2,5.0
19635,1,5.0
19636,4,4.0
19643,1,5.0
19649,1,4.0
19654,2,4.5
19657,1,4.0
19658,1,3.0
19662,1,5.0
19666,1,4.0
19667,1,5.0
19668,1,5.0
19669,1,2.0
19670,1,4.0
19671,1,3.0
19673,1,4.0
19675,2,4.0
19676,1,4.0
19679,1,5.0
19680,2,3.5
19681,1,3.0
19682,1,3.0
19683,2,3.5
19687,1,5.0
19689,3,4.0
19694,3,4.666666666666667
19700,2,3.0
19701,7,4.571428571428571
19702,2,4.0
19707,1,4.0
19709,3,4.0
19714,1,5.0
19722,1,3.0
19724,1,2.0
19727,3,4.333333333333333
19728,1,5.0
19730,1,4.0
19739,1,5.0
19748,2,3.5
19750,1,5.0
19754,1,4.0
19755,1,5.0
19757,1,5.0
19763,2,4.0
19765,2,3.5
19766,1,5.0
19771,1,4.0
19774,1,3.0
19778,1,2.0
19781,1,5.0
19782,1,4.0
19784,1,5.0
19785,1,4.0
19788,2,5.0
19789,1,5.0
19791,2,5.0
19792,1,4.0
19795,2,4.0
19810,1,5.0
19811,2,3.5
19813,4,4.5
19815,1,2.0
19820,1,4.0
19821,1,4.0
19822,1,5.0
19823,1,5.0
19825,3,3.6666666666666665
19828,1,4.0
19829,2,4.5
19837,1,4.0
19838,3,5.0
19843,1,4.0
19844,5,3.4
19845,2,4.0
19848,6,4.166666666666667
19852,1,4.0
19857,1,5.0
19858,4,4.0
19860,1,5.0
19862,1,4.0
19863,2,4.5
19866,1,4.0
19869,1,4.0
19871,2,4.0
19873,1,5.0
19877,2,4.0
19879,1,5.0
19880,1,5.0
19882,1,4.0
19883,1,4.0
19884,1,4.0
19887,1,4.0
19888,1,5.0
19891,2,5.0
19892,1,4.0
19894,1,5.0
19896,2,4.5
19899,1,4.0
19901,1,4.0
19902,1,3.0
19907,1,1.0
19908,1,5.0
19909,3,5.0
19914,4,4.5
19917,1,4.0
19919,1,4.0
19920,1,4.0
19921,1,5.0
19924,1,4.0
19929,2,4.5
19932,7,4.857142857142857
19933,1,3.0
19934,1,4.0
19936,4,4.5
19939,2,5.0
19942,1,4.0
19944,1,1.0
19945,3,4.666666666666667
19947,1,5.0
19948,4,5.0
19949,5,3.0
19952,1,5.0
19958,1,5.0
19961,6,4.166666666666667
19972,1,4.0
19976,1,5.0
19978,3,3.6666666666666665
19981,1,4.0
19983,1,5.0
19986,1,5.0
19987,2,3.0
19988,1,5.0
19993,1,5.0
19997,1,4.0
19999,1,5.0
20000,1,3.0
20001,1,4.0
20006,1,4.0
20007,1,5.0
20008,1,3.0
20010,2,5.0
20012,1,4.0
20015,1,4.0
20017,1,5.0
20018,1,3.0
20019,1,2.0
20020,1,3.0
20023,1,5.0
20024,1,5.0
20026,2,4.0
20029,1,5.0
20030,1,4.0
20032,1,4.0
20035,1,4.0
20037,2,5.0
20043,3,3.3333333333333335
20047,1,3.0
20049,1,4.0
20050,1,3.0
20051,3,4.333333333333333
20053,1,2.0
20054,4,2.25
20055,1,3.0
20056,1,4.0
20057,1,5.0
20058,1,1.0
20061,2,4.0
20063,1,3.0
20064,2,5.0
20065,1,5.0
20071,1,4.0
20072,2,3.0
20075,1,4.0
20076,1,3.0
20077,1,5.0
20080,1,3.0
20081,1,5.0
20082,3,5.0
20084,5,4.4
20088,1,5.0
20092,1,4.0
20094,1,3.0
20096,1,2.0
20097,1,5.0
20098,1,4.0
20100,2,3.5
20101,8,4.75
20108,1,5.0
20109,1,5.0
20112,1,5.0
20114,1,4.0
20118,3,4.333333333333333
20119,1,5.0
20123,3,5.0
20130,1,4.0
20135,1,5.0
20145,2,3.5
20153,1,3.0
20155,1,3.0
20157,2,4.0
20164,1,5.0
20166,1,5.0
20171,1,4.0
20173,1,3.0
20175,1,4.0
20176,1,1.0
20178,1,5.0
20180,2,4.0
20183,1,5.0
20184,3,4.333333333333333
20186,2,4.0
20191,1,5.0
20192,1,4.0
20199,4,4.75
20200,1,5.0
20201,1,3.0
20204,2,3.0
20210,2,3.5
20211,1,5.0
20212,1,5.0
20213,1,5.0
20214,1,4.0
20217,1,5.0
20218,2,4.5
20220,1,3.0
20222,2,4.0
20223,1,3.0
20233,1,3.0
20234,1,3.0
20235,3,3.0
20238,3,4.666666666666667
20239,2,3.0
20242,2,5.0
20249,1,5.0
20253,6,4.333333333333333
20256,1,4.0
20258,6,4.5
20259,1,4.0
20260,1,4.0
20262,1,5.0
20265,1,5.0
20269,1,4.0
20272,1,5.0
20276,1,5.0
20278,7,3.2857142857142856
20283,1,5.0
20284,1,4.0
20288,1,4.0
20300,1,5.0
20302,1,5.0
20303,1,5.0
20305,1,4.0
20308,1,5.0
20313,2,5.0
20315,3,5.0
20317,2,5.0
20320,1,4.0
20321,2,5.0
20323,1,4.0
20324,4,3.75
20327,1,4.0
20329,1,4.0
20332,1,5.0
20333,1,4.0
20335,1,4.0
20337,2,5.0
20342,2,5.0
20343,1,4.0
20345,1,5.0
20349,1,5.0
20350,1,4.0
20353,1,5.0
20355,1,1.0
20356,1,4.0
20357,1,5.0
20361,1,5.0
20362,2,3.5
20363,1,5.0
20366,1,3.0
20367,1,5.0
20370,3,3.3333333333333335
20372,1,5.0
20375,1,4.0
20380,1,2.0
20385,3,4.333333333333333
20386,2,3.0
20397,1,5.0
20399,1,4.0
20400,1,5.0
20405,1,5.0
20406,1,5.0
20413,2,4.5
20415,2,5.0
20416,1,4.0
20420,1,5.0
20428,1,5.0
20431,1,5.0
20445,1,2.0
20446,2,4.0
20449,1,5.0
20451,3,4.0
20457,2,3.5
20458,1,5.0
20460,1,4.0
20465,1,4.0
20466,2,4.0
20472,3,2.0
20475,2,5.0
20477,1,4.0
20480,2,5.0
20482,1,4.0
20484,2,4.5
20485,1,4.0
20489,1,4.0
20490,1,5.0
20491,1,5.0
20496,3,4.666666666666667
20497,1,5.0
20502,5,4.8
20503,2,4.5
20504,12,4.416666666666667
20514,1,4.0
20523,1,4.0
20529,1,4.0
20532,4,4.25
20533,1,5.0
20538,1,5.0
20543,1,4.0
20549,2,5.0
20550,2,3.5
20551,4,5.0
20552,2,5.0
20553,1,4.0
20554,1,4.0
20555,1,5.0
20556,1,4.0
20558,1,5.0
20567,1,4.0
20568,2,2.0
20569,1,4.0
20574,1,1.0
20575,1,5.0
20577,2,4.0
20583,1,5.0
20586,1,5.0
20588,1,1.0
20592,1,4.0
20593,1,5.0
20594,1,5.0
20595,1,5.0
20596,1,5.0
20600,1,2.0
20601,1,3.0
20602,1,5.0
20607,1,4.0
20608,2,3.0
20615,1,5.0
20616,1,4.0
20617,1,4.0
20618,1,4.0
20626,2,3.5
20627,3,3.3333333333333335
20631,1,5.0
20632,1,5.0
20639,2,3.0
20641,1,5.0
20642,1,5.0
20643,1,4.0
20645,1,4.0
20646,2,4.0
20649,2,3.0
20650,4,4.25
20652,1,5.0
20654,1,4.0
20655,5,4.4
20657,1,3.0
20661,1,5.0
20662,5,3.4
20663,1,5.0
20665,1,4.0
20666,2,5.0
20671,2,4.5
20674,2,4.5
20675,1,5.0
20677,1,4.0
20678,1,5.0
20680,3,3.6666666666666665
20685,2,3.0
20688,6,4.166666666666667
20693,1,5.0
20694,3,1.6666666666666667
20695,1,4.0
20696,1,5.0
20705,1,5.0
20706,1,5.0
20709,1,5.0
20710,4,4.5
20711,2,2.5
20712,2,5.0
20713,8,4.125
20716,2,4.0
20722,2,4.5
20725,1,3.0
20727,1,5.0
20728,1,3.0
20730,4,4.5
20731,1,3.0
20734,1,5.0
20739,1,3.0
20743,2,5.0
20746,1,5.0
20750,2,5.0
20761,1,3.0
20762,4,4.25
20769,11,4.0
20770,1,3.0
20771,2,3.0
20775,1,3.0
20776,1,5.0
20777,1,3.0
20778,1,5.0
20779,1,5.0
20781,1,4.0
20784,1,5.0
20785,2,4.0
20790,1,5.0
20795,1,5.0
20798,3,4.333333333333333
20799,1,5.0
20802,1,4.0
20810,1,5.0
20814,2,4.0
20817,1,5.0
20821,1,4.0
20824,1,4.0
20826,2,3.0
20827,1,5.0
20833,1,4.0
20841,3,5.0
20848,1,4.0
20851,1,5.0
20852,1,3.0
20863,2,3.5
20864,1,4.0
20867,2,5.0
20870,1,4.0
20871,1,5.0
20873,6,4.166666666666667
20875,1,5.0
20879,1,5.0
20882,1,5.0
20887,2,4.0
20889,2,5.0
20892,1,5.0
20894,1,3.0
20898,1,5.0
20899,1,5.0
20902,1,3.0
20904,3,4.333333333333333
20906,3,4.333333333333333
20907,3,4.0
20909,1,4.0
20911,1,4.0
20916,1,5.0
20917,1,4.0
20918,1,3.0
20920,1,5.0
20921,1,3.0
20924,1,2.0
20925,1,3.0
20927,1,5.0
20930,1,5.0
20935,2,3.0
20940,2,5.0
20945,1,5.0
20946,2,5.0
20948,1,5.0
20949,3,4.666666666666667
20952,2,5.0
20954,1,4.0
20957,1,4.0
20960,1,5.0
20961,1,5.0
20962,1,5.0
20965,2,5.0
20970,1,5.0
20973,1,4.0
20974,1,5.0
20977,1,5.0
20986,1,4.0
20987,1,5.0
20990,2,5.0
20993,1,5.0
20996,1,4.0
20999,5,3.8
21002,1,4.0
21007,1,4.0
21009,1,4.0
21011,2,3.0
21012,1,5.0
21014,1,2.0
21015,1,3.0
21018,2,3.5
21021,1,5.0
21028,1,5.0
21032,2,5.0
21038,1,5.0
21040,2,3.5
21042,1,4.0
21043,2,4.0
21048,2,4.0
21052,2,4.0
21053,3,3.6666666666666665
21056,2,1.0
21058,2,4.0
21059,1,5.0
21060,1,5.0
21064,1,5.0
21066,1,3.0
21067,2,3.5
21068,1,5.0
21074,1,4.0
21076,3,3.0
21077,1,4.0
21078,1,4.0
21081,1,5.0
21082,1,3.0
21088,2,4.0
21089,5,3.2
21092,1,5.0
21093,1,4.0
21096,1,4.0
21097,1,5.0
21098,1,3.0
21099,5,4.4
21101,1,4.0
21103,3,3.0
21106,2,3.0
21110,1,4.0
21112,1,3.0
21114,2,4.5
21118,2,5.0
21119,1,3.0
21120,5,4.0
21121,2,4.5
21122,1,4.0
21127,4,4.5
21128,9,3.888888888888889
21129,1,3.0
21132,1,4.0
21134,2,4.0
21138,1,2.0
21139,1,3.0
21142,1,5.0
21143,2,4.0
21144,1,3.0
21145,1,5.0
21149,1,4.0
21150,1,3.0
21151,1,5.0
21156,1,4.0
21158,1,4.0
21168,1,4.0
21170,1,4.0
21171,1,5.0
21174,1,4.0
21176,1,5.0
21177,1,5.0
21180,3,4.0
21183,2,5.0
21184,2,5.0
21186,1,5.0
21187,1,3.0
21188,3,5.0
21191,2,4.0
21192,1,4.0
21193,5,2.8
21194,1,5.0
21196,1,5.0
21199,1,5.0
21200,1,5.0
21202,1,5.0
21203,1,2.0
21204,1,5.0
21205,1,4.0
21206,3,4.666666666666667
21207,2,3.0
21209,1,2.0
21211,1,4.0
21216,1,2.0
21217,2,3.5
21219,1,5.0
21222,1,5.0
21225,1,5.0
21226,3,4.0
21228,1,4.0
21230,1,4.0
21231,1,5.0
21233,1,5.0
21235,2,4.0
21236,1,5.0
21242,1,3.0
21246,1,5.0
21249,2,5.0
21252,1,5.0
21255,1,5.0
21256,1,5.0
21257,1,3.0
21258,1,2.0
21259,1,5.0
21266,2,4.0
21267,1,3.0
21273,3,4.0
21274,1,4.0
21275,2,4.0
21276,1,5.0
21280,1,4.0
21283,2,4.0
21286,2,4.5
21290,1,5.0
21292,1,1.0
21293,2,4.0
21294,2,5.0
21297,1,5.0
21300,2,3.5
21303,2,5.0
21306,2,4.0
21307,1,5.0
21309,1,4.0
21324,1,4.0
21325,2,3.5
21331,1,4.0
21333,1,4.0
21337,3,4.666666666666667
21340,1,5.0
21342,1,5.0
21347,1,4.0
21357,1,3.0
21358,1,4.0
21359,1,5.0
21361,3,3.3333333333333335
21365,1,5.0
21366,1,5.0
21368,1,5.0
21369,1,4.0
21372,1,5.0
21374,1,4.0
21375,1,5.0
21385,1,4.0
21387,3,4.333333333333333
21388,1,5.0
21390,1,4.0
21394,1,5.0
21395,1,5.0
21397,1,3.0
21400,1,4.0
21401,1,5.0
21404,1,4.0
21405,2,4.5
21406,1,4.0
21411,3,4.333333333333333
21415,1,5.0
21419,1,4.0
21420,1,5.0
21422,2,3.5
21423,1,4.0
21426,1,5.0
21427,1,4.0
21430,3,5.0
21433,2,3.5
21434,3,4.0
21437,4,4.25
21440,1,5.0
21442,1,5.0
21443,4,4.75
21445,1,5.0
21446,1,5.0
21447,1,4.0
21449,1,5.0
21450,2,5.0
21454,1,4.0
21456,1,5.0
21457,2,5.0
21459,1,4.0
21460,1,5.0
21461,1,5.0
21463,3,4.0
21465,1,5.0
21468,2,3.5
21469,1,5.0
21474,2,4.0
21475,1,4.0
21477,1,3.0
21479,1,4.0
21480,1,5.0
21484,1,5.0
21486,1,2.0
21488,1,5.0
21490,3,4.333333333333333
21492,1,4.0
21494,1,5.0
21499,1,5.0
21501,1,4.0
21503,1,1.0
21504,2,4.0
21505,3,4.666666666666667
21506,1,3.0
21510,1,2.0
21513,1,3.0
21514,1,4.0
21516,1,5.0
21520,1,4.0
21522,1,4.0
21523,1,5.0
21524,1,4.0
21526,1,4.0
21527,1,5.0
21529,1,5.0
21532,2,4.0
21536,1,5.0
21537,1,4.0
21538,2,5.0
21539,1,5.0
21541,1,3.0
21543,1,1.0
21546,1,4.0
21552,1,4.0
21554,1,5.0
21559,1,3.0
21560,1,5.0
21562,4,4.0
21565,1,5.0
21567,1,4.0
21568,1,3.0
21569,1,3.0
21572,2,4.0
21575,1,3.0
21577,1,5.0
21579,1,5.0
21586,1,4.0
21588,1,4.0
21589,2,5.0
21591,4,4.75
21592,1,4.0
21593,1,1.0
21596,1,5.0
21599,2,5.0
21601,1,5.0
21604,2,4.5
21606,1,3.0
21609,1,4.0
21611,1,5.0
21612,1,2.0
21614,2,5.0
21615,1,4.0
21616,1,4.0
21617,1,5.0
21621,1,5.0
21622,1,5.0
21626,1,5.0
21627,1,5.0
21628,1,1.0
21637,2,3.0
21639,1,4.0
21640,3,3.6666666666666665
21642,1,5.0
21644,1,5.0
21645,1,4.0
21646,1,5.0
21647,1,4.0
21655,2,4.0
21663,1,5.0
21665,1,5.0
21668,1,5.0
21669,1,3.0
21673,1,4.0
21677,1,4.0
21680,2,5.0
21685,1,5.0
21687,1,4.0
21688,1,2.0
21689,1,5.0
21690,1,5.0
21691,1,4.0
21692,1,5.0
21694,1,5.0
21695,1,5.0
21697,2,5.0
21698,3,4.0
21699,2,3.0
21705,2,4.5
21713,1,5.0
21714,1,5.0
21720,1,4.0
21724,1,3.0
21727,2,5.0
21731,1,5.0
21732,1,4.0
21733,1,3.0
21736,1,5.0
21737,1,3.0
21743,1,5.0
21745,1,2.0
21746,1,5.0
21748,1,5.0
21749,1,4.0
21751,1,3.0
21756,3,5.0
21759,3,5.0
21760,2,4.0
21763,1,4.0
21764,2,4.5
21770,2,4.0
21771,1,4.0
21772,2,5.0
21773,1,4.0
21779,2,4.5
21780,1,3.0
21781,1,3.0
21786,1,5.0
21795,2,4.0
21796,1,2.0
21800,1,5.0
21801,1,5.0
21803,1,4.0
21806,1,5.0
21808,1,5.0
21811,1,1.0
21812,1,5.0
21820,2,4.5
21822,1,5.0
21826,1,3.0
21827,1,5.0
21829,1,5.0
21830,1,5.0
21833,1,5.0
21834,1,1.0
21836,1,2.0
21838,1,3.0
21839,2,3.5
21841,1,5.0
21842,1,4.0
21843,3,5.0
21845,1,5.0
21847,2,3.5
21850,1,3.0
21856,1,4.0
21857,1,5.0
21859,1,5.0
21861,1,5.0
21864,3,3.6666666666666665
21867,1,5.0
21868,1,4.0
21871,1,5.0
21872,1,5.0
21874,1,4.0
21876,2,3.0
21877,2,5.0
21878,2,4.0
21879,1,5.0
21883,2,3.0
21885,1,3.0
21886,1,5.0
21887,1,5.0
21889,1,4.0
21895,1,5.0
21898,1,5.0
21899,2,5.0
21901,1,5.0
21902,2,5.0
21906,1,4.0
21907,2,5.0
21913,1,4.0
21916,1,3.0
21928,1,5.0
21930,1,2.0
21933,2,4.0
21934,2,4.5
21936,1,4.0
21937,2,3.5
21938,1,5.0
21940,1,5.0
21942,2,4.5
21943,1,3.0
21946,1,5.0
21947,1,4.0
21948,1,4.0
21951,1,3.0
21954,1,5.0
21956,3,4.0
21959,1,3.0
21962,1,4.0
21963,1,3.0
21965,1,5.0
21966,2,3.0
21968,1,4.0
21970,2,5.0
21972,1,4.0
21976,2,4.0
21978,2,3.5
21980,1,5.0
21981,1,4.0
21985,2,4.5
21987,1,5.0
21988,1,4.0
21991,1,5.0
21995,1,3.0
21998,1,5.0
22000,2,4.0
22001,1,4.0
22003,1,4.0
22004,3,4.333333333333333
22007,2,4.0
22018,1,4.0
22021,2,3.5
22022,2,4.5
22024,1,4.0
22025,1,4.0
22030,2,3.0
22032,2,4.0
22033,1,3.0
22034,2,4.5
22035,2,3.0
22037,1,4.0
22041,1,3.0
22042,1,3.0
22046,1,3.0
22047,2,4.0
22048,1,5.0
22049,1,4.0
22050,1,5.0
22052,1,5.0
22054,2,4.5
22059,1,4.0
22060,1,2.0
22064,1,5.0
22065,1,5.0
22068,1,4.0
22069,3,2.3333333333333335
22070,3,3.3333333333333335
22077,1,4.0
22080,1,4.0
22081,1,5.0
22082,1,4.0
22083,1,5.0
22087,1,4.0
22093,2,4.0
22095,1,5.0
22099,23,4.739130434782608
22101,2,3.0
22104,1,4.0
22106,1,5.0
22108,2,5.0
22111,2,1.0
22114,1,5.0
22115,4,4.75
22116,1,5.0
22117,2,4.5
22118,1,4.0
22125,1,3.0
22126,1,4.0
22128,1,4.0
22129,2,5.0
22134,1,4.0
22137,1,4.0
22140,1,3.0
22144,1,3.0
22146,1,5.0
22151,1,3.0
22156,1,5.0
22161,1,4.0
22163,1,5.0
22167,1,5.0
22171,1,4.0
22173,1,4.0
22179,1,5.0
22182,1,5.0
22183,1,4.0
22185,1,5.0
22189,2,5.0
22190,2,3.5
22195,2,4.0
22196,1,4.0
22197,1,3.0
22200,1,3.0
22201,1,5.0
22202,1,5.0
22203,1,4.0
22204,1,4.0
22206,2,4.5
22209,3,4.0
22215,4,4.0
22217,1,5.0
22218,1,1.0
22220,1,4.0
22222,3,4.0
22223,1,5.0
22225,1,5.0
22226,3,4.666666666666667
22228,1,5.0
22229,3,4.666666666666667
22238,1,5.0
22242,3,3.0
22243,1,4.0
22245,1,5.0
22247,3,4.0
22249,1,5.0
22255,14,4.214285714285714
22257,1,4.0
22258,2,3.5
22261,3,5.0
22263,2,5.0
22264,1,5.0
22265,1,5.0
22266,1,5.0
22267,1,3.0
22268,3,4.0
22270,2,3.5
22275,2,4.5
22277,1,5.0
22280,1,4.0
22286,1,3.0
22287,2,5.0
22289,1,4.0
22291,1,4.0
22292,1,5.0
22295,2,5.0
22299,1,4.0
22309,1,4.0
22310,2,3.5
22312,2,4.5
22317,1,5.0
22324,1,5.0
22325,1,2.0
22327,2,4.5
22330,1,4.0
22332,1,5.0
22335,1,1.0
22336,1,5.0
22339,1,3.0
22340,2,3.0
22346,1,3.0
22350,1,5.0
22352,1,5.0
22356,1,2.0
22358,1,3.0
22359,2,4.5
22365,1,5.0
22367,8,4.875
22369,1,4.0
22370,1,5.0
22375,1,2.0
22378,3,4.666666666666667
22380,8,3.0
22387,1,3.0
22388,1,3.0
22389,1,5.0
22390,1,5.0
22392,1,5.0
22396,1,4.0
22398,2,4.5
22400,1,5.0
22401,1,5.0
22406,4,4.75
22409,2,4.0
22410,1,4.0
22411,1,5.0
22412,1,4.0
22413,1,3.0
22414,1,5.0
22415,1,5.0
22417,2,4.0
22419,2,3.5
22420,2,4.5
22424,5,4.4
22425,1,5.0
22428,2,4.5
22429,1,5.0
22430,1,5.0
22431,5,4.4
22432,1,5.0
22434,1,5.0
22438,1,5.0
22443,1,5.0
22444,1,5.0
22446,1,5.0
22448,1,3.0
22453,1,5.0
22454,1,3.0
22463,1,4.0
22464,3,3.6666666666666665
22466,3,4.0
22470,1,5.0
22473,1,5.0
22474,1,5.0
22475,1,4.0
22477,2,4.5
22478,1,4.0
22479,2,5.0
22484,1,5.0
22489,3,5.0
22494,1,4.0
22496,3,3.3333333333333335
22497,1,4.0
22498,1,4.0
22499,1,5.0
22500,1,3.0
22501,2,4.0
22502,2,5.0
22505,1,3.0
22507,1,5.0
22508,1,5.0
22510,2,4.5
22514,2,4.0
22517,1,4.0
22518,2,4.0
22522,3,4.666666666666667
22523,2,5.0
22526,1,5.0
22528,3,4.0
22530,4,4.25
22531,3,4.333333333333333
22532,1,5.0
22534,1,3.0
22535,1,3.0
22536,1,5.0
22537,2,5.0
22539,3,4.666666666666667
22544,1,5.0
22545,1,3.0
22547,1,3.0
22552,2,4.5
22554,3,5.0
22557,1,5.0
22562,2,5.0
22564,1,5.0
22565,1,5.0
22567,1,3.0
22581,2,4.0
22587,1,2.0
22589,1,1.0
22593,2,4.5
22594,1,4.0
22599,2,4.0
22601,2,4.0
22603,1,4.0
22605,1,4.0
22608,1,5.0
22609,1,5.0
22610,3,4.333333333333333
22611,2,5.0
22622,1,4.0
22627,1,3.0
22628,1,2.0
22629,1,5.0
22630,1,5.0
22631,8,4.0
22636,1,4.0
22645,1,4.0
22650,1,5.0
22652,3,3.6666666666666665
22661,3,4.0
22666,2,5.0
22670,1,5.0
22672,2,4.0
22674,1,5.0
22676,1,5.0
22679,1,5.0
22682,1,5.0
22687,2,4.0
22690,2,5.0
22691,1,4.0
22695,1,3.0
22697,1,5.0
22698,1,5.0
22699,1,5.0
22700,1,3.0
22703,1,4.0
22709,2,3.0
22711,1,5.0
22712,1,5.0
22713,2,5.0
22715,1,5.0
22716,1,5.0
22717,1,4.0
22720,1,5.0
22723,3,4.0
22724,1,5.0
22726,2,4.0
22727,2,4.0
22732,1,4.0
22735,1,5.0
22737,1,5.0
22738,1,5.0
22739,1,4.0
22740,4,4.0
22741,2,4.0
22742,1,4.0
22744,1,5.0
22746,1,3.0
22750,1,3.0
22753,1,2.0
22758,1,4.0
22762,1,5.0
22765,1,4.0
22767,1,3.0
22769,1,5.0
22772,2,4.0
22774,1,3.0
22775,3,4.0
22776,1,4.0
22780,1,5.0
22782,1,5.0
22785,1,4.0
22786,2,5.0
22790,1,5.0
22792,1,5.0
22798,2,3.0
22801,1,4.0
22806,4,4.25
22809,1,4.0
22811,1,5.0
22812,1,4.0
22813,1,4.0
22821,3,4.0
22822,1,3.0
22823,2,5.0
22825,1,5.0
22826,1,5.0
22827,2,5.0
22833,1,5.0
22835,1,4.0
22836,1,5.0
22839,3,4.0
22840,1,4.0
22844,1,2.0
22845,1,5.0
22848,1,4.0
22849,2,4.0
22857,2,3.5
22859,1,5.0
22862,1,3.0
22869,2,4.0
22870,3,3.3333333333333335
22871,1,5.0
22873,1,3.0
22874,1,5.0
22876,1,5.0
22878,1,5.0
22879,2,4.5
22881,1,1.0
22884,1,5.0
22888,1,4.0
22889,2,5.0
22897,2,4.0
22899,3,3.6666666666666665
22906,1,5.0
22907,2,5.0
22908,1,4.0
22910,1,5.0
22912,1,3.0
22913,2,4.5
22926,1,3.0
22927,1,5.0
22931,1,3.0
22936,1,3.0
22937,1,5.0
22938,3,4.666666666666667
22942,1,3.0
22945,1,4.0
22946,1,5.0
22949,1,5.0
22953,2,3.5
22955,1,4.0
22956,5,2.6
22960,2,3.5
22962,2,3.0
22963,2,4.5
22965,1,5.0
22968,1,4.0
22971,1,5.0
22974,2,5.0
22981,1,5.0
22984,1,4.0
22985,1,5.0
22986,3,5.0
22994,1,4.0
23002,3,4.333333333333333
23005,1,2.0
23007,2,4.5
23011,1,5.0
23012,1,5.0
23013,1,4.0
23017,1,2.0
23023,2,5.0
23025,1,3.0
23038,2,4.0
23039,1,3.0
23040,1,3.0
23044,2,4.0
23045,2,4.0
23047,1,4.0
23050,1,3.0
23051,3,4.666666666666667
23053,1,4.0
23057,2,5.0
23059,1,5.0
23060,2,5.0
23061,1,5.0
23063,2,3.0
23069,1,5.0
23070,2,4.5
23073,4,3.25
23079,1,4.0
23080,1,4.0
23082,1,4.0
23087,3,5.0
23090,1,5.0
23094,2,2.5
23102,1,4.0
23103,1,3.0
23109,1,4.0
23111,1,4.0
23119,1,4.0
23121,2,3.5
23123,2,1.5
23128,4,4.25
23131,2,5.0
23132,1,4.0
23133,1,4.0
23134,3,3.3333333333333335
23136,1,5.0
23137,1,2.0
23138,3,4.333333333333333
23139,3,3.3333333333333335
23141,4,4.5
23142,13,4.230769230769231
23143,2,2.0
23144,1,4.0
23149,1,4.0
23151,2,5.0
23153,2,2.5
23154,3,3.0
23156,3,4.666666666666667
23157,1,5.0
23160,1,5.0
23165,1,5.0
23167,1,5.0
23169,1,2.0
23172,1,4.0
23173,1,3.0
23174,4,4.0
23176,2,4.5
23178,1,4.0
23179,1,4.0
23181,7,3.857142857142857
23182,8,4.75
23185,1,4.0
23186,3,4.666666666666667
23189,1,5.0
23193,7,4.285714285714286
23194,1,4.0
23198,2,4.5
23205,1,5.0
23207,1,4.0
23209,1,4.0
23211,2,4.0
23213,4,4.75
23215,1,3.0
23224,1,5.0
23228,1,4.0
23229,1,4.0
23233,2,4.0
23238,4,3.5
23240,1,3.0
23245,2,5.0
23246,1,5.0
23249,2,5.0
23253,1,5.0
23259,1,5.0
23260,1,4.0
23264,1,3.0
23265,5,3.4
23267,1,5.0
23275,1,5.0
23278,3,4.333333333333333
23280,1,5.0
23283,1,4.0
23284,1,4.0
23286,1,2.0
23290,1,5.0
23293,4,4.0
23296,1,5.0
23299,1,5.0
23302,1,3.0
23305,2,5.0
23306,1,3.0
23308,1,5.0
23309,5,4.2
23310,1,5.0
23311,1,5.0
23312,1,5.0
23313,1,5.0
23315,4,4.75
23317,1,1.0
23320,1,5.0
23321,1,4.0
23322,3,4.333333333333333
23323,6,4.0
23324,1,1.0
23325,2,3.5
23326,1,5.0
23329,2,3.5
23331,3,3.3333333333333335
23332,1,3.0
23336,1,3.0
23338,5,3.8
23339,1,3.0
23340,3,4.666666666666667
23344,1,4.0
23349,2,5.0
23352,1,5.0
23353,1,5.0
23355,11,3.909090909090909
23356,1,3.0
23357,1,4.0
23359,1,5.0
23361,5,4.6
23362,1,5.0
23369,1,5.0
23373,1,5.0
23376,2,4.5
23378,2,3.5
23384,1,4.0
23385,1,5.0
23386,1,5.0
23387,1,5.0
23389,1,5.0
23393,1,4.0
23397,1,3.0
23399,2,4.0
23400,6,3.6666666666666665
23401,1,5.0
23408,1,5.0
23410,1,5.0
23418,1,5.0
23419,1,5.0
23422,2,5.0
23424,3,5.0
23427,1,4.0
23429,9,3.4444444444444446
23441,2,4.0
23442,1,4.0
23445,1,5.0
23448,2,4.0
23450,1,3.0
23451,1,3.0
23452,1,4.0
23453,1,2.0
23456,2,4.0
23458,1,5.0
23470,10,4.2
23471,1,1.0
23472,1,4.0
23476,2,4.0
23480,1,5.0
23482,1,5.0
23487,1,4.0
23489,1,5.0
23490,1,5.0
23493,3,5.0
23494,1,5.0
23502,1,5.0
23505,2,4.0
23506,1,3.0
23512,9,3.7777777777777777
23514,2,3.5
23517,2,5.0
23519,6,3.1666666666666665
23523,1,4.0
23526,2,5.0
23529,1,5.0
23532,1,5.0
23536,1,3.0
23542,2,5.0
23545,1,5.0
23546,3,4.0
23552,2,4.5
23553,3,5.0
23555,1,5.0
23556,1,3.0
23559,1,5.0
23562,1,5.0
23563,1,4.0
23565,1,4.0
23566,1,5.0
23570,1,4.0
23571,1,4.0
23573,1,5.0
23574,1,4.0
23575,1,4.0
23579,2,5.0
23586,1,5.0
23587,1,5.0
23588,1,4.0
23590,3,4.666666666666667
23597,1,4.0
23598,1,5.0
23599,1,5.0
23601,1,5.0
23602,1,5.0
23603,1,3.0
23611,1,5.0
23613,1,4.0
23615,2,3.5
23621,5,3.4
23622,1,4.0
23625,1,4.0
23627,1,4.0
23628,1,5.0
23629,2,4.0
23634,1,5.0
23636,1,4.0
23639,1,5.0
23643,1,5.0
23646,1,5.0
23647,1,4.0
23649,1,5.0
23653,1,4.0
23656,1,5.0
23659,2,5.0
23667,1,4.0
23669,2,5.0
23670,2,3.5
23671,1,4.0
23674,1,4.0
23678,1,5.0
23681,1,4.0
23687,1,3.0
23689,1,5.0
23691,1,4.0
23697,2,4.0
23698,1,3.0
23699,1,3.0
23701,1,3.0
23703,1,4.0
23705,1,5.0
23706,1,5.0
23707,1,4.0
23709,1,5.0
23710,1,4.0
23711,2,1.0
23713,2,5.0
23714,3,4.666666666666667
23717,1,4.0
23719,1,5.0
23721,1,5.0
23722,1,1.0
23726,1,5.0
23729,4,4.25
23732,1,4.0
23733,1,1.0
23734,1,5.0
23736,1,5.0
23739,4,3.5
23740,2,4.5
23741,1,4.0
23743,1,3.0
23746,2,5.0
23747,1,3.0
23748,1,5.0
23749,1,3.0
23752,4,4.25
23753,1,2.0
23754,1,5.0
23755,1,5.0
23758,4,4.0
23762,1,3.0
23765,1,5.0
23766,6,4.333333333333333
23767,1,1.0
23770,2,5.0
23772,1,4.0
23773,1,1.0
23776,1,5.0
23780,1,5.0
23782,3,3.6666666666666665
23785,1,4.0
23787,1,5.0
23788,1,4.0
23789,1,5.0
23792,1,5.0
23801,1,4.0
23804,1,5.0
23805,1,5.0
23806,3,4.0
23808,1,3.0
23810,1,4.0
23817,1,4.0
23818,1,3.0
23821,1,5.0
23824,1,5.0
23825,1,5.0
23826,1,4.0
23827,1,5.0
23828,1,4.0
23830,1,4.0
23832,2,4.0
23833,1,4.0
23834,2,4.5
23840,1,5.0
23841,2,5.0
23842,2,5.0
23843,1,5.0
23850,1,4.0
23851,2,4.5
23862,1,4.0
23864,1,4.0
23867,1,5.0
23868,1,5.0
23869,1,5.0
23873,2,4.0
23874,1,3.0
23875,1,3.0
23879,6,5.0
23886,1,4.0
23888,2,3.5
23890,1,3.0
23894,2,4.0
23895,1,5.0
23900,2,5.0
23902,1,5.0
23903,1,4.0
23908,1,5.0
23909,2,3.5
23913,1,4.0
23915,1,3.0
23919,1,4.0
23920,1,4.0
23923,3,4.333333333333333
23925,1,5.0
23926,2,4.5
23927,1,4.0
23929,1,5.0
23930,3,4.0
23936,1,5.0
23937,1,5.0
23938,1,3.0
23940,1,5.0
23943,1,5.0
23948,1,4.0
23949,1,4.0
23950,3,4.0
23951,3,4.666666666666667
23957,1,5.0
23959,1,5.0
23961,1,3.0
23962,1,4.0
23975,1,4.0
23977,1,5.0
23982,2,3.0
23984,1,5.0
23989,1,4.0
23991,1,4.0
23994,1,2.0
23995,1,3.0
23997,1,2.0
24000,1,4.0
24002,1,4.0
24004,1,3.0
24005,2,4.5
24007,1,5.0
24019,1,4.0
24024,1,1.0
24025,1,5.0
24029,1,5.0
24030,1,3.0
24032,2,3.5
24033,1,4.0
24035,1,4.0
24036,1,5.0
24037,1,5.0
24039,1,3.0
24040,1,5.0
24042,2,5.0
24047,1,4.0
24050,1,5.0
24054,1,4.0
24057,1,5.0
24058,1,3.0
24059,1,5.0
24060,1,4.0
24066,1,4.0
24067,1,4.0
24068,1,5.0
24069,1,4.0
24071,1,5.0
24072,1,4.0
24073,1,3.0
24077,1,5.0
24082,1,4.0
24086,1,4.0
24088,1,2.0
24091,2,2.0
24092,1,5.0
24093,2,5.0
24095,1,5.0
24096,1,3.0
24097,1,5.0
24098,1,5.0
24105,1,4.0
24106,1,4.0
24113,1,3.0
24114,1,5.0
24121,2,4.5
24122,1,3.0
24123,1,3.0
24124,1,5.0
24127,1,5.0
24129,2,4.0
24131,1,4.0
24132,1,4.0
24133,1,5.0
24137,1,5.0
24146,2,3.5
24158,2,5.0
24160,1,5.0
24161,1,5.0
24162,1,5.0
24165,1,4.0
24167,1,4.0
24174,7,4.285714285714286
24179,2,5.0
24181,1,5.0
24183,1,4.0
24186,1,5.0
24187,2,3.0
24189,1,5.0
24190,1,2.0
24197,1,4.0
24200,1,5.0
24201,1,5.0
24205,1,5.0
24207,2,5.0
24209,4,4.0
24216,2,3.0
24223,2,4.0
24225,1,5.0
24228,1,5.0
24229,1,5.0
24230,1,5.0
24232,2,4.5
24234,1,5.0
24235,1,5.0
24237,1,5.0
24242,1,5.0
24245,1,3.0
24248,3,4.666666666666667
24249,1,4.0
24250,5,4.6
24251,2,4.0
24252,2,3.0
24253,1,4.0
24255,2,3.0
24256,3,4.0
24257,2,4.0
24258,1,5.0
24260,3,4.0
24262,1,5.0
24263,1,5.0
24268,2,5.0
24271,1,5.0
24273,1,3.0
24274,1,2.0
24275,1,4.0
24276,1,5.0
24277,1,5.0
24278,1,5.0
24280,1,5.0
24282,1,4.0
24283,1,4.0
24290,1,5.0
24292,1,3.0
24294,1,3.0
24295,1,5.0
24299,3,4.0
24300,1,4.0
24311,1,2.0
24315,2,5.0
24316,1,5.0
24329,1,3.0
24330,1,4.0
24332,1,2.0
24342,1,4.0
24344,1,4.0
24345,2,5.0
24346,1,5.0
24347,1,5.0
24349,1,5.0
24350,2,4.0
24352,1,4.0
24353,2,4.0
24354,1,4.0
24356,1,3.0
24361,2,4.5
24362,1,4.0
24371,1,5.0
24373,1,5.0
24380,2,5.0
24381,1,5.0
24386,1,5.0
24389,1,4.0
24392,1,5.0
24393,1,5.0
24399,3,5.0
24401,1,5.0
24403,2,3.5
24405,1,5.0
24408,1,5.0
24410,2,2.0
24412,1,4.0
24414,2,5.0
24415,1,4.0
24417,1,2.0
24419,1,5.0
24421,1,5.0
24423,2,4.5
24426,1,4.0
24428,1,3.0
24432,1,5.0
24433,4,3.5
24434,1,5.0
24435,2,5.0
24436,1,5.0
24437,1,5.0
24439,1,5.0
24447,2,5.0
24449,1,5.0
24453,1,4.0
24457,2,3.5
24459,1,5.0
24462,1,5.0
24465,1,5.0
24468,2,3.5
24470,1,5.0
24474,3,4.333333333333333
24476,1,5.0
24478,1,4.0
24479,1,4.0
24482,1,5.0
24483,2,5.0
24485,1,5.0
24487,1,5.0
24489,2,4.0
24491,1,5.0
24492,1,4.0
24493,2,3.5
24501,1,5.0
24502,1,5.0
24504,1,4.0
24506,1,5.0
24507,1,4.0
24510,1,4.0
24512,1,5.0
24513,2,2.5
24514,1,5.0
24515,1,5.0
24520,1,5.0
24521,1,3.0
24532,1,4.0
24533,1,4.0
24534,2,3.5
24536,1,3.0
24541,1,2.0
24543,2,4.0
24545,2,4.5
24546,1,4.0
24547,1,4.0
24548,1,3.0
24550,1,5.0
24551,1,4.0
24558,1,2.0
24560,1,5.0
24562,1,5.0
24563,2,4.5
24569,1,5.0
24576,1,5.0
24577,1,5.0
24584,1,3.0
24592,1,2.0
24593,1,4.0
24595,1,4.0
24597,1,5.0
24603,1,3.0
24606,8,4.375
24607,3,4.0
24608,1,5.0
24609,1,5.0
24612,2,5.0
24613,1,4.0
24622,1,5.0
24625,1,4.0
24627,2,5.0
24630,1,5.0
24636,1,4.0
24637,1,3.0
24638,1,3.0
24640,1,5.0
24641,1,5.0
24642,1,5.0
24643,2,2.0
24645,1,5.0
24648,1,5.0
24649,1,5.0
24650,1,4.0
24651,1,4.0
24653,1,5.0
24657,1,4.0
24659,1,4.0
24661,1,5.0
24664,1,5.0
24665,5,4.2
24672,1,3.0
24673,1,4.0
24675,1,5.0
24677,2,5.0
24680,1,4.0
24683,1,5.0
24684,1,4.0
24685,1,3.0
24686,1,5.0
24689,1,3.0
24690,4,3.5
24691,1,5.0
24693,4,4.5
24696,1,5.0
24699,1,4.0
24700,1,2.0
24702,1,5.0
24705,1,4.0
24706,2,5.0
24707,1,3.0
24709,3,4.333333333333333
24710,1,4.0
24712,1,5.0
24713,7,4.285714285714286
24715,1,4.0
24718,1,5.0
24719,1,5.0
24721,1,5.0
24731,1,1.0
24735,1,4.0
24736,2,4.5
24737,1,4.0
24742,1,4.0
24743,1,4.0
24747,1,5.0
24749,2,5.0
24750,2,3.5
24754,2,4.0
24755,4,4.5
24756,1,5.0
24759,1,4.0
24761,1,4.0
24762,1,4.0
24764,1,5.0
24766,1,4.0
24769,3,5.0
24778,4,5.0
24779,1,5.0
24781,2,3.0
24782,2,5.0
24783,2,4.5
24785,1,5.0
24786,1,3.0
24788,3,4.0
24791,1,5.0
24792,2,4.5
24794,1,5.0
24795,2,3.0
24799,2,3.0
24800,1,5.0
24802,1,4.0
24807,1,5.0
24808,2,4.5
24809,3,5.0
24811,1,4.0
24815,2,1.0
24816,1,5.0
24817,1,5.0
24818,1,5.0
24823,1,5.0
24824,1,2.0
24826,1,4.0
24827,1,4.0
24828,1,3.0
24829,2,5.0
24833,3,4.0
24838,2,4.0
24840,2,3.0
24841,1,5.0
24842,1,4.0
24843,2,4.5
24855,1,5.0
24856,1,4.0
24861,2,4.5
24862,1,5.0
24867,2,4.0
24868,2,4.0
24869,1,5.0
24877,1,3.0
24878,2,3.0
24881,1,3.0
24882,1,5.0
24883,1,3.0
24887,1,5.0
24888,1,5.0
24893,3,3.6666666666666665
24897,1,5.0
24909,1,4.0
24910,2,3.5
24916,2,3.0
24919,1,5.0
24920,3,4.0
24925,2,4.0
24929,2,5.0
24930,1,5.0
24940,3,4.0
24941,1,3.0
24943,1,5.0
24944,2,4.0
24945,1,5.0
24948,1,5.0
24950,2,4.0
24952,1,5.0
24955,1,4.0
24957,1,4.0
24958,1,4.0
24959,1,5.0
24961,1,5.0
24962,2,4.5
24965,2,5.0
24966,3,5.0
24967,2,5.0
24968,1,5.0
24969,2,4.0
24973,1,3.0
24978,1,3.0
24979,1,5.0
24981,7,4.285714285714286
24983,1,2.0
24984,2,5.0
24987,1,4.0
24991,1,5.0
24993,2,4.0
24996,1,4.0
25001,1,5.0
25007,1,4.0
25008,2,4.0
25009,1,4.0
25011,1,3.0
25012,1,5.0
25017,1,4.0
25018,1,5.0
25019,3,4.333333333333333
25020,1,5.0
25022,1,5.0
25023,1,5.0
25029,1,5.0
25030,1,4.0
25033,1,4.0
25035,2,4.0
25039,1,4.0
25040,1,4.0
25048,1,4.0
25053,1,5.0
25054,1,4.0
25056,4,3.5
25067,1,5.0
25070,1,4.0
25071,1,1.0
25076,1,1.0
25079,1,4.0
25081,2,2.5
25082,1,5.0
25083,1,4.0
25093,4,3.5
25099,1,5.0
25101,1,4.0
25116,1,5.0
25120,1,3.0
25124,1,4.0
25127,2,4.0
25130,1,5.0
25138,1,4.0
25142,1,4.0
25151,1,2.0
25152,6,3.5
25153,1,5.0
25154,1,5.0
25156,1,4.0
25159,1,4.0
25161,1,4.0
25162,1,3.0
25164,2,4.5
25165,2,4.0
25166,1,5.0
25167,2,5.0
25171,1,4.0
25172,1,5.0
25176,4,4.25
25178,1,4.0
25181,1,4.0
25186,1,3.0
25187,1,5.0
25188,1,5.0
25191,1,5.0
25198,1,5.0
25200,2,4.0
25201,3,4.666666666666667
25204,4,4.0
25206,1,5.0
25215,3,4.0
25223,1,5.0
25224,1,2.0
25228,1,4.0
25230,1,3.0
25233,2,3.5
25234,1,3.0
25239,3,4.0
25246,2,4.0
25247,3,4.333333333333333
25250,2,3.0
25252,2,4.5
25254,1,4.0
25259,3,4.666666666666667
25262,1,4.0
25264,2,4.5
25268,1,5.0
25273,3,4.0
25274,2,4.5
25277,2,4.5
25278,4,4.0
25279,1,3.0
25280,1,4.0
25284,1,2.0
25285,10,4.6
25292,8,4.25
25293,3,5.0
25294,2,3.0
25299,2,3.0
25306,1,5.0
25309,1,2.0
25326,1,4.0
25329,1,4.0
25331,1,5.0
25334,4,4.0
25338,1,2.0
25343,2,3.5
25346,1,5.0
25349,4,3.5
25350,1,5.0
25355,1,5.0
25356,1,4.0
25363,1,3.0
25368,1,3.0
25371,1,5.0
25372,2,4.0
25373,1,3.0
25377,2,4.5
25378,1,2.0
25379,1,5.0
25384,1,4.0
25385,4,4.0
25386,1,5.0
25394,4,5.0
25396,1,5.0
25399,1,5.0
25405,1,2.0
25412,1,5.0
25414,1,5.0
25423,1,2.0
25424,1,5.0
25425,1,4.0
25426,1,1.0
25428,4,4.5
25431,4,3.75
25432,1,5.0
25436,1,3.0
25441,1,4.0
25443,2,5.0
25444,4,4.5
25449,1,4.0
25451,2,3.0
25454,2,5.0
25458,1,5.0
25460,1,2.0
25463,3,4.666666666666667
25465,1,5.0
25469,1,5.0
25472,1,5.0
25473,3,4.666666666666667
25477,1,5.0
25478,2,4.0
25481,1,5.0
25483,1,5.0
25485,1,4.0
25489,2,3.0
25490,1,5.0
25493,1,4.0
25494,1,1.0
25495,1,5.0
25496,2,4.0
25498,1,5.0
25499,1,4.0
25503,2,5.0
25505,2,5.0
25508,2,5.0
25509,1,5.0
25510,1,3.0
25517,2,3.5
25520,1,3.0
25526,2,5.0
25529,3,4.666666666666667
25532,1,3.0
25536,1,3.0
25537,1,5.0
25539,1,5.0
25543,2,3.0
25544,1,5.0
25546,1,4.0
25551,2,3.0
25561,1,5.0
25563,3,4.0
25564,1,4.0
25565,1,5.0
25566,1,4.0
25568,1,4.0
25569,1,1.0
25571,4,3.75
25578,2,5.0
25580,1,1.0
25586,2,4.0
25590,1,5.0
25592,2,5.0
25595,1,4.0
25596,1,4.0
25600,1,4.0
25601,1,5.0
25605,1,4.0
25607,2,3.0
25608,2,3.5
25609,1,4.0
25614,1,4.0
25618,2,4.5
25621,1,5.0
25624,1,5.0
25628,1,4.0
25631,2,4.5
25632,1,5.0
25633,1,5.0
25634,1,5.0
25635,2,5.0
25638,1,3.0
25639,4,4.25
25641,1,4.0
25643,2,5.0
25644,1,5.0
25645,1,5.0
25646,1,4.0
25647,3,3.6666666666666665
25654,1,3.0
25655,3,3.3333333333333335
25658,1,4.0
25659,1,4.0
25669,1,5.0
25670,3,4.333333333333333
25674,3,3.6666666666666665
25675,1,3.0
25676,1,4.0
25677,1,4.0
25680,1,4.0
25682,3,4.666666666666667
25683,2,4.0
25684,1,4.0
25685,2,4.5
25686,1,5.0
25688,1,5.0
25690,1,5.0
25691,2,3.0
25700,1,5.0
25701,1,5.0
25702,2,3.0
25705,1,4.0
25707,1,5.0
25708,1,5.0
25714,4,4.75
25717,9,3.6666666666666665
25725,1,3.0
25730,3,5.0
25747,1,5.0
25750,1,5.0
25751,2,5.0
25754,1,4.0
25755,2,4.0
25756,2,5.0
25759,1,4.0
25762,5,4.4
25763,1,4.0
25765,4,3.75
25766,2,4.0
25768,1,5.0
25770,1,3.0
25771,1,5.0
25772,1,5.0
25773,1,5.0
25775,2,4.5
25781,1,3.0
25782,2,4.0
25783,1,4.0
25785,1,4.0
25788,1,3.0
25796,2,5.0
25798,1,4.0
25804,3,4.0
25807,1,3.0
25808,2,5.0
25810,1,5.0
25811,1,4.0
25814,1,5.0
25816,3,4.0
25819,1,5.0
25820,1,5.0
25823,1,4.0
25824,1,5.0
25826,1,5.0
25832,1,5.0
25834,6,3.5
25837,3,3.6666666666666665
25841,1,4.0
25843,1,4.0
25845,1,2.0
25849,1,5.0
25852,1,4.0
25854,1,4.0
25856,1,5.0
25861,2,4.0
25863,1,5.0
25869,1,3.0
25875,1,2.0
25881,1,5.0
25882,1,3.0
25885,1,5.0
25887,9,4.555555555555555
25889,2,3.0
25895,3,4.0
25906,1,4.0
25909,2,4.5
25910,1,2.0
25911,1,5.0
25913,1,3.0
25915,1,5.0
25917,2,3.0
25920,2,3.0
25925,3,2.6666666666666665
25927,1,4.0
25932,3,3.0
25933,1,4.0
25936,1,2.0
25938,1,5.0
25941,2,5.0
25942,3,3.3333333333333335
25943,1,3.0
25948,1,5.0
25953,1,4.0
25955,3,4.666666666666667
25957,2,4.5
25963,22,4.0
25964,2,5.0
25966,1,5.0
25967,1,4.0
25974,1,4.0
25976,1,5.0
25978,1,5.0
25979,5,4.0
25980,1,2.0
25985,1,4.0
25986,4,3.25
25993,2,4.5
25994,1,5.0
25995,4,4.5
25996,1,4.0
25997,1,1.0
26000,1,3.0
26001,1,5.0
26003,2,4.5
26004,1,3.0
26007,2,5.0
26008,1,3.0
26009,1,5.0
26021,1,5.0
26025,2,5.0
26026,1,5.0
26027,2,4.0
26033,1,4.0
26034,1,5.0
26039,3,5.0
26040,1,5.0
26042,1,5.0
26043,2,4.0
26046,1,4.0
26047,1,5.0
26048,1,5.0
26049,1,2.0
26060,1,3.0
26061,1,5.0
26064,1,5.0
26066,2,4.0
26075,1,3.0
26079,2,4.5
26080,1,4.0
26084,1,5.0
26087,1,5.0
26091,1,4.0
26094,1,4.0
26096,1,5.0
26100,1,2.0
26103,1,5.0
26106,1,5.0
26107,2,4.5
26108,2,5.0
26119,1,3.0
26121,1,5.0
26123,1,5.0
26124,4,4.25
26125,2,3.5
26126,1,3.0
26128,1,5.0
26129,1,3.0
26130,2,3.0
26134,1,4.0
26135,1,4.0
26139,1,5.0
26141,1,5.0
26142,3,3.0
26143,1,3.0
26145,1,5.0
26146,1,5.0
26147,1,4.0
26150,4,4.25
26153,1,5.0
26156,1,4.0
26158,1,4.0
26159,3,4.333333333333333
26160,1,5.0
26161,1,5.0
26162,1,4.0
26163,1,4.0
26165,1,4.0
26168,2,3.0
26171,2,5.0
26174,1,1.0
26175,1,3.0
26178,1,4.0
26179,1,5.0
26180,1,5.0
26187,1,5.0
26189,1,5.0
26191,1,3.0
26192,1,5.0
26194,1,4.0
26200,1,5.0
26202,1,5.0
26204,1,4.0
26205,1,4.0
26207,1,5.0
26209,1,4.0
26212,1,4.0
26213,1,4.0
26214,4,4.5
26215,1,3.0
26218,1,4.0
26222,1,3.0
26223,8,3.5
26225,2,4.0
26226,9,4.222222222222222
26227,1,5.0
26229,1,4.0
26231,1,5.0
26235,15,4.4
26236,1,4.0
26241,1,4.0
26245,1,4.0
26246,1,4.0
26253,1,5.0
26254,1,5.0
26257,1,3.0
26265,1,4.0
26271,20,4.05
26275,7,4.0
26276,3,3.6666666666666665
26278,1,4.0
26280,1,5.0
26282,1,4.0
26287,1,3.0
26296,1,5.0
26307,1,5.0
26309,1,5.0
26311,2,4.5
26313,2,3.5
26329,1,3.0
26330,1,5.0
26331,1,4.0
26333,16,4.625
26335,5,3.4
26337,1,4.0
26344,11,4.2727272727272725
26346,1,5.0
26347,1,4.0
26354,2,5.0
26358,2,4.5
26362,2,4.0
26363,1,5.0
26366,1,5.0
26367,2,4.0
26369,4,4.25
26370,1,5.0
26373,2,3.5
26377,1,4.0
26378,1,5.0
26380,1,4.0
26389,3,4.0
26392,1,4.0
26394,1,4.0
26395,2,5.0
26398,2,4.0
26412,1,5.0
26415,3,4.666666666666667
26417,1,1.0
26418,1,3.0
26420,1,5.0
26422,1,4.0
26424,1,5.0
26432,1,5.0
26433,1,3.0
26437,1,5.0
26440,1,4.0
26441,3,4.666666666666667
26443,1,4.0
26447,1,5.0
26451,1,3.0
26458,1,4.0
26459,1,5.0
26460,2,3.5
26462,1,3.0
26463,2,2.5
26466,2,5.0
26473,2,5.0
26476,1,4.0
26486,1,3.0
26488,4,4.25
26491,2,5.0
26498,1,5.0
26499,8,3.875
26500,1,5.0
26502,1,3.0
26504,1,3.0
26508,1,5.0
26510,1,4.0
26519,1,4.0
26520,1,3.0
26522,1,4.0
26523,1,5.0
26524,2,4.0
26525,1,5.0
26530,1,5.0
26532,1,3.0
26533,3,4.333333333333333
26534,1,3.0
26537,1,5.0
26541,1,4.0
26545,1,4.0
26546,2,4.5
26548,3,4.0
26551,1,3.0
26552,1,5.0
26559,1,5.0
26568,3,4.666666666666667
26569,1,5.0
26574,1,5.0
26576,1,5.0
26577,1,5.0
26585,1,3.0
26593,1,5.0
26594,1,3.0
26597,2,3.0
26598,1,4.0
26601,1,5.0
26602,1,4.0
26604,1,5.0
26608,2,5.0
26610,2,4.5
26611,3,4.666666666666667
26612,2,5.0
26617,4,3.75
26619,1,1.0
26620,2,5.0
26623,1,3.0
26627,2,5.0
26628,1,5.0
26632,1,5.0
26636,1,4.0
26643,3,4.333333333333333
26644,4,4.25
26646,1,5.0
26648,2,3.0
26649,1,3.0
26650,1,2.0
26654,1,4.0
26655,1,4.0
26656,1,4.0
26664,3,5.0
26670,4,4.75
26672,1,4.0
26675,1,3.0
26677,1,5.0
26679,1,5.0
26686,1,5.0
26687,1,5.0
26692,1,5.0
26695,1,4.0
26699,1,5.0
26701,1,5.0
26703,1,5.0
26706,1,5.0
26711,1,5.0
26714,1,4.0
26716,2,4.0
26720,2,3.5
26721,1,3.0
26726,2,3.5
26729,1,3.0
26730,1,3.0
26731,1,5.0
26734,1,4.0
26735,2,4.5
26738,2,5.0
26742,1,2.0
26743,1,4.0
26745,1,5.0
26749,1,5.0
26753,1,4.0
26754,2,4.0
26755,1,5.0
26758,1,2.0
26759,2,5.0
26762,1,5.0
26763,1,5.0
26764,1,4.0
26766,1,5.0
26767,1,2.0
26770,1,3.0
26774,2,5.0
26775,2,4.5
26777,2,4.0
26778,1,4.0
26781,1,4.0
26785,1,3.0
26790,1,5.0
26791,1,4.0
26795,1,3.0
26797,1,4.0
26800,1,5.0
26803,1,4.0
26804,1,5.0
26811,3,4.666666666666667
26816,3,4.0
26824,1,3.0
26827,2,4.5
26836,1,2.0
26837,1,3.0
26839,1,4.0
26843,1,5.0
26848,2,4.0
26849,2,3.5
26850,1,5.0
26856,1,5.0
26858,1,2.0
26859,6,4.5
26862,1,5.0
26864,4,4.75
26868,1,3.0
26869,1,5.0
26870,1,2.0
26872,4,4.5
26877,2,5.0
26879,1,5.0
26881,2,4.5
26883,1,5.0
26884,2,5.0
26885,3,3.3333333333333335
26891,1,5.0
26892,1,4.0
26893,1,3.0
26898,4,4.5
26901,1,4.0
26902,1,4.0
26905,2,4.0
26907,1,5.0
26909,1,3.0
26910,2,5.0
26912,1,5.0
26913,1,5.0
26922,1,5.0
26924,1,5.0
26925,5,3.8
26928,2,3.5
26929,1,5.0
26931,1,5.0
26936,1,5.0
26941,2,5.0
26948,1,5.0
26952,1,5.0
26956,1,2.0
26961,1,4.0
26962,1,5.0
26966,1,4.0
26974,1,5.0
26976,1,5.0
26980,1,5.0
26981,1,4.0
26983,1,5.0
26986,7,4.857142857142857
26987,1,5.0
26988,1,5.0
26989,1,1.0
26990,4,4.0
26998,3,3.3333333333333335
26999,1,5.0
27001,1,4.0
27005,1,5.0
27006,2,5.0
27009,1,5.0
27011,1,5.0
27012,1,4.0
27013,1,4.0
27015,1,4.0
27016,1,5.0
27017,3,4.0
27020,1,3.0
27021,1,5.0
27024,3,5.0
27025,2,4.0
27027,1,3.0
27029,1,3.0
27039,1,4.0
27040,1,5.0
27041,2,5.0
27043,1,4.0
27046,4,4.0
27051,2,4.0
27055,2,4.5
27056,1,5.0
27058,1,4.0
27059,2,3.0
27060,1,3.0
27061,1,5.0
27069,1,5.0
27070,1,5.0
27075,1,5.0
27076,2,3.5
27078,1,5.0
27079,1,3.0
27084,1,4.0
27087,1,5.0
27089,1,3.0
27091,1,5.0
27097,4,3.75
27101,1,5.0
27114,3,4.0
27122,1,5.0
27128,1,4.0
27129,4,5.0
27130,1,5.0
27133,1,4.0
27134,1,2.0
27137,2,4.0
27138,4,3.25
27139,2,4.0
27140,1,5.0
27141,1,5.0
27143,1,5.0
27146,1,4.0
27147,1,4.0
27150,1,3.0
27154,1,4.0
27156,1,4.0
27157,3,4.333333333333333
27160,1,5.0
27163,1,5.0
27165,1,2.0
27166,1,5.0
27167,1,4.0
27170,1,5.0
27176,2,5.0
27178,1,4.0
27190,1,4.0
27197,3,5.0
27201,1,5.0
27203,2,5.0
27204,2,5.0
27206,1,4.0
27212,1,5.0
27214,1,5.0
27219,2,4.5
27222,2,4.0
27224,2,4.0
27226,1,5.0
27228,1,5.0
27231,1,4.0
27232,1,4.0
27234,1,5.0
27237,2,3.5
27240,3,3.6666666666666665
27244,1,3.0
27245,2,3.5
27249,1,4.0
27251,1,4.0
27252,1,5.0
27254,1,4.0
27262,1,4.0
27264,1,5.0
27271,4,4.0
27275,2,4.0
27277,1,4.0
27281,2,5.0
27284,1,4.0
27285,1,5.0
27286,1,5.0
27288,1,5.0
27290,1,5.0
27294,1,5.0
27295,1,4.0
27296,1,5.0
27299,2,5.0
27301,2,5.0
27303,2,5.0
27308,1,4.0
27314,4,4.75
27318,1,5.0
27323,1,5.0
27325,3,4.333333333333333
27329,1,5.0
27334,1,4.0
27342,1,5.0
27348,1,4.0
27350,2,5.0
27351,1,5.0
27353,1,4.0
27356,1,3.0
27362,1,3.0
27370,1,3.0
27372,1,5.0
27379,1,4.0
27380,1,4.0
27390,1,5.0
27391,1,3.0
27394,3,4.0
27395,2,3.5
27406,1,5.0
27407,3,2.6666666666666665
27410,1,5.0
27417,2,5.0
27420,1,4.0
27426,1,5.0
27427,5,4.8
27432,2,4.5
27443,1,5.0
27444,1,4.0
27449,2,4.5
27450,1,5.0
27453,1,5.0
27464,1,5.0
27467,1,4.0
27469,1,5.0
27472,1,5.0
27473,1,3.0
27485,1,4.0
27487,1,3.0
27488,1,1.0
27489,1,4.0
27490,2,5.0
27492,2,3.5
27496,1,5.0
27498,1,4.0
27499,1,3.0
27500,1,3.0
27501,1,4.0
27505,1,4.0
27506,1,3.0
27507,1,5.0
27511,1,5.0
27512,1,4.0
27514,1,2.0
27516,1,3.0
27517,1,4.0
27526,1,5.0
27527,1,4.0
27531,1,5.0
27535,1,2.0
27537,1,4.0
27538,2,5.0
27545,1,3.0
27548,1,4.0
27549,1,4.0
27550,3,4.666666666666667
27551,1,5.0
27555,1,3.0
27556,1,5.0
27558,1,5.0
27559,1,5.0
27560,1,5.0
27562,1,5.0
27568,1,4.0
27579,2,3.0
27581,2,5.0
27583,1,4.0
27585,1,3.0
27587,1,2.0
27590,2,4.0
27594,1,4.0
27595,1,3.0
27597,1,5.0
27598,2,4.0
27599,1,4.0
27600,1,3.0
27603,3,3.6666666666666665
27611,2,4.5
27617,3,4.333333333333333
27618,2,4.0
27620,1,4.0
27627,1,5.0
27629,1,4.0
27634,1,5.0
27636,1,5.0
27637,1,5.0
27641,1,5.0
27642,2,5.0
27644,2,4.5
27645,1,4.0
27646,1,3.0
27651,1,4.0
27655,1,4.0
27656,5,4.4
27657,1,5.0
27658,1,4.0
27659,1,5.0
27662,2,5.0
27663,1,5.0
27666,1,5.0
27668,1,5.0
27669,1,4.0
27670,1,5.0
27672,1,5.0
27677,4,4.75
27679,1,5.0
27680,1,2.0
27681,2,5.0
27695,2,3.0
27698,1,5.0
27700,1,5.0
27701,1,5.0
27705,1,4.0
27707,6,4.166666666666667
27708,1,5.0
27710,1,4.0
27712,2,4.5
27718,2,4.0
27722,2,4.0
27724,1,5.0
27729,1,5.0
27734,1,5.0
27735,1,5.0
27740,1,4.0
27741,1,3.0
27742,1,4.0
27749,2,3.0
27752,1,5.0
27753,1,4.0
27759,1,5.0
27766,1,4.0
27767,1,4.0
27769,1,5.0
27771,1,4.0
27778,3,4.666666666666667
27781,1,4.0
27787,3,4.0
27791,1,5.0
27794,1,3.0
27795,1,4.0
27796,2,3.5
27797,1,5.0
27798,1,3.0
27803,1,5.0
27810,1,5.0
27811,1,5.0
27813,1,5.0
27818,1,4.0
27821,1,4.0
27822,4,4.25
27823,1,5.0
27825,1,4.0
27830,1,5.0
27832,1,4.0
27834,1,4.0
27837,5,4.4
27838,1,5.0
27839,1,3.0
27840,1,5.0
27844,2,3.0
27851,1,5.0
27853,1,5.0
27854,1,5.0
27855,1,5.0
27856,1,5.0
27857,1,5.0
27865,1,4.0
27867,1,4.0
27868,2,3.5
27870,1,4.0
27871,1,4.0
27876,1,5.0
27883,2,4.5
27885,1,5.0
27887,1,3.0
27889,1,5.0
27890,2,5.0
27892,1,5.0
27893,2,5.0
27897,1,5.0
27898,1,5.0
27903,1,4.0
27905,1,2.0
27914,1,4.0
27917,2,4.0
27920,1,4.0
27923,1,3.0
27932,4,4.5
27934,1,4.0
27938,1,5.0
27939,1,3.0
27945,2,3.5
27946,2,4.5
27948,1,4.0
27950,1,3.0
27954,1,5.0
27955,1,5.0
27956,1,4.0
27957,2,3.0
27959,3,4.333333333333333
27963,1,4.0
27968,1,5.0
27977,2,4.0
27986,1,4.0
27988,1,3.0
27989,1,5.0
27990,1,4.0
27991,4,4.0
27993,1,5.0
27996,3,4.666666666666667
27998,1,5.0
27999,1,5.0
28000,1,4.0
28004,1,5.0
28008,1,4.0
28010,1,5.0
28016,1,3.0
28019,1,4.0
28022,1,4.0
28024,1,3.0
28027,1,4.0
28030,1,5.0
28031,2,5.0
28035,1,5.0
28044,1,3.0
28051,1,3.0
28053,1,1.0
28059,1,5.0
28061,1,5.0
28065,1,5.0
28067,2,5.0
28068,1,5.0
28069,1,5.0
28070,1,5.0
28072,1,5.0
28078,1,4.0
28079,2,4.0
28083,1,5.0
28094,1,5.0
28097,1,5.0
28098,1,5.0
28104,2,2.5
28105,1,3.0
28106,1,4.0
28111,1,5.0
28114,3,4.333333333333333
28115,1,1.0
28119,1,1.0
28122,1,5.0
28127,1,5.0
28130,1,5.0
28133,1,5.0
28136,1,4.0
28141,1,4.0
28142,1,4.0
28148,1,1.0
28151,3,4.0
28155,2,4.0
28158,1,5.0
28159,1,3.0
28164,1,3.0
28167,1,1.0
28169,1,4.0
28171,3,4.0
28173,1,5.0
28174,1,5.0
28176,1,5.0
28180,1,2.0
28181,3,5.0
28182,1,5.0
28192,3,4.0
28194,1,5.0
28195,1,4.0
28196,2,4.0
28197,2,3.5
28198,1,5.0
28199,1,3.0
28201,1,4.0
28205,1,4.0
28207,1,5.0
28213,1,5.0
28214,3,3.6666666666666665
28222,1,1.0
28225,1,3.0
28230,2,5.0
28232,1,4.0
28234,1,5.0
28237,2,4.5
28240,1,4.0
28241,1,4.0
28244,1,5.0
28245,3,4.333333333333333
28248,4,3.25
28249,1,3.0
28251,1,5.0
28255,2,5.0
28257,1,5.0
28258,1,4.0
28260,1,4.0
28264,3,5.0
28270,1,4.0
28272,1,4.0
28275,1,5.0
28287,1,1.0
28289,2,4.0
28294,1,3.0
28295,1,5.0
28299,2,5.0
28301,2,3.0
28302,2,3.0
28306,2,3.0
28308,1,2.0
28309,1,5.0
28315,1,4.0
28328,3,4.666666666666667
28331,1,3.0
28336,1,5.0
28337,1,4.0
28338,1,1.0
28340,1,5.0
28341,1,3.0
28342,1,4.0
28351,1,5.0
28354,1,4.0
28356,1,5.0
28357,2,3.5
28362,1,5.0
28365,1,5.0
28366,1,3.0
28370,1,5.0
28371,1,5.0
28375,1,2.0
28376,6,4.0
28380,1,4.0
28381,2,3.5
28391,1,5.0
28392,2,4.0
28393,1,5.0
28394,1,4.0
28395,3,3.6666666666666665
28399,1,2.0
28401,1,5.0
28403,1,4.0
28406,2,5.0
28407,1,5.0
28411,2,3.5
28412,1,5.0
28416,4,4.75
28417,1,4.0
28418,7,3.857142857142857
28420,1,4.0
28421,1,5.0
28422,2,4.5
28425,3,4.333333333333333
28428,1,5.0
28430,1,3.0
28432,1,5.0
28434,1,4.0
28437,1,4.0
28441,1,5.0
28447,3,3.6666666666666665
28450,1,5.0
28453,1,5.0
28455,1,3.0
28456,1,4.0
28457,1,4.0
28459,1,5.0
28464,1,4.0
28467,1,5.0
28470,1,4.0
28471,2,4.0
28472,1,4.0
28474,1,3.0
28475,1,1.0
28477,1,4.0
28479,1,4.0
28487,2,5.0
28489,1,4.0
28492,1,3.0
28496,7,4.0
28499,2,5.0
28504,1,5.0
28508,2,3.5
28509,3,3.6666666666666665
28512,1,4.0
28514,1,5.0
28515,2,4.0
28517,1,4.0
28519,2,4.0
28520,3,3.3333333333333335
28521,2,4.0
28522,2,2.0
28527,1,3.0
28529,1,4.0
28533,1,4.0
28534,5,3.6
28535,1,5.0
28539,1,5.0
28540,2,4.0
28541,1,3.0
28543,2,4.0
28544,1,5.0
28545,2,4.0
28546,2,3.0
28547,1,5.0
28548,1,3.0
28550,2,4.5
28551,7,4.0
28556,3,4.666666666666667
28564,1,5.0
28567,2,5.0
28568,1,3.0
28575,1,3.0
28576,2,5.0
28578,1,3.0
28580,2,4.5
28581,1,1.0
28583,1,3.0
28589,1,5.0
28590,1,5.0
28593,1,5.0
28595,1,5.0
28596,4,4.0
28597,5,4.0
28601,1,4.0
28605,1,5.0
28606,1,5.0
28608,2,5.0
28609,1,5.0
28610,2,5.0
28612,1,4.0
28613,1,4.0
28615,1,5.0
28619,2,5.0
28622,2,2.0
28631,1,5.0
28632,2,4.5
28634,1,4.0
28652,2,5.0
28658,1,3.0
28659,1,3.0
28661,1,4.0
28663,1,5.0
28667,1,4.0
28669,1,3.0
28671,1,5.0
28673,1,4.0
28681,1,5.0
28682,1,4.0
28684,1,5.0
28685,2,5.0
28690,2,5.0
28691,1,4.0
28692,1,5.0
28694,1,4.0
28695,3,4.0
28696,1,4.0
28697,1,5.0
28700,1,5.0
28702,2,4.0
28703,1,1.0
28704,1,3.0
28705,3,4.333333333333333
28710,1,4.0
28711,2,4.5
28714,1,5.0
28718,1,5.0
28720,1,5.0
28721,1,1.0
28725,1,3.0
28726,1,3.0
28727,1,5.0
28728,5,4.8
28730,1,4.0
28732,1,3.0
28733,1,5.0
28742,1,3.0
28744,4,5.0
28746,1,3.0
28747,2,5.0
28750,1,5.0
28754,1,4.0
28760,2,5.0
28765,1,4.0
28769,1,5.0
28770,1,4.0
28773,1,4.0
28777,4,3.75
28779,2,3.0
28782,1,3.0
28783,2,2.5
28784,4,3.25
28786,1,4.0
28787,1,5.0
28789,1,5.0
28792,2,4.5
28794,1,3.0
28796,2,3.0
28797,1,3.0
28799,3,3.0
28805,1,4.0
28806,1,4.0
28811,1,5.0
28812,1,5.0
28813,1,4.0
28816,1,5.0
28819,1,2.0
28821,1,5.0
28825,1,5.0
28835,1,5.0
28836,3,5.0
28837,1,4.0
28838,2,4.0
28841,1,5.0
28844,1,4.0
28848,1,4.0
28850,4,4.25
28852,1,3.0
28853,1,5.0
28854,2,5.0
28855,1,3.0
28856,1,4.0
28857,3,3.6666666666666665
28858,1,3.0
28861,1,4.0
28865,1,5.0
28867,1,4.0
28870,1,5.0
28871,4,4.25
28878,2,4.5
28882,2,5.0
28883,2,5.0
28885,1,4.0
28890,2,4.5
28895,1,5.0
28896,1,4.0
28899,1,5.0
28903,1,4.0
28905,1,4.0
28908,1,4.0
28909,1,4.0
28910,1,5.0
28913,1,4.0
28915,1,5.0
28917,2,3.0
28920,1,4.0
28922,4,4.0
28923,2,4.0
28926,1,4.0
28932,2,4.0
28947,1,1.0
28951,1,5.0
28952,1,3.0
28954,2,4.0
28957,1,4.0
28964,2,3.0
28967,1,4.0
28968,1,4.0
28970,3,3.6666666666666665
28971,2,4.0
28973,2,3.0
28975,1,5.0
28977,1,5.0
28978,2,3.5
28980,2,5.0
28981,1,4.0
28988,7,3.7142857142857144
28989,1,5.0
28995,2,4.5
28996,9,4.333333333333333
28997,1,4.0
28998,1,5.0
28999,1,5.0
29006,1,5.0
29007,1,5.0
29008,2,5.0
29010,1,4.0
29011,1,4.0
29013,1,3.0
29017,1,5.0
29024,1,5.0
29026,1,3.0
29029,1,3.0
29037,1,5.0
29041,1,5.0
29044,1,3.0
29045,1,5.0
29046,1,5.0
29049,1,4.0
29050,2,3.5
29051,2,4.0
29052,1,4.0
29053,1,5.0
29055,4,4.5
29058,1,1.0
29059,2,5.0
29061,2,4.0
29066,4,4.5
29073,2,2.5
29075,6,4.0
29078,1,5.0
29080,2,5.0
29083,2,5.0
29086,3,4.0
29087,3,5.0
29088,1,5.0
29089,1,4.0
29090,1,4.0
29093,2,3.5
29095,3,4.333333333333333
29096,1,4.0
29097,1,3.0
29100,1,4.0
29101,1,4.0
29102,1,5.0
29104,2,4.0
29105,1,4.0
29106,1,4.0
29107,2,5.0
29111,1,3.0
29112,1,5.0
29115,1,4.0
29118,2,5.0
29120,2,3.0
29121,2,4.0
29126,1,4.0
29128,1,4.0
29130,2,4.0
29131,1,5.0
29135,2,4.5
29138,1,5.0
29141,2,4.5
29145,3,4.0
29149,2,4.5
29150,1,4.0
29151,2,4.0
29157,2,4.5
29166,2,4.5
29170,1,4.0
29171,1,5.0
29173,1,4.0
29174,3,4.333333333333333
29179,1,4.0
29182,1,5.0
29186,1,5.0
29191,2,4.5
29196,2,2.0
29198,1,3.0
29200,3,4.333333333333333
29203,1,5.0
29205,1,3.0
29214,5,4.2
29215,1,5.0
29216,1,5.0
29217,2,4.0
29220,1,4.0
29224,2,5.0
29228,2,3.5
29229,2,4.0
29230,2,4.5
29231,1,5.0
29232,1,5.0
29235,2,4.0
29238,1,2.0
29241,1,4.0
29243,1,5.0
29244,1,5.0
29245,1,4.0
29254,2,5.0
29255,1,3.0
29256,3,3.3333333333333335
29257,1,5.0
29258,1,3.0
29259,1,2.0
29263,3,4.0
29264,2,4.0
29269,1,4.0
29270,1,5.0
29273,1,4.0
29274,2,4.5
29283,1,5.0
29284,1,5.0
29286,1,4.0
29288,2,3.5
29291,2,5.0
29292,2,4.5
29294,1,3.0
29295,1,5.0
29298,1,5.0
29302,2,4.5
29304,1,4.0
29306,1,4.0
29307,1,5.0
29308,1,5.0
29309,3,5.0
29313,1,1.0
29315,1,5.0
29318,2,4.0
29321,2,5.0
29323,1,5.0
29325,2,5.0
29330,2,3.0
29331,1,5.0
29333,2,4.0
29336,1,5.0
29338,1,3.0
29339,1,5.0
29344,1,4.0
29345,2,3.5
29347,1,4.0
29370,1,4.0
29371,20,3.95
29372,1,5.0
29373,1,5.0
29375,1,4.0
29377,3,3.6666666666666665
29379,5,4.8
29380,1,3.0
29387,1,5.0
29390,1,5.0
29397,2,5.0
29405,5,4.2
29406,1,5.0
29408,2,5.0
29409,1,3.0
29416,1,5.0
29418,2,5.0
29419,2,4.0
29420,3,4.0
29421,2,5.0
29423,2,1.0
29427,1,4.0
29428,3,5.0
29430,1,5.0
29432,1,1.0
29433,1,5.0
29434,1,5.0
29436,1,5.0
29437,1,4.0
29438,3,4.0
29439,2,3.5
29440,2,4.0
29441,3,4.333333333333333
29442,1,5.0
29443,1,5.0
29453,1,5.0
29462,4,4.75
29467,3,2.6666666666666665
29470,5,3.4
29474,7,4.428571428571429
29480,1,4.0
29481,3,4.666666666666667
29482,6,3.8333333333333335
29484,5,4.4
29490,1,3.0
29492,1,5.0
29497,1,5.0
29498,1,5.0
29499,1,3.0
29503,1,4.0
29504,1,3.0
29505,1,3.0
29506,1,5.0
29508,1,5.0
29509,3,4.666666666666667
29510,2,5.0
29516,1,3.0
29518,1,3.0
29519,1,4.0
29521,2,5.0
29523,1,5.0
29533,3,3.6666666666666665
29536,1,4.0
29538,1,5.0
29539,1,3.0
29540,1,5.0
29543,1,5.0
29544,1,4.0
29546,1,5.0
29548,3,4.333333333333333
29549,4,4.0
29553,1,4.0
29554,1,1.0
29555,1,5.0
29558,1,5.0
29559,1,5.0
29560,1,5.0
29563,1,5.0
29565,3,4.333333333333333
29570,1,4.0
29571,1,5.0
29574,1,2.0
29575,1,4.0
29578,2,4.5
29579,1,2.0
29585,2,4.0
29588,1,5.0
29589,1,5.0
29590,2,4.5
29593,6,4.5
29596,1,5.0
29600,2,3.5
29601,1,3.0
29602,3,3.3333333333333335
29605,1,5.0
29612,1,4.0
29614,1,3.0
29618,1,3.0
29623,2,5.0
29627,1,4.0
29628,1,4.0
29630,1,5.0
29634,1,5.0
29642,1,2.0
29654,1,3.0
29656,1,4.0
29657,2,4.5
29660,2,5.0
29664,1,5.0
29671,2,4.5
29673,1,4.0
29676,6,4.0
29678,1,5.0
29679,1,5.0
29683,1,5.0
29684,1,5.0
29687,2,5.0
29693,1,5.0
29694,1,5.0
29698,1,4.0
29704,1,5.0
29709,1,5.0
29711,2,4.5
29727,1,2.0
29728,1,5.0
29729,3,4.0
29730,1,4.0
29732,1,4.0
29735,1,5.0
29737,1,5.0
29741,2,3.5
29743,1,4.0
29744,3,5.0
29749,2,3.5
29751,1,5.0
29753,1,5.0
29754,1,5.0
29759,1,4.0
29762,1,5.0
29771,1,2.0
29772,1,5.0
29776,1,4.0
29777,1,4.0
29778,1,5.0
29782,1,3.0
29784,1,3.0
29785,2,4.5
29789,2,5.0
29790,2,4.5
29792,2,3.5
29798,1,4.0
29799,1,2.0
29800,1,4.0
29801,1,3.0
29802,1,5.0
29803,1,5.0
29808,2,3.5
29810,1,3.0
29811,1,5.0
29815,1,2.0
29819,1,4.0
29822,2,3.5
29825,1,4.0
29831,2,4.5
29835,2,3.0
29836,1,3.0
29837,1,4.0
29842,1,3.0
29845,1,4.0
29848,1,5.0
29855,2,4.5
29857,2,3.0
29858,1,2.0
29859,1,5.0
29861,1,5.0
29862,1,4.0
29866,1,4.0
29870,1,5.0
29871,1,4.0
29876,1,5.0
29877,3,2.3333333333333335
29881,1,4.0
29882,1,2.0
29884,2,3.5
29886,1,3.0
29887,1,4.0
29891,1,4.0
29892,1,2.0
29893,1,5.0
29895,1,5.0
29900,1,4.0
29901,1,5.0
29903,3,4.333333333333333
29905,1,5.0
29908,1,5.0
29909,1,5.0
29913,3,4.666666666666667
29914,1,3.0
29916,1,4.0
29923,1,3.0
29924,2,5.0
29931,1,4.0
29932,3,3.6666666666666665
29934,1,5.0
29936,3,4.666666666666667
29939,1,2.0
29940,1,5.0
29941,1,4.0
29942,1,3.0
29943,1,5.0
29945,1,4.0
29947,1,5.0
29954,1,3.0
29956,1,3.0
29960,1,5.0
29964,1,4.0
29979,2,4.0
29981,2,3.5
29985,1,4.0
29986,1,3.0
29988,1,5.0
29989,1,5.0
29992,1,3.0
29993,3,4.333333333333333
29995,2,3.5
29996,1,5.0
29997,1,5.0
30001,1,3.0
30007,1,5.0
30009,1,2.0
30011,2,5.0
30014,1,4.0
30015,1,4.0
30017,1,5.0
30020,1,5.0
30022,1,5.0
30024,1,4.0
30027,1,5.0
30030,1,5.0
30034,6,3.3333333333333335
30036,2,5.0
30038,3,5.0
30039,1,2.0
30041,2,4.5
30042,1,4.0
30044,1,4.0
30045,2,5.0
30046,2,3.0
30051,2,4.5
30056,1,4.0
30057,1,4.0
30060,1,5.0
30066,1,4.0
30067,1,5.0
30068,2,4.0
30072,2,4.5
30074,1,5.0
30075,1,4.0
30077,2,4.0
30078,1,3.0
30079,1,4.0
30083,3,3.6666666666666665
30085,1,5.0
30088,1,5.0
30091,4,4.75
30094,1,5.0
30095,1,4.0
30096,3,4.0
30097,1,5.0
30099,1,4.0
30100,1,5.0
30103,2,5.0
30105,1,5.0
30107,2,4.0
30109,5,4.0
30110,1,4.0
30113,1,4.0
30117,1,5.0
30119,1,4.0
30122,1,4.0
30127,2,4.0
30130,4,3.5
30132,1,5.0
30133,1,1.0
30136,1,4.0
30137,1,5.0
30140,2,5.0
30141,1,4.0
30142,1,5.0
30145,1,4.0
30149,4,4.5
30155,1,3.0
30158,1,5.0
30164,1,5.0
30165,1,5.0
30166,1,4.0
30168,2,5.0
30169,5,4.0
30175,2,5.0
30176,1,4.0
30179,1,2.0
30182,1,5.0
30187,1,5.0
30192,1,5.0
30194,1,4.0
30195,2,4.0
30196,1,3.0
30199,1,4.0
30200,1,4.0
30201,1,1.0
30204,1,4.0
30206,1,5.0
30209,2,4.5
30213,1,5.0
30218,1,5.0
30219,3,4.333333333333333
30222,1,5.0
30224,1,5.0
30226,1,4.0
30233,1,5.0
30244,1,4.0
30245,1,4.0
30250,1,4.0
30254,1,2.0
30257,3,4.666666666666667
30258,2,4.0
30260,1,5.0
30261,1,5.0
30265,2,3.5
30268,1,5.0
30269,1,3.0
30278,2,3.0
30279,1,4.0
30286,1,5.0
30287,1,5.0
30291,1,5.0
30292,1,5.0
30297,1,3.0
30305,1,4.0
30308,1,3.0
30311,2,5.0
30312,3,5.0
30314,1,5.0
30315,1,5.0
30318,1,4.0
30319,3,4.333333333333333
30320,1,3.0
30322,1,4.0
30323,1,5.0
30324,2,3.0
30327,1,4.0
30333,2,5.0
30334,1,5.0
30335,2,5.0
30338,1,5.0
30342,1,4.0
30347,1,3.0
30348,7,3.7142857142857144
30354,2,4.0
30355,2,3.0
30359,1,3.0
30360,2,4.5
30363,2,3.5
30365,1,3.0
30366,1,4.0
30372,4,4.5
30373,1,5.0
30374,1,2.0
30376,1,5.0
30377,1,5.0
30380,1,4.0
30383,1,4.0
30385,1,5.0
30386,1,1.0
30389,1,4.0
30390,2,4.5
30392,1,2.0
30394,1,3.0
30396,1,4.0
30397,1,4.0
30399,1,5.0
30405,1,4.0
30406,1,5.0
30409,1,5.0
30413,2,4.0
30414,1,2.0
30415,1,5.0
30417,2,5.0
30418,1,4.0
30419,1,1.0
30420,7,4.571428571428571
30424,1,5.0
30429,1,5.0
30431,1,1.0
30434,1,5.0
30436,1,4.0
30439,1,5.0
30441,1,5.0
30442,1,3.0
30450,1,4.0
30451,2,3.5
30452,1,5.0
30453,1,3.0
30454,1,4.0
30455,1,5.0
30457,1,4.0
30463,2,5.0
30466,4,4.5
30469,2,5.0
30474,2,5.0
30475,2,5.0
30477,1,1.0
30479,1,3.0
30484,1,5.0
30485,1,4.0
30491,1,4.0
30492,2,4.5
30509,1,5.0
30511,1,5.0
30512,1,4.0
30513,2,5.0
30518,1,4.0
30521,1,5.0
30522,1,2.0
30523,1,3.0
30526,1,5.0
30528,1,5.0
30531,2,5.0
30532,1,5.0
30546,5,4.4
30549,2,3.0
30551,1,4.0
30555,1,5.0
30556,1,3.0
30560,1,5.0
30565,1,5.0
30570,1,4.0
30571,1,4.0
30576,1,4.0
30579,4,2.75
30582,1,5.0
30585,1,5.0
30589,6,4.333333333333333
30594,1,5.0
30599,1,5.0
30600,1,5.0
30601,1,4.0
30602,1,4.0
30603,2,4.0
30604,3,3.0
30608,2,4.5
30612,1,2.0
30616,1,4.0
30621,1,5.0
30622,1,5.0
30623,1,5.0
30624,1,4.0
30626,1,2.0
30631,1,4.0
30633,1,5.0
30636,2,3.5
30637,1,5.0
30642,1,4.0
30644,1,5.0
30647,1,4.0
30648,2,2.0
30650,2,4.0
30653,1,4.0
30655,1,4.0
30660,2,4.0
30665,1,5.0
30666,1,5.0
30672,1,5.0
30673,5,5.0
30675,1,5.0
30676,2,4.0
30681,1,5.0
30683,1,2.0
30684,3,4.333333333333333
30685,2,5.0
30688,1,5.0
30689,1,5.0
30691,1,5.0
30693,2,4.0
30694,2,5.0
30698,1,3.0
30700,1,5.0
30701,2,5.0
30702,2,4.5
30703,1,4.0
30704,7,4.285714285714286
30708,1,4.0
30710,1,2.0
30714,1,5.0
30717,1,5.0
30719,1,5.0
30722,1,4.0
30723,2,4.5
30725,1,4.0
30728,1,4.0
30735,1,4.0
30738,2,3.5
30744,1,4.0
30745,3,4.0
30747,1,4.0
30748,3,4.666666666666667
30749,1,3.0
30751,1,5.0
30753,2,5.0
30756,1,1.0
30759,3,3.3333333333333335
30762,4,5.0
30767,1,4.0
30768,1,4.0
30769,4,4.0
30770,1,5.0
30775,2,4.5
30776,1,3.0
30777,1,4.0
30778,1,4.0
30781,2,5.0
30787,1,5.0
30791,1,5.0
30792,1,5.0
30793,3,3.3333333333333335
30798,1,4.0
30802,1,5.0
30803,1,5.0
30806,2,3.5
30810,5,3.6
30811,1,5.0
30813,1,5.0
30814,2,4.5
30817,2,4.0
30818,1,5.0
30819,1,5.0
30820,1,4.0
30821,5,4.4
30823,1,3.0
30826,4,3.75
30827,1,2.0
30829,1,5.0
30833,1,5.0
30838,1,5.0
30839,1,4.0
30840,1,5.0
30843,1,5.0
30846,2,5.0
30847,1,5.0
30854,1,5.0
30855,1,5.0
30857,5,3.2
30860,1,4.0
30865,2,3.0
30867,1,5.0
30869,2,4.5
30871,2,4.0
30873,2,4.0
30878,1,1.0
30879,1,5.0
30882,1,5.0
30884,1,5.0
30888,2,5.0
30889,1,5.0
30893,1,5.0
30895,1,4.0
30896,3,3.3333333333333335
30897,2,5.0
30898,2,3.0
30902,1,2.0
30903,1,5.0
30905,1,5.0
30906,1,5.0
30908,1,4.0
30909,1,5.0
30912,1,4.0
30916,1,4.0
30917,8,4.5
30920,1,4.0
30924,1,4.0
30925,1,5.0
30928,1,4.0
30932,1,1.0
30934,2,4.0
30936,1,5.0
30937,3,4.333333333333333
30938,1,2.0
30939,1,4.0
30940,1,3.0
30943,1,4.0
30945,1,4.0
30946,1,3.0
30947,1,3.0
30948,1,5.0
30953,1,5.0
30956,2,5.0
30959,1,5.0
30961,1,5.0
30965,1,4.0
30969,1,5.0
30970,2,3.0
30971,1,4.0
30974,1,5.0
30978,1,5.0
30985,1,5.0
30988,1,5.0
30989,3,4.333333333333333
30990,2,3.0
30991,1,5.0
30994,1,4.0
30995,1,3.0
30996,1,5.0
30999,1,4.0
31001,2,4.0
31002,1,4.0
31004,1,3.0
31006,1,5.0
31011,1,5.0
31019,2,3.0
31020,1,5.0
31022,1,3.0
31025,1,5.0
31028,6,5.0
31036,2,4.0
31038,2,5.0
31048,1,3.0
31050,1,5.0
31052,1,4.0
31054,1,3.0
31055,1,5.0
31057,2,5.0
31058,3,3.6666666666666665
31060,1,5.0
31061,1,3.0
31062,1,2.0
31063,3,3.6666666666666665
31064,1,4.0
31067,1,4.0
31070,1,4.0
31071,1,5.0
31073,1,4.0
31074,1,4.0
31075,1,4.0
31076,1,4.0
31077,1,5.0
31082,4,4.0
31084,2,5.0
31085,2,4.0
31089,3,5.0
31090,1,4.0
31091,1,5.0
31093,1,3.0
31097,1,5.0
31098,1,3.0
31100,2,2.5
31101,4,3.5
31102,2,4.0
31105,1,4.0
31107,3,3.6666666666666665
31109,1,3.0
31110,2,5.0
31111,1,5.0
31114,1,5.0
31115,1,4.0
31121,1,3.0
31122,2,3.5
31123,1,4.0
31124,1,3.0
31125,1,5.0
31128,1,5.0
31132,1,5.0
31136,1,4.0
31139,1,4.0
31140,2,3.5
31141,1,4.0
31142,2,3.5
31143,1,3.0
31144,2,5.0
31145,2,4.0
31148,1,3.0
31152,6,3.3333333333333335
31159,7,3.4285714285714284
31164,1,5.0
31168,1,2.0
31169,1,5.0
31170,1,4.0
31171,1,5.0
31172,1,4.0
31173,1,4.0
31176,1,5.0
31179,1,5.0
31183,5,4.2
31184,2,4.0
31187,1,5.0
31190,1,4.0
31193,1,4.0
31197,1,5.0
31200,2,4.0
31202,2,5.0
31203,2,4.5
31204,3,4.333333333333333
31206,2,4.5
31214,2,5.0
31215,1,4.0
31216,1,5.0
31218,1,5.0
31221,1,5.0
31223,1,3.0
31224,2,5.0
31225,3,5.0
31229,1,2.0
31234,1,5.0
31235,1,5.0
31236,2,3.0
31237,1,3.0
31239,1,5.0
31242,1,5.0
31243,1,5.0
31244,7,4.428571428571429
31245,6,4.5
31248,1,5.0
31250,1,5.0
31253,2,4.5
31256,2,5.0
31257,2,4.5
31258,2,3.5
31264,1,5.0
31265,2,4.0
31269,1,2.0
31275,1,4.0
31277,1,5.0
31279,2,2.0
31280,2,5.0
31281,3,5.0
31282,1,2.0
31289,2,4.5
31291,2,5.0
31294,1,3.0
31295,2,3.0
31296,2,3.5
31298,3,3.6666666666666665
31299,1,5.0
31304,1,5.0
31309,1,4.0
31312,1,4.0
31313,2,5.0
31314,1,5.0
31318,1,5.0
31320,3,5.0
31326,2,4.0
31327,2,4.0
31329,1,5.0
31330,2,5.0
31331,1,5.0
31334,1,5.0
31335,1,4.0
31343,1,5.0
31348,1,5.0
31350,1,4.0
31354,4,5.0
31356,1,5.0
31359,1,5.0
31363,1,4.0
31364,1,4.0
31367,1,4.0
31369,1,5.0
31370,1,2.0
31371,1,4.0
31372,1,4.0
31373,2,4.0
31374,2,3.5
31376,2,5.0
31378,1,5.0
31381,1,4.0
31384,1,5.0
31390,1,5.0
31394,2,5.0
31396,1,3.0
31398,2,4.5
31402,1,5.0
31403,1,5.0
31408,2,4.0
31410,1,3.0
31416,3,4.333333333333333
31417,2,4.0
31421,2,4.5
31423,1,3.0
31424,1,3.0
31426,1,3.0
31427,1,4.0
31428,1,5.0
31429,2,4.5
31432,1,3.0
31433,1,4.0
31434,2,4.0
31435,1,1.0
31436,1,5.0
31438,1,3.0
31440,1,5.0
31441,1,5.0
31443,2,4.5
31447,1,4.0
31450,2,5.0
31451,1,1.0
31454,1,5.0
31463,1,5.0
31470,2,5.0
31472,1,4.0
31474,1,5.0
31477,1,1.0
31478,2,4.0
31483,5,3.4
31484,1,5.0
31485,1,5.0
31489,1,3.0
31490,2,5.0
31492,1,5.0
31496,5,4.4
31497,1,4.0
31499,1,5.0
31501,2,4.5
31503,1,5.0
31507,1,3.0
31508,3,5.0
31514,2,4.5
31517,1,5.0
31521,1,3.0
31522,2,4.0
31523,1,4.0
31524,1,4.0
31525,1,5.0
31526,1,1.0
31527,1,5.0
31532,1,1.0
31534,2,5.0
31536,1,4.0
31540,1,5.0
31543,2,5.0
31548,3,3.3333333333333335
31551,1,1.0
31554,1,5.0
31555,1,3.0
31557,1,5.0
31559,2,3.0
31567,2,5.0
31570,1,5.0
31572,1,4.0
31573,1,4.0
31574,2,4.5
31575,1,5.0
31576,2,4.0
31578,1,4.0
31581,3,5.0
31585,1,5.0
31586,1,4.0
31587,6,3.1666666666666665
31588,1,3.0
31592,1,2.0
31593,2,4.0
31598,1,4.0
31603,1,4.0
31607,1,5.0
31613,1,5.0
31616,1,5.0
31617,1,4.0
31619,1,5.0
31620,1,3.0
31621,3,4.333333333333333
31624,1,3.0
31628,2,5.0
31629,4,4.5
31632,1,5.0
31633,1,4.0
31634,2,3.5
31635,1,5.0
31636,4,4.0
31648,1,4.0
31650,1,2.0
31651,1,3.0
31653,1,4.0
31655,1,5.0
31673,1,4.0
31675,1,5.0
31676,1,5.0
31678,3,5.0
31681,2,2.0
31684,2,3.5
31688,1,4.0
31693,1,5.0
31694,1,5.0
31699,1,5.0
31700,1,4.0
31701,2,4.5
31703,2,4.5
31705,1,3.0
31707,2,4.5
31709,1,5.0
31710,1,3.0
31713,3,4.666666666666667
31719,1,5.0
31724,2,5.0
31726,2,4.0
31729,2,2.5
31739,1,5.0
31740,1,5.0
31741,1,4.0
31742,1,5.0
31743,1,5.0
31744,1,5.0
31747,2,4.0
31750,1,5.0
31752,1,3.0
31753,1,4.0
31754,1,5.0
31755,1,5.0
31762,1,4.0
31765,1,5.0
31766,1,4.0
31767,1,4.0
31769,2,4.0
31770,1,5.0
31771,1,5.0
31775,1,4.0
31780,3,2.6666666666666665
31784,1,4.0
31785,4,4.5
31786,1,5.0
31787,1,4.0
31795,1,3.0
31796,1,4.0
31797,1,5.0
31799,1,4.0
31801,1,4.0
31806,4,4.75
31807,1,4.0
31809,1,4.0
31810,1,4.0
31813,1,4.0
31815,1,5.0
31816,1,4.0
31819,5,4.4
31823,1,5.0
31826,3,4.0
31832,1,3.0
31833,1,5.0
31834,1,5.0
31836,1,4.0
31837,2,5.0
31838,1,3.0
31839,3,3.6666666666666665
31840,1,5.0
31842,1,5.0
31844,1,5.0
31845,1,5.0
31851,1,5.0
31852,1,2.0
31855,1,4.0
31857,3,3.6666666666666665
31858,1,4.0
31859,7,4.714285714285714
31861,1,5.0
31864,1,5.0
31865,2,5.0
31866,1,5.0
31867,1,4.0
31873,2,4.0
31874,1,4.0
31876,1,3.0
31878,1,4.0
31881,1,5.0
31883,4,5.0
31886,1,4.0
31890,1,1.0
31894,1,4.0
31895,6,3.6666666666666665
31897,5,3.2
31899,3,5.0
31903,1,5.0
31906,1,5.0
31908,7,3.857142857142857
31910,2,5.0
31911,2,3.0
31916,3,4.0
31918,6,4.666666666666667
31923,1,5.0
31925,1,5.0
31928,2,4.0
31930,6,4.0
31931,5,4.8
31933,2,3.0
31934,2,3.0
31937,1,4.0
31939,3,4.0
31941,3,3.0
31953,1,5.0
31954,1,4.0
31958,1,4.0
31965,1,3.0
31968,1,5.0
31972,2,4.0
31973,4,4.0
31978,2,5.0
31979,2,4.0
31980,1,4.0
31982,1,2.0
31989,1,4.0
31991,4,4.5
31994,2,3.5
31996,2,4.5
31997,1,4.0
31998,1,5.0
32000,2,4.5
32002,1,5.0
32017,1,4.0
32018,2,4.0
32020,1,3.0
32021,1,5.0
32030,2,4.5
32034,1,4.0
32036,2,4.0
32037,1,1.0
32039,1,5.0
32043,1,3.0
32050,1,1.0
32051,1,5.0
32053,1,4.0
32057,1,1.0
32059,1,5.0
32064,1,3.0
32066,1,3.0
32068,1,5.0
32070,1,4.0
32074,3,3.6666666666666665
32076,1,5.0
32077,6,4.166666666666667
32078,4,3.0
32079,2,2.0
32081,1,3.0
32083,1,4.0
32086,1,5.0
32087,1,5.0
32090,2,4.5
32095,1,4.0
32098,2,3.5
32100,1,4.0
32101,1,3.0
32107,3,3.0
32108,2,4.0
32111,2,4.0
32113,1,5.0
32114,1,5.0
32116,1,5.0
32119,1,5.0
32121,1,5.0
32123,1,4.0
32125,2,4.5
32128,1,4.0
32129,1,5.0
32135,1,5.0
32139,1,5.0
32140,3,4.0
32141,1,1.0
32143,1,5.0
32146,1,4.0
32147,2,3.0
32150,1,5.0
32151,1,5.0
32154,2,5.0
32159,1,5.0
32160,1,4.0
32163,1,2.0
32164,2,4.0
32166,3,3.6666666666666665
32169,1,4.0
32171,1,4.0
32175,2,5.0
32183,1,5.0
32191,5,3.6
32195,1,5.0
32198,2,3.5
32200,4,5.0
32209,1,1.0
32210,2,4.0
32213,1,5.0
32220,1,5.0
32221,1,4.0
32223,1,5.0
32225,1,4.0
32229,1,3.0
32232,1,5.0
32235,1,1.0
32236,1,4.0
32239,2,4.0
32240,1,5.0
32241,6,4.0
32242,1,5.0
32244,1,5.0
32245,2,5.0
32249,1,4.0
32251,1,4.0
32259,2,4.5
32261,1,5.0
32262,1,5.0
32263,2,3.5
32265,1,4.0
32269,3,3.3333333333333335
32270,1,5.0
32271,1,5.0
32272,1,4.0
32273,3,4.333333333333333
32274,1,5.0
32275,1,5.0
32276,1,5.0
32277,1,4.0
32281,1,5.0
32284,1,4.0
32290,2,4.0
32291,1,4.0
32295,4,3.25
32296,1,5.0
32297,1,1.0
32298,1,5.0
32299,1,3.0
32300,2,4.5
32301,3,4.666666666666667
32302,2,5.0
32304,2,5.0
32305,2,5.0
32308,1,5.0
32309,3,4.333333333333333
32314,1,4.0
32320,3,5.0
32322,5,4.8
32323,1,4.0
32328,2,4.5
32331,1,5.0
32333,1,5.0
32335,1,4.0
32337,1,4.0
32338,1,5.0
32339,1,5.0
32341,1,3.0
32344,4,5.0
32346,1,3.0
32350,1,5.0
32355,1,4.0
32359,1,4.0
32362,1,5.0
32367,1,4.0
32368,1,5.0
32370,1,2.0
32371,1,3.0
32375,1,3.0
32378,1,3.0
32386,1,4.0
32388,1,5.0
32391,1,5.0
32392,1,4.0
32393,1,3.0
32394,1,5.0
32398,3,2.3333333333333335
32406,1,5.0
32407,3,3.6666666666666665
32409,1,5.0
32413,1,4.0
32416,1,4.0
32417,1,4.0
32418,2,3.5
32422,4,3.5
32423,1,4.0
32424,1,4.0
32430,1,2.0
32433,6,4.333333333333333
32441,7,3.5714285714285716
32444,1,5.0
32446,2,4.0
32447,2,5.0
32454,1,4.0
32455,1,5.0
32459,2,4.0
32460,3,4.666666666666667
32461,1,4.0
32466,1,2.0
32467,1,4.0
32469,3,4.0
32470,1,3.0
32473,1,5.0
32475,1,2.0
32479,1,5.0
32480,1,4.0
32481,1,5.0
32482,1,1.0
32483,2,5.0
32484,2,4.5
32486,2,4.0
32489,1,5.0
32490,2,4.5
32492,2,4.0
32493,1,5.0
32496,4,4.0
32497,2,4.0
32499,2,4.0
32500,2,4.5
32501,1,5.0
32502,1,2.0
32513,1,4.0
32521,1,1.0
32522,1,4.0
32523,2,4.5
32526,1,5.0
32529,2,5.0
32533,2,5.0
32540,2,5.0
32543,1,4.0
32544,3,4.0
32549,1,4.0
32550,1,4.0
32551,1,5.0
32552,1,4.0
32555,2,4.0
32563,1,5.0
32571,1,5.0
32572,1,4.0
32573,1,3.0
32577,4,4.0
32579,1,5.0
32581,1,5.0
32586,3,4.0
32590,1,4.0
32592,2,2.5
32594,1,4.0
32596,1,5.0
32599,1,5.0
32603,1,5.0
32604,1,5.0
32605,1,5.0
32606,1,3.0
32607,3,4.0
32611,1,3.0
32612,1,4.0
32618,1,5.0
32620,1,4.0
32626,1,3.0
32628,1,3.0
32633,2,5.0
32634,1,4.0
32635,1,5.0
32639,1,5.0
32642,1,5.0
32644,1,5.0
32649,1,4.0
32650,1,5.0
32652,1,4.0
32653,1,4.0
32661,1,5.0
32665,6,3.8333333333333335
32666,2,4.0
32668,1,5.0
32670,2,3.5
32672,2,3.0
32674,2,4.0
32675,3,5.0
32677,1,5.0
32678,1,5.0
32679,3,4.666666666666667
32683,1,4.0
32684,1,4.0
32685,1,4.0
32686,1,5.0
32690,2,4.0
32693,1,5.0
32694,2,5.0
32695,1,5.0
32696,2,5.0
32697,1,3.0
32699,1,3.0
32700,1,5.0
32704,1,4.0
32711,4,3.75
32712,1,4.0
32713,2,4.5
32714,2,5.0
32717,1,1.0
32720,1,4.0
32724,4,4.75
32726,2,4.5
32735,1,5.0
32738,2,5.0
32741,1,5.0
32745,1,5.0
32746,2,3.5
32747,1,5.0
32748,2,4.5
32751,1,5.0
32754,1,5.0
32755,1,5.0
32756,2,5.0
32759,1,4.0
32761,1,3.0
32765,1,3.0
32767,2,3.5
32770,1,5.0
32772,1,4.0
32781,1,4.0
32782,1,1.0
32786,1,5.0
32789,2,4.0
32792,1,5.0
32794,1,3.0
32796,1,3.0
32797,1,1.0
32804,2,5.0
32806,1,5.0
32809,4,3.25
32813,3,3.3333333333333335
32815,2,4.0
32819,1,4.0
32821,1,3.0
32824,1,4.0
32830,1,5.0
32831,1,4.0
32836,1,5.0
32837,1,3.0
32844,1,3.0
32846,1,5.0
32847,1,5.0
32851,2,5.0
32854,1,5.0
32856,2,4.0
32857,1,5.0
32859,2,3.5
32860,4,4.5
32862,2,3.5
32863,1,3.0
32864,1,4.0
32866,1,4.0
32867,1,2.0
32868,2,4.0
32874,2,5.0
32875,2,4.5
32878,1,5.0
32881,2,4.0
32884,1,4.0
32892,4,2.75
32894,1,5.0
32900,1,1.0
32901,1,5.0
32902,1,4.0
32907,1,3.0
32908,1,5.0
32909,1,3.0
32911,3,4.333333333333333
32913,1,5.0
32915,2,4.0
32916,1,5.0
32917,1,4.0
32918,1,5.0
32919,2,4.0
32920,2,4.0
32923,1,4.0
32926,2,2.0
32928,1,4.0
32929,2,4.5
32931,2,4.0
32932,2,4.0
32936,1,4.0
32937,1,4.0
32943,2,4.5
32944,1,4.0
32945,2,4.0
32948,4,4.0
32950,2,2.5
32951,2,5.0
32953,1,4.0
32954,1,5.0
32956,3,4.666666666666667
32960,1,3.0
32965,1,5.0
32968,1,5.0
32970,1,4.0
32973,1,4.0
32974,1,4.0
32975,1,1.0
32976,1,3.0
32978,2,4.0
32979,1,5.0
32981,1,4.0
32983,1,3.0
32984,1,4.0
32985,1,5.0
32987,5,4.4
32989,1,4.0
32992,1,4.0
32995,1,5.0
32998,1,5.0
33000,1,5.0
33004,1,3.0
33007,1,5.0
33010,1,1.0
33012,2,4.5
33015,1,5.0
33017,1,1.0
33019,1,5.0
33022,1,4.0
33024,1,5.0
33026,6,3.5
33027,1,4.0
33029,1,5.0
33030,1,3.0
33032,1,5.0
33034,1,5.0
33035,1,4.0
33036,1,2.0
33038,3,4.333333333333333
33041,2,5.0
33047,2,5.0
33051,2,3.5
33054,3,5.0
33055,2,4.5
33059,1,4.0
33061,1,5.0
33063,1,3.0
33064,1,3.0
33065,1,5.0
33070,3,4.666666666666667
33073,1,5.0
33080,1,5.0
33081,4,4.5
33085,1,5.0
33086,2,5.0
33087,1,4.0
33090,1,5.0
33091,1,5.0
33093,1,4.0
33095,2,3.0
33097,2,4.5
33098,1,3.0
33099,2,4.5
33100,1,2.0
33103,1,5.0
33104,1,5.0
33105,1,2.0
33108,1,5.0
33109,1,4.0
33117,3,4.0
33119,4,3.25
33125,1,5.0
33126,2,4.5
33128,1,4.0
33130,1,5.0
33131,1,4.0
33136,2,3.0
33137,1,4.0
33140,1,2.0
33144,1,4.0
33149,1,4.0
33150,2,4.0
33155,2,4.5
33159,1,5.0
33170,1,5.0
33174,1,5.0
33176,2,5.0
33183,2,4.5
33191,1,4.0
33192,3,4.0
33194,1,4.0
33195,1,3.0
33196,1,3.0
33202,1,4.0
33204,1,5.0
33205,1,5.0
33207,1,5.0
33210,2,5.0
33213,1,5.0
33215,2,5.0
33217,2,4.5
33221,1,5.0
33222,1,5.0
33224,1,4.0
33226,2,4.0
33228,1,4.0
33229,1,3.0
33232,3,4.0
33233,1,5.0
33234,2,3.0
33235,2,3.0
33236,4,4.25
33237,2,4.0
33238,1,5.0
33240,2,5.0
33243,2,4.5
33245,1,3.0
33251,2,2.0
33253,1,4.0
33254,2,4.5
33255,1,5.0
33256,3,4.0
33261,1,5.0
33263,1,5.0
33264,1,4.0
33265,1,5.0
33269,2,3.0
33270,1,4.0
33271,2,5.0
33273,3,4.0
33274,2,2.5
33275,3,5.0
33276,1,5.0
33278,1,4.0
33280,1,5.0
33281,1,5.0
33282,1,4.0
33284,1,1.0
33287,1,4.0
33288,1,5.0
33290,1,4.0
33291,3,4.333333333333333
33292,1,5.0
33293,2,4.0
33298,3,4.0
33301,1,4.0
33307,1,4.0
33310,1,4.0
33311,1,3.0
33315,2,4.0
33318,1,1.0
33319,1,4.0
33322,1,5.0
33326,1,5.0
33327,1,3.0
33331,1,5.0
33332,3,3.3333333333333335
33340,2,4.5
33341,1,4.0
33344,1,3.0
33347,1,5.0
33348,2,4.0
33351,2,4.0
33353,1,3.0
33354,1,5.0
33355,1,4.0
33356,1,5.0
33358,2,5.0
33359,1,4.0
33362,1,3.0
33363,1,4.0
33366,2,5.0
33369,2,3.0
33370,1,5.0
33371,1,5.0
33374,1,5.0
33376,1,5.0
33377,1,5.0
33378,1,4.0
33379,3,3.6666666666666665
33381,1,5.0
33385,1,5.0
33386,1,3.0
33388,1,2.0
33392,1,5.0
33397,1,5.0
33398,1,5.0
33399,2,4.0
33406,2,4.5
33414,1,4.0
33419,1,5.0
33421,2,5.0
33423,2,5.0
33424,2,4.5
33425,2,3.5
33426,2,3.5
33428,1,2.0
33429,1,4.0
33431,1,4.0
33433,1,3.0
33438,1,4.0
33440,1,5.0
33447,1,4.0
33448,3,4.0
33449,1,4.0
33452,1,4.0
33453,2,4.0
33465,1,5.0
33466,1,3.0
33467,1,3.0
33468,1,4.0
33474,2,5.0
33475,1,5.0
33477,1,5.0
33479,2,2.5
33481,2,4.0
33488,1,3.0
33493,1,5.0
33499,1,3.0
33503,3,4.333333333333333
33504,1,5.0
33505,1,3.0
33514,1,5.0
33515,1,5.0
33517,2,4.0
33521,1,4.0
33522,1,3.0
33525,1,3.0
33527,2,5.0
33529,1,5.0
33532,3,4.0
33533,1,5.0
33534,2,4.5
33535,1,3.0
33537,1,4.0
33539,1,5.0
33543,2,4.0
33545,2,5.0
33547,1,4.0
33552,1,5.0
33554,1,4.0
33557,1,5.0
33559,1,4.0
33568,1,3.0
33571,3,5.0
33576,3,2.3333333333333335
33577,1,5.0
33585,2,4.5
33586,2,4.0
33588,1,4.0
33590,1,4.0
33592,1,3.0
33596,1,4.0
33597,1,3.0
33601,1,4.0
33602,2,5.0
33603,1,5.0
33605,3,4.0
33606,2,4.5
33607,2,4.5
33614,1,5.0
33619,1,3.0
33622,1,5.0
33623,4,4.25
33627,1,5.0
33630,1,4.0
33632,1,3.0
33639,1,5.0
33641,3,4.333333333333333
33645,1,1.0
33646,1,5.0
33647,1,4.0
33648,1,4.0
33649,1,4.0
33650,1,5.0
33651,1,4.0
33655,2,5.0
33657,1,4.0
33659,1,5.0
33663,1,4.0
33666,1,4.0
33671,1,5.0
33679,1,1.0
33680,1,2.0
33682,1,5.0
33685,1,4.0
33686,1,4.0
33689,1,5.0
33690,1,1.0
33691,1,4.0
33692,1,5.0
33694,1,4.0
33699,2,3.5
33700,1,1.0
33702,1,2.0
33704,2,5.0
33709,1,5.0
33713,1,4.0
33715,1,4.0
33716,2,5.0
33719,1,4.0
33720,1,5.0
33721,1,5.0
33728,1,5.0
33729,1,5.0
33731,1,5.0
33732,1,5.0
33734,1,4.0
33735,1,4.0
33737,1,5.0
33738,1,5.0
33741,1,4.0
33744,1,5.0
33745,1,5.0
33747,3,5.0
33749,1,3.0
33752,1,2.0
33753,2,4.0
33754,1,5.0
33759,1,4.0
33761,1,5.0
33763,1,4.0
33764,1,3.0
33772,2,4.0
33776,3,3.3333333333333335
33783,1,2.0
33785,1,5.0
33786,1,5.0
33794,3,2.0
33795,1,3.0
33797,3,5.0
33800,1,5.0
33801,1,5.0
33802,1,4.0
33803,1,4.0
33805,1,4.0
33806,1,4.0
33807,1,5.0
33811,3,4.0
33815,2,2.5
33816,1,3.0
33817,1,4.0
33821,1,4.0
33823,1,2.0
33826,1,5.0
33833,1,4.0
33835,1,4.0
33838,2,4.0
33842,1,5.0
33844,3,2.6666666666666665
33852,2,4.0
33855,1,4.0
33856,1,4.0
33859,1,4.0
33861,1,5.0
33862,1,3.0
33869,1,4.0
33870,1,5.0
33871,1,5.0
33879,1,5.0
33881,1,5.0
33886,2,3.5
33887,1,5.0
33890,1,4.0
33895,2,5.0
33896,1,5.0
33902,1,5.0
33905,1,5.0
33908,1,2.0
33909,1,5.0
33914,2,4.0
33921,1,4.0
33923,1,5.0
33924,1,5.0
33926,1,4.0
33928,1,5.0
33930,1,5.0
33933,1,5.0
33934,1,5.0
33936,1,4.0
33937,1,2.0
33942,2,4.5
33943,1,2.0
33947,1,4.0
33948,4,4.75
33950,1,4.0
33955,2,4.5
33956,1,1.0
33957,1,5.0
33959,1,4.0
33962,3,2.0
33963,1,5.0
33966,4,3.75
33971,1,5.0
33976,2,4.0
33978,1,5.0
33980,2,4.5
33986,1,4.0
33988,1,5.0
33989,2,2.0
33994,1,3.0
33996,2,5.0
33997,2,4.0
34002,2,4.0
34003,1,4.0
34004,1,4.0
34006,2,4.0
34008,3,3.6666666666666665
34009,1,3.0
34010,1,4.0
34014,4,4.75
34015,1,5.0
34018,1,4.0
34021,1,5.0
34025,1,5.0
34027,1,4.0
34029,1,5.0
34031,1,2.0
34033,2,4.0
34039,1,5.0
34042,5,4.6
34045,6,3.1666666666666665
34046,3,3.6666666666666665
34047,1,5.0
34049,8,4.0
34050,8,4.0
34051,1,5.0
34053,15,4.0
34054,2,4.0
34060,2,5.0
34062,2,5.0
34063,2,3.5
34064,2,4.5
34067,1,3.0
34069,2,3.0
34071,2,3.5
34075,4,4.25
34076,1,1.0
34079,2,3.5
34080,1,2.0
34081,1,3.0
34084,2,4.0
34087,2,4.0
34088,1,4.0
34099,1,1.0
34104,1,5.0
34105,1,3.0
34113,1,5.0
34115,1,4.0
34116,1,4.0
34120,1,4.0
34125,1,5.0
34126,1,3.0
34131,1,4.0
34132,1,5.0
34142,2,4.5
34147,1,3.0
34152,1,4.0
34159,1,5.0
34161,2,5.0
34162,2,5.0
34166,1,5.0
34170,2,4.0
34171,4,4.25
34172,2,3.5
34174,1,3.0
34182,2,3.5
34184,1,5.0
34187,1,2.0
34192,1,5.0
34195,3,4.333333333333333
34199,1,5.0
34201,1,4.0
34207,1,3.0
34208,1,5.0
34209,1,5.0
34213,1,3.0
34214,1,5.0
34215,2,4.5
34218,1,4.0
34220,1,4.0
34222,1,3.0
34223,1,3.0
34225,1,4.0
34227,1,5.0
34230,2,4.5
34231,2,3.5
34234,1,4.0
34237,2,5.0
34238,1,3.0
34239,1,5.0
34241,1,5.0
34243,1,5.0
34244,1,3.0
34248,1,4.0
34255,3,4.333333333333333
34258,1,4.0
34260,4,4.0
34262,1,5.0
34269,1,5.0
34273,3,4.666666666666667
34275,1,5.0
34276,1,3.0
34282,1,5.0
34283,1,5.0
34285,1,4.0
34288,3,2.6666666666666665
34289,1,5.0
34291,1,4.0
34298,2,5.0
34300,1,2.0
34302,1,5.0
34304,2,5.0
34305,2,4.5
34306,2,5.0
34309,1,4.0
34313,4,4.0
34314,1,5.0
34315,1,4.0
34317,3,5.0
34321,1,5.0
34322,1,5.0
34323,1,4.0
34324,1,4.0
34328,1,2.0
34338,1,5.0
34339,1,5.0
34344,2,5.0
34348,3,3.6666666666666665
34350,1,4.0
34353,1,3.0
34354,1,4.0
34358,1,4.0
34359,2,5.0
34360,5,4.2
34363,2,4.5
34365,2,5.0
34369,6,4.333333333333333
34370,1,4.0
34371,1,4.0
34372,1,5.0
34375,1,5.0
34378,2,3.5
34383,1,4.0
34385,2,4.0
34388,3,4.333333333333333
34390,2,4.0
34396,2,4.0
34398,1,4.0
34399,1,3.0
34403,1,5.0
34405,2,4.5
34408,1,3.0
34409,1,2.0
34412,2,4.5
34415,1,5.0
34416,1,3.0
34417,1,4.0
34422,1,5.0
34425,2,3.5
34429,1,2.0
34433,1,2.0
34434,2,4.5
34435,1,4.0
34436,6,4.166666666666667
34439,2,3.0
34443,1,3.0
34444,1,5.0
34445,4,3.25
34447,1,2.0
34449,1,1.0
34452,1,5.0
34454,1,5.0
34455,2,5.0
34456,1,1.0
34457,2,4.5
34459,1,5.0
34461,1,4.0
34463,2,5.0
34464,2,3.0
34466,1,5.0
34470,1,5.0
34473,1,5.0
34474,1,5.0
34475,1,5.0
34478,1,5.0
34480,5,3.6
34481,1,4.0
34482,3,4.666666666666667
34484,1,4.0
34486,3,4.0
34488,1,5.0
34490,2,3.0
34492,1,5.0
34496,2,2.0
34497,3,4.666666666666667
34498,1,4.0
34501,1,4.0
34502,1,4.0
34505,3,4.333333333333333
34507,1,1.0
34509,1,3.0
34511,2,5.0
34514,1,5.0
34518,1,5.0
34522,5,4.0
34526,1,4.0
34528,1,5.0
34529,1,5.0
34531,1,5.0
34532,1,5.0
34535,1,5.0
34536,1,2.0
34544,1,5.0
34545,2,3.5
34547,1,3.0
34556,1,3.0
34560,1,5.0
34562,1,4.0
34566,1,5.0
34567,1,4.0
34570,1,3.0
34577,2,3.0
34580,2,4.0
34582,2,4.0
34585,1,4.0
34586,2,4.5
34587,1,5.0
34591,1,5.0
34594,3,4.0
34598,1,4.0
34599,1,4.0
34601,1,5.0
34608,1,5.0
34610,1,5.0
34611,2,3.5
34615,2,5.0
34618,1,4.0
34621,4,3.75
34623,1,4.0
34625,1,5.0
34626,1,5.0
34627,1,5.0
34629,1,5.0
34630,5,4.0
34632,1,4.0
34634,3,4.333333333333333
34636,6,3.5
34637,4,3.75
34638,1,3.0
34639,1,3.0
34640,1,5.0
34643,1,4.0
34644,1,4.0
34647,1,5.0
34648,1,1.0
34649,1,5.0
34652,2,3.0
34654,1,4.0
34657,2,4.5
34658,2,3.5
34659,1,5.0
34660,1,4.0
34663,1,5.0
34666,4,3.75
34667,1,5.0
34669,1,5.0
34670,1,2.0
34673,1,2.0
34674,2,3.0
34675,1,5.0
34680,2,4.5
34683,1,5.0
34684,1,5.0
34685,1,4.0
34686,1,4.0
34687,1,2.0
34689,1,5.0
34691,2,3.0
34692,2,3.5
34693,1,2.0
34700,3,4.666666666666667
34701,1,5.0
34704,4,4.75
34706,1,5.0
34707,1,2.0
34711,1,4.0
34718,1,4.0
34722,2,4.0
34727,1,4.0
34730,2,4.5
34733,1,5.0
34734,1,5.0
34736,1,5.0
34739,1,5.0
34740,1,5.0
34741,1,3.0
34742,2,5.0
34746,2,3.0
34747,3,4.666666666666667
34748,1,4.0
34755,2,3.0
34756,1,4.0
34758,5,4.4
34760,1,4.0
34762,1,5.0
34766,5,3.4
34767,4,5.0
34770,1,4.0
34773,2,5.0
34777,3,3.6666666666666665
34778,2,4.0
34780,1,5.0
34781,2,5.0
34783,2,3.5
34785,3,3.6666666666666665
34788,4,4.5
34789,1,5.0
34790,1,2.0
34793,1,3.0
34794,1,5.0
34797,2,5.0
34800,1,5.0
34802,1,5.0
34805,1,5.0
34810,1,5.0
34813,3,3.6666666666666665
34814,1,5.0
34815,1,2.0
34816,1,3.0
34818,2,5.0
34819,1,5.0
34824,1,3.0
34825,2,5.0
34830,1,5.0
34831,1,5.0
34834,1,5.0
34836,1,5.0
34842,1,5.0
34844,2,5.0
34847,1,4.0
34850,1,5.0
34852,2,5.0
34858,1,5.0
34859,1,4.0
34860,2,4.0
34861,1,3.0
34862,1,5.0
34864,1,4.0
34866,1,4.0
34872,2,4.0
34873,1,1.0
34876,1,1.0
34888,1,3.0
34889,2,4.5
34894,1,2.0
34896,1,4.0
34903,1,3.0
34907,2,4.0
34909,1,5.0
34910,2,2.5
34912,1,3.0
34913,1,5.0
34916,1,3.0
34920,1,4.0
34930,1,4.0
34932,1,4.0
34933,1,1.0
34939,1,5.0
34940,1,1.0
34942,4,5.0
34945,2,5.0
34947,1,5.0
34948,2,5.0
34953,5,3.6
34954,1,3.0
34956,1,4.0
34957,1,4.0
34958,1,5.0
34963,1,1.0
34965,1,5.0
34969,1,3.0
34970,2,4.0
34972,1,4.0
34973,1,3.0
34975,1,5.0
34980,1,4.0
34982,1,4.0
34983,1,4.0
34991,1,4.0
34992,1,4.0
34994,1,5.0
34995,3,4.666666666666667
34997,1,4.0
35000,1,5.0
35001,1,5.0
35003,1,4.0
35005,1,5.0
35008,2,3.5
35014,3,4.666666666666667
35017,2,4.0
35020,4,4.75
35021,2,4.0
35022,2,3.5
35027,1,4.0
35028,2,4.5
35029,2,5.0
35031,1,2.0
35032,1,4.0
35035,4,5.0
35036,1,3.0
35038,1,4.0
35039,1,2.0
35041,1,5.0
35043,4,3.75
35044,1,5.0
35045,1,5.0
35049,2,4.0
35050,1,4.0
35052,1,5.0
35056,2,4.5
35057,2,2.5
35062,2,4.5
35063,6,2.5
35064,2,3.0
35065,1,5.0
35067,1,3.0
35069,2,4.5
35070,1,3.0
35073,1,3.0
35076,1,5.0
35077,3,4.0
35079,2,4.5
35091,3,5.0
35092,15,4.266666666666667
35094,3,4.0
35099,1,4.0
35100,2,4.5
35101,1,4.0
35103,1,5.0
35104,1,5.0
35105,1,5.0
35106,1,5.0
35107,1,2.0
35108,1,5.0
35115,1,4.0
35118,1,5.0
35119,1,2.0
35120,1,5.0
35123,1,5.0
35124,1,5.0
35129,1,5.0
35130,3,4.0
35131,1,5.0
35132,1,4.0
35133,1,4.0
35134,1,5.0
35140,1,5.0
35142,1,5.0
35145,1,5.0
35146,1,4.0
35147,1,5.0
35148,1,5.0
35153,1,5.0
35156,1,3.0
35158,1,4.0
35159,1,3.0
35163,2,4.0
35166,1,4.0
35168,2,4.0
35172,1,5.0
35174,1,5.0
35176,1,5.0
35177,2,4.5
35178,4,3.5
35179,3,3.3333333333333335
35181,1,2.0
35182,1,4.0
35185,1,3.0
35186,2,5.0
35187,1,4.0
35188,1,4.0
35192,1,5.0
35194,1,5.0
35195,1,4.0
35196,1,5.0
35197,1,5.0
35200,1,5.0
35201,2,3.0
35204,1,3.0
35207,1,5.0
35208,1,5.0
35209,3,4.0
35211,1,5.0
35215,1,4.0
35216,1,4.0
35217,2,5.0
35218,2,5.0
35219,1,5.0
35220,2,5.0
35221,1,5.0
35224,1,3.0
35227,3,4.333333333333333
35228,1,5.0
35233,2,4.0
35236,1,5.0
35241,2,4.0
35245,3,1.6666666666666667
35248,1,3.0
35249,3,3.6666666666666665
35258,1,4.0
35259,5,3.6
35262,3,3.6666666666666665
35263,4,3.25
35269,1,4.0
35272,1,5.0
35274,1,5.0
35275,1,4.0
35277,1,4.0
35279,2,4.5
35281,1,4.0
35282,1,4.0
35283,6,5.0
35285,1,4.0
35286,1,5.0
35289,3,3.6666666666666665
35290,1,4.0
35291,1,4.0
35292,2,4.0
35293,1,4.0
35295,1,2.0
35297,2,3.5
35300,2,5.0
35302,1,3.0
35305,2,5.0
35307,2,4.0
35311,1,3.0
35312,1,5.0
35313,1,5.0
35314,4,4.75
35319,1,5.0
35320,1,4.0
35329,3,5.0
35331,1,5.0
35332,1,5.0
35335,1,4.0
35337,2,3.5
35338,1,4.0
35340,2,4.0
35342,1,4.0
35343,2,4.0
35344,7,4.0
35345,1,5.0
35347,1,5.0
35350,1,4.0
35351,1,5.0
35356,1,4.0
35364,1,4.0
35367,1,4.0
35371,1,5.0
35374,1,5.0
35375,1,4.0
35378,1,5.0
35383,1,4.0
35385,1,5.0
35387,1,4.0
35392,2,5.0
35393,1,5.0
35395,1,5.0
35399,1,5.0
35400,1,4.0
35403,1,5.0
35404,1,4.0
35407,1,5.0
35410,1,4.0
35412,2,4.0
35413,6,3.8333333333333335
35415,1,5.0
35417,2,4.5
35419,2,4.0
35421,3,4.666666666666667
35426,1,5.0
35427,1,3.0
35428,1,3.0
35429,4,4.5
35430,1,5.0
35432,1,4.0
35433,1,5.0
35436,2,4.0
35438,3,3.3333333333333335
35439,1,5.0
35442,1,3.0
35444,1,5.0
35449,1,1.0
35458,1,5.0
35459,1,4.0
35461,1,4.0
35462,1,2.0
35463,2,4.5
35466,4,4.5
35467,1,1.0
35468,1,4.0
35470,2,5.0
35474,1,4.0
35477,1,4.0
35480,3,4.0
35481,1,5.0
35482,1,4.0
35483,2,4.0
35485,2,3.0
35486,3,4.333333333333333
35487,1,5.0
35488,1,4.0
35490,1,4.0
35491,2,3.5
35492,2,3.0
35494,1,1.0
35495,1,4.0
35496,3,3.6666666666666665
35502,2,4.0
35503,4,3.75
35504,3,3.3333333333333335
35505,1,3.0
35510,1,5.0
35511,2,4.5
35515,1,5.0
35521,1,4.0
35523,1,4.0
35525,1,3.0
35527,2,4.0
35531,1,4.0
35534,1,4.0
35535,1,3.0
35546,1,5.0
35550,2,4.0
35552,1,2.0
35553,5,4.6
35555,2,4.0
35560,1,4.0
35563,1,5.0
35567,1,5.0
35569,1,2.0
35571,1,5.0
35579,1,5.0
35586,2,3.0
35587,1,5.0
35589,1,5.0
35593,1,5.0
35594,1,1.0
35595,1,5.0
35598,1,5.0
35600,1,5.0
35601,2,5.0
35603,1,5.0
35608,1,5.0
35611,2,5.0
35617,1,5.0
35620,2,4.0
35621,1,5.0
35631,1,3.0
35632,3,4.333333333333333
35635,1,3.0
35637,1,5.0
35638,2,3.5
35645,1,5.0
35647,1,1.0
35650,2,4.5
35651,1,5.0
35655,4,2.75
35656,2,5.0
35659,1,4.0
35662,3,4.666666666666667
35665,2,3.5
35670,1,1.0
35671,1,5.0
35675,4,4.25
35677,1,1.0
35678,1,3.0
35679,1,5.0
35684,1,2.0
35685,1,5.0
35687,1,3.0
35690,1,5.0
35691,1,5.0
35692,1,5.0
35693,1,5.0
35700,2,5.0
35702,4,3.75
35706,1,4.0
35707,6,3.0
35711,1,4.0
35715,1,4.0
35718,1,4.0
35721,1,5.0
35723,1,4.0
35729,1,3.0
35737,2,3.0
35739,1,5.0
35740,1,5.0
35744,1,4.0
35745,1,4.0
35747,1,4.0
35751,1,4.0
35755,2,4.0
35758,1,3.0
35760,1,4.0
35763,1,4.0
35764,1,4.0
35766,1,4.0
35768,1,5.0
35773,1,4.0
35774,1,4.0
35778,2,4.0
35781,1,1.0
35782,1,5.0
35783,2,5.0
35790,2,3.0
35793,3,4.333333333333333
35795,1,4.0
35797,1,5.0
35798,1,4.0
35799,1,4.0
35806,2,4.5
35807,1,4.0
35809,1,5.0
35810,1,4.0
35812,1,4.0
35813,2,3.5
35818,1,5.0
35820,1,2.0
35823,1,2.0
35824,3,4.0
35826,1,4.0
35827,1,1.0
35828,1,5.0
35831,1,5.0
35834,1,2.0
35839,2,4.0
35846,1,5.0
35847,2,4.5
35848,1,3.0
35849,1,4.0
35850,2,5.0
35851,1,5.0
35852,1,5.0
35854,1,5.0
35855,1,5.0
35856,2,5.0
35858,2,5.0
35860,1,2.0
35861,1,4.0
35862,1,4.0
35864,2,4.0
35866,1,4.0
35867,1,2.0
35871,1,4.0
35873,1,5.0
35874,2,5.0
35877,1,3.0
35880,1,4.0
35882,3,4.333333333333333
35883,1,5.0
35885,4,3.75
35886,1,5.0
35891,2,5.0
35894,1,5.0
35897,1,5.0
35898,2,3.0
35899,1,4.0
35901,1,5.0
35903,2,4.5
35908,1,4.0
35912,1,4.0
35916,1,3.0
35920,2,5.0
35922,1,5.0
35923,1,4.0
35924,1,3.0
35926,1,1.0
35927,1,5.0
35928,1,5.0
35929,1,5.0
35930,1,3.0
35931,2,4.5
35937,2,3.5
35938,1,4.0
35939,1,5.0
35940,1,5.0
35943,1,5.0
35944,1,4.0
35945,2,4.5
35946,4,4.0
35947,3,3.3333333333333335
35949,4,4.25
35951,1,5.0
35953,3,4.666666666666667
35954,2,5.0
35955,1,5.0
35957,1,4.0
35959,1,5.0
35962,2,4.0
35966,3,4.0
35970,1,5.0
35974,1,2.0
35975,1,5.0
35991,1,4.0
35992,1,4.0
35995,3,3.6666666666666665
35996,2,4.5
35998,1,5.0
35999,3,4.666666666666667
36002,2,4.5
36005,1,4.0
36006,9,4.0
36007,2,4.0
36008,1,5.0
36009,1,5.0
36011,1,4.0
36019,1,5.0
36027,1,5.0
36029,1,1.0
36038,1,3.0
36039,2,4.5
36042,1,5.0
36045,1,5.0
36046,1,4.0
36050,1,5.0
36052,3,4.333333333333333
36054,2,5.0
36055,2,5.0
36057,1,5.0
36062,2,4.5
36072,1,5.0
36073,1,4.0
36074,1,5.0
36075,1,4.0
36076,2,4.0
36078,2,2.0
36080,1,4.0
36082,1,2.0
36087,1,5.0
36088,1,3.0
36089,2,3.0
36090,2,2.5
36094,1,3.0
36100,1,4.0
36102,2,4.5
36103,1,4.0
36105,1,5.0
36107,1,1.0
36108,2,3.0
36112,2,4.5
36114,2,4.0
36115,2,5.0
36116,5,4.2
36118,3,4.666666666666667
36120,1,5.0
36121,2,5.0
36122,1,1.0
36125,2,5.0
36132,1,3.0
36137,1,4.0
36138,2,3.0
36139,1,5.0
36140,2,5.0
36141,1,4.0
36142,1,2.0
36146,1,5.0
36147,1,4.0
36148,1,4.0
36151,1,4.0
36152,1,4.0
36155,2,5.0
36156,1,5.0
36161,1,5.0
36163,1,4.0
36165,2,4.0
36166,1,5.0
36167,1,1.0
36168,1,1.0
36171,1,5.0
36172,1,2.0
36174,8,3.75
36175,1,3.0
36176,1,4.0
36177,1,3.0
36179,3,4.666666666666667
36182,1,4.0
36184,1,5.0
36185,1,4.0
36186,2,5.0
36187,1,4.0
36188,1,5.0
36193,2,5.0
36196,1,5.0
36197,1,5.0
36198,1,4.0
36199,1,5.0
36203,2,4.5
36205,1,5.0
36210,4,4.25
36213,2,3.0
36214,1,3.0
36215,1,5.0
36216,1,4.0
36218,2,3.5
36219,1,5.0
36222,1,5.0
36225,1,5.0
36228,1,5.0
36229,2,4.0
36230,2,4.0
36233,1,5.0
36234,1,3.0
36235,1,5.0
36236,1,4.0
36239,1,4.0
36240,1,4.0
36241,1,4.0
36245,1,4.0
36252,1,5.0
36255,1,4.0
36256,1,4.0
36260,1,3.0
36264,1,3.0
36265,3,4.333333333333333
36266,3,4.333333333333333
36267,1,2.0
36269,2,5.0
36271,1,4.0
36276,1,5.0
36279,1,5.0
36280,1,4.0
36286,5,3.4
36287,1,4.0
36289,1,5.0
36290,1,5.0
36292,1,5.0
36294,1,5.0
36295,1,4.0
36296,1,5.0
36297,2,5.0
36306,5,5.0
36311,2,4.0
36313,1,4.0
36319,5,3.2
36320,1,5.0
36321,1,4.0
36325,1,5.0
36326,1,4.0
36328,3,5.0
36335,1,5.0
36337,2,1.0
36338,1,4.0
36339,1,4.0
36340,2,3.5
36341,1,3.0
36342,1,5.0
36343,1,3.0
36344,1,5.0
36347,1,5.0
36349,1,4.0
36356,1,2.0
36361,3,4.333333333333333
36362,1,3.0
36363,1,3.0
36367,1,5.0
36369,11,4.363636363636363
36370,1,4.0
36375,1,5.0
36376,1,4.0
36377,1,4.0
36378,1,4.0
36379,2,4.0
36380,1,4.0
36381,1,5.0
36382,3,4.0
36383,1,4.0
36385,1,4.0
36388,1,2.0
36392,1,5.0
36400,1,5.0
36401,1,4.0
36402,1,4.0
36403,1,4.0
36404,1,3.0
36405,1,5.0
36407,3,4.0
36409,1,5.0
36410,1,4.0
36413,2,5.0
36419,1,3.0
36421,2,5.0
36422,1,3.0
36438,3,5.0
36441,2,4.5
36443,1,5.0
36445,1,5.0
36446,1,4.0
36448,1,5.0
36449,1,4.0
36452,1,3.0
36454,1,5.0
36455,1,4.0
36456,1,3.0
36457,1,5.0
36459,2,5.0
36462,2,4.0
36463,1,4.0
36467,1,5.0
36469,1,5.0
36470,1,5.0
36472,1,5.0
36477,1,5.0
36478,2,3.5
36480,4,3.75
36482,1,5.0
36483,3,4.0
36484,1,4.0
36486,1,4.0
36487,1,5.0
36488,2,5.0
36489,2,5.0
36490,1,5.0
36491,1,5.0
36499,1,5.0
36503,1,4.0
36504,2,4.0
36506,1,3.0
36507,2,3.0
36508,2,4.5
36511,1,2.0
36518,1,5.0
36521,2,4.0
36522,2,5.0
36523,1,3.0
36524,2,5.0
36525,1,3.0
36527,2,3.0
36528,2,4.5
36533,1,3.0
36534,1,5.0
36537,1,4.0
36538,3,4.666666666666667
36542,1,3.0
36543,1,5.0
36545,1,3.0
36546,1,4.0
36547,1,5.0
36551,1,4.0
36554,1,3.0
36556,1,4.0
36557,3,4.333333333333333
36559,1,4.0
36560,1,5.0
36563,1,5.0
36564,3,4.0
36567,11,3.5454545454545454
36569,1,5.0
36570,2,4.0
36576,1,4.0
36577,1,5.0
36579,1,5.0
36580,2,4.5
36582,1,5.0
36585,5,4.6
36588,1,4.0
36590,2,5.0
36593,1,5.0
36594,1,4.0
36596,3,4.0
36597,1,3.0
36599,1,5.0
36600,1,5.0
36601,1,5.0
36603,1,3.0
36604,5,4.0
36607,2,4.5
36615,2,2.5
36619,1,3.0
36620,5,4.2
36622,2,5.0
36625,4,4.0
36630,5,4.6
36632,1,3.0
36636,1,4.0
36637,1,5.0
36642,1,4.0
36644,1,4.0
36646,1,3.0
36653,1,5.0
36655,1,5.0
36657,1,4.0
36660,1,5.0
36661,2,2.5
36664,1,5.0
36667,2,5.0
36673,1,5.0
36675,1,5.0
36680,1,3.0
36681,2,5.0
36686,1,5.0
36691,2,4.5
36697,1,1.0
36699,1,5.0
36701,1,5.0
36704,1,4.0
36710,1,4.0
36715,1,5.0
36716,1,4.0
36719,1,2.0
36723,1,4.0
36724,1,4.0
36728,5,3.4
36729,2,3.5
36735,1,4.0
36737,1,5.0
36740,1,3.0
36745,1,5.0
36746,1,5.0
36752,4,4.75
36758,1,5.0
36760,1,5.0
36761,1,5.0
36764,1,5.0
36767,2,4.0
36772,1,5.0
36773,1,1.0
36776,2,5.0
36780,1,5.0
36783,1,5.0
36790,2,4.5
36802,1,4.0
36804,1,5.0
36806,1,4.0
36808,1,2.0
36810,1,5.0
36811,1,4.0
36813,1,5.0
36814,1,3.0
36818,3,2.6666666666666665
36819,2,4.0
36820,1,5.0
36821,1,5.0
36823,2,4.0
36826,1,4.0
36830,1,4.0
36836,2,4.5
36839,1,5.0
36841,1,5.0
36843,1,5.0
36851,5,4.2
36856,2,4.5
36859,1,5.0
36860,1,3.0
36862,4,3.5
36868,1,3.0
36872,1,5.0
36873,3,3.6666666666666665
36874,1,5.0
36878,1,4.0
36881,1,5.0
36884,2,3.0
36888,1,4.0
36891,2,4.0
36893,1,3.0
36894,1,2.0
36896,1,3.0
36906,3,5.0
36907,1,4.0
36909,1,5.0
36911,1,4.0
36917,2,4.5
36918,1,5.0
36920,1,3.0
36922,1,5.0
36923,1,5.0
36924,1,3.0
36925,1,3.0
36926,4,4.0
36927,4,3.5
36929,1,4.0
36930,2,4.0
36931,1,5.0
36933,1,4.0
36935,2,5.0
36938,1,5.0
36939,1,4.0
36940,1,4.0
36941,1,5.0
36942,1,1.0
36947,1,4.0
36949,1,5.0
36954,2,3.5
36958,3,3.3333333333333335
36960,1,5.0
36961,1,5.0
36962,1,5.0
36969,2,3.5
36972,1,4.0
36973,3,3.3333333333333335
36975,4,3.5
36976,1,4.0
36978,3,5.0
36980,1,4.0
36984,2,1.5
36985,1,5.0
36987,1,4.0
36989,1,5.0
36990,1,5.0
36994,4,5.0
36997,1,3.0
36998,1,5.0
37002,3,5.0
37004,2,4.0
37006,2,4.5
37007,1,5.0
37009,1,4.0
37010,2,4.0
37016,1,5.0
37018,5,4.6
37020,4,4.5
37024,1,4.0
37026,1,4.0
37028,7,5.0
37031,1,3.0
37032,1,5.0
37035,1,3.0
37036,1,5.0
37040,1,5.0
37045,1,3.0
37052,2,4.0
37053,1,5.0
37054,1,2.0
37057,1,5.0
37059,2,5.0
37061,1,4.0
37062,1,1.0
37063,1,5.0
37068,1,4.0
37069,1,5.0
37074,1,1.0
37075,1,5.0
37077,1,3.0
37078,2,4.5
37079,1,2.0
37082,1,3.0
37086,1,4.0
37087,1,4.0
37089,1,5.0
37092,2,3.0
37099,1,3.0
37100,1,5.0
37103,1,5.0
37105,4,3.75
37108,1,2.0
37112,1,4.0
37115,1,3.0
37117,1,5.0
37118,1,4.0
37119,2,4.5
37121,2,5.0
37124,1,4.0
37126,1,4.0
37127,1,2.0
37132,1,4.0
37134,1,4.0
37135,1,4.0
37138,1,4.0
37139,3,3.0
37142,1,4.0
37144,1,5.0
37146,2,5.0
37148,1,5.0
37151,1,5.0
37152,2,4.5
37154,1,2.0
37155,1,4.0
37158,1,5.0
37159,2,3.0
37160,1,4.0
37161,1,5.0
37162,1,5.0
37167,1,5.0
37169,5,3.8
37171,1,3.0
37172,2,3.0
37173,1,4.0
37176,1,5.0
37179,1,4.0
37184,2,3.5
37185,1,5.0
37186,1,5.0
37187,2,4.5
37188,1,2.0
37189,1,5.0
37190,1,4.0
37195,2,4.5
37196,1,4.0
37197,1,4.0
37198,1,2.0
37202,2,4.5
37205,1,5.0
37206,1,5.0
37207,1,1.0
37211,3,3.3333333333333335
37213,2,4.0
37214,2,2.5
37217,1,5.0
37220,2,4.0
37223,2,4.0
37230,1,5.0
37236,1,5.0
37237,1,5.0
37238,1,5.0
37244,1,5.0
37247,1,4.0
37249,3,4.666666666666667
37250,1,4.0
37251,5,4.8
37253,1,4.0
37255,1,4.0
37257,1,5.0
37259,1,3.0
37263,1,5.0
37266,1,5.0
37267,2,4.0
37269,1,5.0
37270,1,2.0
37278,1,4.0
37282,1,4.0
37283,1,5.0
37285,1,5.0
37286,1,5.0
37289,1,5.0
37290,1,5.0
37291,2,5.0
37295,1,4.0
37299,6,4.166666666666667
37303,3,4.666666666666667
37305,1,4.0
37308,1,5.0
37309,1,4.0
37311,1,4.0
37312,4,4.75
37314,1,3.0
37315,2,4.0
37320,1,5.0
37323,1,4.0
37326,2,4.0
37327,1,5.0
37328,1,3.0
37331,2,4.0
37332,1,3.0
37334,1,5.0
37335,1,5.0
37336,1,4.0
37338,1,5.0
37339,1,5.0
37340,1,4.0
37344,2,2.0
37347,1,5.0
37348,1,5.0
37353,1,4.0
37357,1,1.0
37359,1,5.0
37363,1,5.0
37365,3,4.333333333333333
37366,1,5.0
37367,1,4.0
37371,4,3.75
37372,1,5.0
37374,1,4.0
37376,1,5.0
37379,1,5.0
37380,1,5.0
37381,2,4.0
37382,2,4.0
37383,3,3.6666666666666665
37384,1,4.0
37386,1,4.0
37390,1,3.0
37393,1,5.0
37394,1,4.0
37397,1,4.0
37403,1,4.0
37409,1,3.0
37410,1,5.0
37411,1,5.0
37417,2,3.5
37418,1,5.0
37423,1,4.0
37425,4,3.75
37429,1,4.0
37434,1,4.0
37435,1,4.0
37438,2,5.0
37439,2,5.0
37440,3,4.666666666666667
37442,2,4.5
37447,1,5.0
37451,4,3.75
37453,1,4.0
37454,1,5.0
37455,2,3.0
37460,1,3.0
37465,1,5.0
37467,4,4.75
37469,5,4.6
37472,1,3.0
37473,1,5.0
37474,1,2.0
37476,1,5.0
37477,1,3.0
37479,1,5.0
37483,3,4.0
37486,1,5.0
37488,1,2.0
37489,1,4.0
37490,1,5.0
37493,1,5.0
37495,1,4.0
37496,1,4.0
37497,1,5.0
37506,1,5.0
37508,2,4.0
37510,1,4.0
37512,1,5.0
37517,1,5.0
37520,2,5.0
37523,1,2.0
37525,1,3.0
37529,1,5.0
37532,2,4.0
37533,1,5.0
37535,1,2.0
37536,1,5.0
37539,1,4.0
37542,1,4.0
37545,2,3.0
37547,6,4.666666666666667
37549,1,5.0
37550,1,5.0
37551,1,4.0
37552,1,5.0
37553,1,4.0
37554,1,4.0
37555,1,5.0
37558,1,5.0
37564,1,3.0
37565,1,5.0
37566,1,5.0
37567,1,3.0
37568,3,4.333333333333333
37570,1,5.0
37571,4,4.0
37573,1,5.0
37574,1,5.0
37575,1,3.0
37578,1,4.0
37585,2,4.5
37587,1,4.0
37591,1,4.0
37592,1,5.0
37593,3,4.0
37594,1,5.0
37595,2,4.0
37596,1,4.0
37598,1,5.0
37600,4,3.75
37601,3,4.333333333333333
37604,2,3.5
37608,1,4.0
37611,1,5.0
37620,1,5.0
37621,2,4.5
37628,1,5.0
37630,1,5.0
37632,2,4.0
37633,1,3.0
37635,1,5.0
37638,1,4.0
37642,1,5.0
37644,1,5.0
37645,2,3.5
37646,2,4.0
37649,1,5.0
37652,2,4.0
37653,1,4.0
37658,1,4.0
37661,1,4.0
37667,1,4.0
37668,6,4.0
37671,1,5.0
37673,1,4.0
37674,1,5.0
37675,1,1.0
37676,1,5.0
37679,4,4.25
37685,1,2.0
37695,2,5.0
37697,3,1.0
37698,1,5.0
37703,2,4.0
37706,1,4.0
37707,1,5.0
37708,1,4.0
37709,1,3.0
37711,2,4.0
37713,2,3.0
37714,1,3.0
37717,1,5.0
37718,1,1.0
37719,1,4.0
37726,1,5.0
37727,1,4.0
37731,1,5.0
37732,1,5.0
37736,2,5.0
37737,1,2.0
37738,1,3.0
37740,1,5.0
37741,1,4.0
37743,2,1.0
37745,2,3.0
37753,2,3.5
37762,2,4.5
37763,1,5.0
37764,1,3.0
37765,1,3.0
37768,1,4.0
37769,1,4.0
37772,1,5.0
37773,1,5.0
37774,1,3.0
37775,1,3.0
37776,2,5.0
37779,3,5.0
37780,1,5.0
37782,2,4.5
37785,6,4.666666666666667
37786,1,5.0
37787,2,4.0
37789,1,4.0
37790,1,5.0
37793,1,4.0
37800,2,4.5
37802,3,4.666666666666667
37803,1,4.0
37804,1,4.0
37806,1,5.0
37808,1,4.0
37809,1,1.0
37814,1,5.0
37816,1,4.0
37819,2,3.0
37820,1,5.0
37823,1,5.0
37824,1,3.0
37826,1,5.0
37828,1,5.0
37836,2,4.5
37839,5,3.8
37840,1,4.0
37841,1,4.0
37842,1,5.0
37843,1,5.0
37844,1,4.0
37852,1,4.0
37853,1,4.0
37854,1,4.0
37856,1,4.0
37857,1,5.0
37858,1,4.0
37860,1,5.0
37863,1,5.0
37868,1,4.0
37871,1,5.0
37873,1,5.0
37877,1,4.0
37879,5,4.8
37880,3,3.3333333333333335
37881,1,3.0
37882,1,3.0
37883,1,5.0
37884,1,5.0
37885,2,4.5
37886,1,4.0
37888,3,4.666666666666667
37890,2,4.0
37891,1,5.0
37892,1,4.0
37893,1,5.0
37894,1,5.0
37895,2,4.5
37900,1,5.0
37902,1,4.0
37906,3,4.333333333333333
37908,1,5.0
37909,1,4.0
37911,1,4.0
37912,1,5.0
37914,1,4.0
37917,2,4.5
37919,2,5.0
37920,3,4.333333333333333
37922,1,5.0
37926,2,2.0
37931,1,2.0
37932,2,5.0
37933,2,5.0
37935,1,3.0
37936,1,5.0
37938,1,4.0
37939,1,5.0
37943,1,3.0
37948,1,5.0
37950,1,5.0
37953,2,3.0
37955,2,4.0
37960,1,4.0
37965,1,3.0
37966,1,4.0
37968,1,5.0
37969,3,4.0
37970,1,4.0
37973,1,4.0
37975,1,4.0
37980,1,3.0
37987,1,3.0
37989,1,5.0
37990,2,4.0
37992,2,3.0
37994,1,4.0
37995,1,5.0
38001,1,5.0
38002,1,3.0
38003,1,4.0
38006,1,4.0
38008,1,5.0
38009,1,3.0
38011,8,5.0
38012,1,5.0
38015,1,5.0
38016,2,4.5
38017,2,4.0
38018,1,4.0
38021,1,5.0
38029,1,4.0
38030,6,4.666666666666667
38036,1,4.0
38044,3,4.0
38046,2,4.0
38048,1,3.0
38049,1,5.0
38051,1,5.0
38055,1,4.0
38059,1,5.0
38061,3,4.0
38062,1,5.0
38065,2,4.5
38067,1,4.0
38068,1,4.0
38069,1,4.0
38071,1,5.0
38072,2,4.0
38073,1,5.0
38074,5,4.2
38084,1,2.0
38086,1,5.0
38087,1,5.0
38088,1,4.0
38092,1,5.0
38093,1,5.0
38095,1,4.0
38101,1,5.0
38102,1,4.0
38106,2,2.0
38108,1,5.0
38110,2,4.0
38112,4,3.0
38113,1,5.0
38116,1,4.0
38117,1,5.0
38120,1,5.0
38121,1,4.0
38122,1,2.0
38123,2,4.5
38124,1,5.0
38126,2,4.0
38129,3,4.0
38131,1,5.0
38132,1,4.0
38134,1,4.0
38136,1,5.0
38138,1,5.0
38141,1,4.0
38143,3,3.0
38146,1,5.0
38147,1,5.0
38154,3,5.0
38157,4,4.5
38159,1,3.0
38160,1,4.0
38161,1,5.0
38163,3,4.333333333333333
38164,2,3.0
38167,1,4.0
38170,1,5.0
38171,1,5.0
38174,5,3.2
38179,1,5.0
38182,2,5.0
38184,2,4.0
38185,1,3.0
38186,1,5.0
38188,1,4.0
38189,1,4.0
38190,1,5.0
38192,1,5.0
38193,1,3.0
38194,1,5.0
38196,1,5.0
38197,1,5.0
38199,2,3.0
38200,2,4.5
38201,1,4.0
38203,1,4.0
38205,1,5.0
38209,2,3.0
38210,1,4.0
38211,2,4.5
38212,5,4.6
38214,1,5.0
38217,2,5.0
38221,3,4.333333333333333
38224,2,4.5
38226,10,4.3
38227,1,5.0
38229,1,3.0
38236,1,5.0
38239,1,5.0
38240,1,5.0
38241,1,5.0
38244,1,4.0
38249,1,5.0
38250,2,4.5
38262,1,4.0
38265,1,3.0
38267,1,5.0
38268,1,3.0
38270,3,4.0
38272,1,3.0
38273,1,5.0
38274,1,5.0
38275,1,5.0
38276,2,5.0
38279,1,5.0
38280,1,4.0
38281,1,4.0
38283,1,5.0
38285,1,1.0
38287,1,3.0
38288,1,5.0
38297,1,4.0
38301,1,5.0
38306,1,5.0
38308,1,4.0
38310,1,5.0
38311,1,5.0
38314,1,3.0
38318,1,5.0
38320,1,1.0
38324,1,5.0
38327,2,3.5
38328,1,3.0
38330,1,5.0
38331,1,4.0
38333,1,5.0
38337,1,3.0
38340,1,5.0
38344,1,5.0
38346,1,5.0
38349,1,5.0
38350,1,3.0
38354,3,3.3333333333333335
38355,1,5.0
38362,1,5.0
38365,1,5.0
38368,1,4.0
38371,1,4.0
38372,1,1.0
38374,1,4.0
38379,1,4.0
38380,2,3.0
38382,1,4.0
38384,2,4.5
38385,3,4.0
38389,1,1.0
38394,2,4.5
38399,1,4.0
38401,2,1.0
38402,1,4.0
38403,1,4.0
38404,4,3.75
38406,1,2.0
38407,1,2.0
38409,1,4.0
38411,1,5.0
38412,1,4.0
38414,1,3.0
38415,1,5.0
38418,1,5.0
38422,2,5.0
38425,3,4.333333333333333
38426,1,5.0
38429,2,4.0
38431,2,4.5
38435,1,5.0
38436,2,3.0
38439,2,5.0
38441,3,5.0
38446,1,4.0
38450,1,4.0
38451,1,4.0
38460,1,2.0
38464,1,5.0
38466,2,3.0
38469,5,5.0
38470,1,5.0
38471,1,5.0
38472,1,1.0
38473,1,4.0
38477,1,4.0
38480,1,5.0
38482,1,5.0
38486,1,5.0
38487,1,4.0
38489,1,4.0
38492,1,5.0
38493,1,4.0
38496,1,4.0
38498,3,5.0
38499,2,4.5
38500,1,5.0
38501,2,4.0
38504,1,5.0
38505,1,5.0
38507,1,4.0
38508,1,4.0
38509,2,3.5
38510,1,5.0
38513,1,5.0
38514,1,3.0
38518,1,5.0
38524,1,5.0
38530,1,4.0
38532,1,5.0
38533,1,5.0
38535,1,5.0
38536,1,5.0
38537,1,5.0
38540,2,4.0
38541,1,5.0
38545,3,4.666666666666667
38546,2,4.5
38549,1,5.0
38552,5,4.2
38554,2,5.0
38555,2,3.0
38556,1,5.0
38558,1,5.0
38561,1,4.0
38565,1,5.0
38566,2,5.0
38567,1,5.0
38569,1,4.0
38571,4,3.5
38573,1,5.0
38578,3,3.0
38588,2,4.0
38591,1,3.0
38592,2,4.0
38593,1,1.0
38596,1,5.0
38600,2,5.0
38601,1,4.0
38603,1,5.0
38605,2,4.5
38606,1,4.0
38609,1,1.0
38611,1,3.0
38612,1,4.0
38613,1,5.0
38614,1,4.0
38618,2,4.5
38620,2,4.5
38623,1,5.0
38624,1,4.0
38626,1,5.0
38635,1,4.0
38637,1,5.0
38638,1,4.0
38640,2,4.0
38643,1,5.0
38648,3,4.333333333333333
38650,1,3.0
38651,3,3.6666666666666665
38655,1,5.0
38660,1,5.0
38663,1,5.0
38664,1,3.0
38666,4,4.75
38667,2,5.0
38669,1,5.0
38674,1,4.0
38675,1,4.0
38677,2,5.0
38678,1,3.0
38683,1,5.0
38687,3,4.666666666666667
38689,2,4.0
38693,2,4.5
38697,5,3.4
38699,1,4.0
38702,2,4.0
38705,1,5.0
38710,1,4.0
38714,1,5.0
38716,1,4.0
38726,4,3.75
38730,1,5.0
38732,2,5.0
38733,1,4.0
38735,1,4.0
38737,1,4.0
38738,1,4.0
38742,1,5.0
38744,3,4.666666666666667
38748,1,5.0
38749,1,4.0
38752,1,3.0
38753,1,5.0
38756,1,5.0
38759,1,4.0
38760,1,4.0
38762,1,5.0
38763,1,4.0
38765,4,4.5
38767,2,3.5
38771,1,4.0
38772,2,3.0
38773,1,3.0
38777,1,1.0
38781,1,4.0
38788,1,4.0
38789,1,5.0
38790,1,3.0
38794,1,4.0
38796,2,4.0
38797,4,4.75
38799,1,4.0
38800,1,5.0
38803,1,4.0
38806,2,5.0
38807,11,4.818181818181818
38809,1,5.0
38816,2,3.5
38818,1,4.0
38819,2,4.5
38821,1,4.0
38825,2,4.0
38826,1,4.0
38827,6,4.333333333333333
38828,1,5.0
38830,3,4.333333333333333
38832,1,1.0
38833,2,5.0
38834,1,3.0
38835,2,5.0
38836,2,4.0
38838,1,4.0
38839,2,2.5
38841,2,4.0
38844,1,4.0
38846,1,5.0
38852,1,5.0
38853,1,4.0
38855,2,4.0
38856,1,4.0
38857,1,4.0
38861,1,2.0
38863,2,4.0
38864,1,4.0
38870,2,4.0
38873,1,5.0
38877,1,4.0
38878,3,4.666666666666667
38880,1,3.0
38882,1,4.0
38883,2,4.5
38885,2,5.0
38886,9,4.555555555555555
38888,2,4.0
38889,1,4.0
38890,1,3.0
38894,1,5.0
38895,1,4.0
38899,1,5.0
38901,1,4.0
38904,1,3.0
38906,3,4.0
38909,2,4.0
38911,1,4.0
38914,1,3.0
38917,1,4.0
38918,1,4.0
38923,3,4.0
38925,1,3.0
38927,1,5.0
38929,1,5.0
38932,1,5.0
38934,1,1.0
38936,2,5.0
38938,2,3.5
38939,1,5.0
38942,1,4.0
38946,1,5.0
38948,2,5.0
38949,1,4.0
38950,1,5.0
38951,6,3.8333333333333335
38952,1,4.0
38953,4,4.25
38954,2,5.0
38957,2,3.5
38958,3,3.6666666666666665
38959,3,4.333333333333333
38965,1,4.0
38972,2,5.0
38974,1,3.0
38980,1,4.0
38982,6,4.166666666666667
38983,1,5.0
38989,1,4.0
38992,1,4.0
38993,3,4.0
38999,3,4.333333333333333
39000,1,4.0
39007,2,3.5
39008,1,3.0
39009,1,5.0
39010,2,4.0
39012,1,4.0
39013,1,5.0
39015,1,3.0
39016,1,4.0
39017,4,4.0
39018,1,4.0
39019,1,2.0
39020,1,4.0
39021,3,2.3333333333333335
39025,2,4.0
39026,3,4.333333333333333
39028,1,5.0
39030,1,3.0
39034,2,4.0
39037,1,5.0
39038,1,4.0
39039,2,4.5
39040,1,5.0
39041,1,3.0
39044,1,5.0
39045,1,5.0
39046,3,3.3333333333333335
39051,1,5.0
39052,1,4.0
39053,3,4.333333333333333
39058,2,5.0
39059,1,4.0
39061,3,5.0
39064,1,5.0
39067,1,5.0
39068,2,3.5
39070,1,5.0
39071,1,5.0
39074,1,5.0
39075,2,5.0
39079,3,4.333333333333333
39081,2,5.0
39082,1,4.0
39084,1,5.0
39088,1,5.0
39089,1,3.0
39091,1,4.0
39092,4,4.5
39093,1,4.0
39096,1,5.0
39097,1,1.0
39098,3,4.333333333333333
39101,1,3.0
39103,1,4.0
39104,1,4.0
39105,1,2.0
39107,2,4.5
39108,2,4.5
39110,1,4.0
39111,1,5.0
39112,3,4.0
39113,4,3.25
39119,7,4.142857142857143
39123,1,5.0
39129,1,4.0
39130,2,4.5
39133,1,4.0
39136,3,4.666666666666667
39137,1,5.0
39138,1,5.0
39139,1,4.0
39140,3,3.3333333333333335
39143,1,4.0
39144,1,5.0
39149,1,4.0
39158,2,3.5
39159,3,5.0
39161,1,5.0
39163,1,2.0
39164,3,4.0
39165,1,4.0
39166,1,4.0
39169,1,4.0
39171,1,5.0
39172,1,4.0
39173,1,5.0
39175,1,3.0
39178,1,5.0
39181,1,5.0
39184,1,4.0
39185,1,4.0
39188,1,4.0
39192,2,3.5
39195,1,4.0
39197,2,3.5
39198,2,5.0
39202,1,2.0
39207,1,2.0
39208,1,4.0
39212,1,5.0
39214,1,3.0
39215,1,4.0
39218,2,3.0
39220,1,4.0
39222,2,5.0
39226,1,5.0
39228,1,3.0
39233,3,4.333333333333333
39234,1,3.0
39237,1,4.0
39241,1,4.0
39242,1,5.0
39243,1,5.0
39244,4,3.0
39246,1,5.0
39247,1,5.0
39248,1,4.0
39249,3,4.666666666666667
39251,1,3.0
39253,2,3.5
39257,2,4.5
39258,1,3.0
39259,1,4.0
39260,1,3.0
39264,1,5.0
39269,1,5.0
39270,1,5.0
39279,1,3.0
39281,2,4.5
39282,2,1.0
39283,1,3.0
39290,1,4.0
39293,1,4.0
39295,1,5.0
39296,1,5.0
39300,1,5.0
39303,1,3.0
39306,2,3.5
39311,1,4.0
39315,1,5.0
39319,1,5.0
39320,1,2.0
39326,1,4.0
39329,2,4.0
39330,1,5.0
39332,1,5.0
39334,1,4.0
39335,2,3.0
39336,2,4.0
39339,4,5.0
39340,1,5.0
39347,1,5.0
39349,1,5.0
39351,2,3.0
39352,1,4.0
39353,1,1.0
39354,2,4.0
39361,2,5.0
39369,1,5.0
39370,1,3.0
39371,2,3.5
39372,1,5.0
39377,1,4.0
39380,1,5.0
39386,1,5.0
39388,1,1.0
39389,1,5.0
39390,1,5.0
39391,4,2.75
39393,1,5.0
39395,1,1.0
39396,9,4.111111111111111
39397,1,4.0
39398,1,5.0
39399,1,4.0
39401,1,5.0
39403,1,5.0
39404,1,4.0
39406,4,4.75
39407,1,4.0
39410,1,4.0
39412,2,5.0
39413,1,5.0
39421,1,2.0
39422,2,4.0
39423,1,5.0
39424,2,4.5
39425,1,4.0
39426,1,4.0
39427,1,5.0
39429,2,4.5
39434,2,4.5
39436,2,2.5
39439,4,4.5
39443,1,1.0
39445,1,5.0
39454,2,5.0
39455,2,5.0
39456,1,4.0
39457,1,5.0
39458,4,4.25
39459,3,4.666666666666667
39460,1,4.0
39461,1,5.0
39463,1,5.0
39464,2,5.0
39466,1,3.0
39474,1,5.0
39477,1,3.0
39479,1,3.0
39481,8,4.125
39483,2,4.0
39485,1,4.0
39488,1,5.0
39491,1,5.0
39493,1,4.0
39494,1,5.0
39497,1,1.0
39498,3,4.333333333333333
39504,2,3.5
39505,3,4.666666666666667
39508,1,4.0
39515,1,5.0
39516,1,4.0
39524,1,3.0
39526,1,5.0
39529,1,5.0
39530,1,2.0
39532,8,3.75
39536,1,5.0
39538,2,3.0
39542,1,4.0
39544,1,4.0
39545,1,4.0
39546,2,5.0
39551,1,4.0
39552,1,5.0
39553,1,4.0
39555,1,5.0
39556,2,5.0
39561,1,5.0
39563,1,5.0
39565,2,4.0
39568,2,5.0
39574,2,5.0
39576,1,4.0
39577,1,4.0
39584,2,4.0
39586,1,5.0
39588,2,4.0
39589,1,4.0
39593,2,4.0
39594,1,4.0
39601,1,5.0
39602,1,5.0
39603,1,5.0
39604,1,5.0
39607,1,4.0
39608,1,4.0
39611,1,5.0
39615,2,5.0
39616,5,4.2
39618,1,4.0
39619,1,3.0
39621,1,1.0
39623,2,4.0
39624,3,5.0
39631,1,4.0
39634,2,5.0
39637,3,5.0
39638,1,5.0
39639,3,4.0
39641,1,4.0
39646,1,4.0
39650,1,4.0
39665,1,5.0
39668,2,5.0
39670,2,5.0
39671,2,4.0
39672,5,4.6
39675,1,3.0
39679,1,5.0
39682,1,3.0
39686,1,3.0
39688,3,4.0
39689,1,4.0
39692,1,4.0
39694,1,2.0
39695,2,5.0
39697,1,4.0
39699,1,4.0
39701,1,4.0
39709,4,3.5
39711,2,5.0
39717,1,4.0
39719,1,5.0
39721,1,3.0
39723,1,5.0
39724,1,4.0
39725,1,4.0
39726,1,5.0
39727,1,4.0
39728,1,3.0
39733,1,4.0
39737,2,4.0
39738,1,5.0
39744,2,4.5
39746,2,5.0
39749,1,5.0
39750,2,3.5
39755,2,5.0
39758,1,5.0
39760,2,4.0
39765,1,5.0
39769,1,3.0
39772,3,4.0
39775,6,3.8333333333333335
39777,2,5.0
39779,1,4.0
39783,1,3.0
39785,1,4.0
39786,2,3.0
39789,1,5.0
39790,3,4.0
39800,1,5.0
39803,1,5.0
39812,1,5.0
39814,5,3.4
39817,1,4.0
39819,1,5.0
39821,2,1.0
39823,1,5.0
39827,1,4.0
39839,1,5.0
39846,2,5.0
39847,1,5.0
39849,2,4.5
39850,1,5.0
39854,1,5.0
39856,2,5.0
39858,1,4.0
39861,1,5.0
39863,1,4.0
39864,3,4.333333333333333
39865,2,4.5
39866,1,4.0
39868,1,2.0
39870,1,3.0
39871,1,5.0
39874,1,4.0
39875,2,4.0
39876,1,5.0
39877,3,4.666666666666667
39879,1,5.0
39880,1,4.0
39883,1,4.0
39885,1,5.0
39886,1,5.0
39891,2,4.0
39892,2,4.0
39893,2,5.0
39903,2,3.0
39910,1,1.0
39911,2,5.0
39912,1,4.0
39913,3,4.0
39916,2,5.0
39917,1,5.0
39922,1,5.0
39923,1,3.0
39924,2,5.0
39925,1,5.0
39927,1,5.0
39929,1,5.0
39933,1,5.0
39937,3,4.333333333333333
39941,2,5.0
39942,2,4.0
39946,1,3.0
39947,1,5.0
39953,2,4.0
39956,2,4.5
39959,1,3.0
39960,1,5.0
39962,1,1.0
39963,1,5.0
39964,1,4.0
39965,1,3.0
39966,2,5.0
39968,1,5.0
39978,1,3.0
39980,1,3.0
39982,2,4.5
39985,1,4.0
39988,3,4.666666666666667
39989,1,5.0
39990,1,4.0
39993,1,5.0
39996,1,4.0
39997,1,5.0
39999,1,5.0
40000,2,4.5
40004,1,5.0
40005,1,4.0
40006,1,5.0
40010,2,5.0
40013,1,4.0
40015,1,3.0
40017,1,4.0
40018,1,2.0
40020,4,4.0
40021,2,4.5
40023,1,5.0
40024,1,5.0
40029,1,4.0
40031,1,5.0
40032,2,4.0
40035,2,5.0
40037,1,4.0
40040,3,3.6666666666666665
40041,1,3.0
40043,2,4.0
40048,1,3.0
40050,1,5.0
40052,2,4.5
40061,1,5.0
40062,2,4.5
40063,2,4.5
40064,1,4.0
40066,1,5.0
40076,1,4.0
40078,2,3.5
40079,2,4.0
40085,2,4.5
40095,1,5.0
40096,3,3.3333333333333335
40097,2,3.0
40102,1,5.0
40108,1,5.0
40116,1,5.0
40119,1,5.0
40121,3,5.0
40125,1,3.0
40131,1,4.0
40133,4,3.75
40134,1,3.0
40136,3,3.6666666666666665
40139,1,5.0
40142,1,4.0
40148,1,2.0
40153,2,5.0
40158,2,4.0
40160,1,4.0
40165,1,3.0
40167,2,3.5
40168,1,5.0
40169,1,5.0
40171,1,5.0
40174,1,4.0
40175,3,4.666666666666667
40176,2,3.5
40177,2,5.0
40179,1,1.0
40180,3,3.3333333333333335
40181,2,4.0
40182,2,4.0
40184,1,5.0
40187,4,3.75
40189,1,2.0
40190,1,4.0
40191,1,4.0
40196,1,3.0
40197,2,4.5
40199,1,5.0
40201,1,4.0
40204,1,5.0
40207,1,3.0
40208,2,4.5
40212,1,4.0
40213,2,5.0
40215,1,5.0
40216,1,5.0
40217,1,5.0
40218,1,4.0
40223,1,5.0
40226,1,5.0
40233,1,4.0
40240,2,4.0
40242,5,4.4
40243,1,5.0
40245,1,3.0
40247,1,5.0
40249,1,5.0
40251,1,5.0
40252,1,4.0
40253,2,4.0
40255,1,5.0
40256,1,5.0
40257,1,5.0
40260,1,5.0
40264,2,4.0
40267,1,5.0
40268,2,5.0
40273,3,3.3333333333333335
40274,1,3.0
40275,2,4.5
40276,1,5.0
40281,1,5.0
40283,1,3.0
40284,3,5.0
40287,1,5.0
40288,1,5.0
40295,1,4.0
40296,2,4.5
40302,1,5.0
40305,3,4.0
40306,3,4.333333333333333
40317,1,5.0
40319,1,4.0
40320,2,5.0
40324,1,3.0
40325,2,5.0
40327,1,4.0
40329,2,4.5
40330,1,5.0
40334,1,5.0
40336,1,5.0
40337,1,5.0
40338,1,5.0
40343,1,5.0
40344,2,4.0
40345,1,3.0
40347,5,4.6
40348,1,5.0
40351,1,3.0
40353,1,5.0
40361,1,5.0
40362,1,4.0
40363,1,3.0
40366,2,5.0
40369,1,5.0
40370,2,4.5
40371,2,4.5
40377,1,4.0
40378,1,4.0
40383,1,5.0
40385,1,5.0
40386,1,5.0
40389,1,5.0
40391,1,5.0
40398,1,5.0
40403,1,5.0
40406,1,3.0
40407,2,4.0
40409,3,4.0
40411,1,4.0
40412,1,5.0
40416,1,5.0
40417,2,3.5
40420,1,5.0
40423,1,5.0
40426,1,5.0
40427,1,3.0
40434,1,5.0
40435,1,4.0
40436,1,5.0
40445,2,4.0
40447,2,3.5
40451,1,3.0
40454,1,4.0
40456,1,3.0
40459,1,5.0
40461,3,4.666666666666667
40462,1,5.0
40468,1,4.0
40469,1,4.0
40471,5,5.0
40473,1,3.0
40474,1,4.0
40477,5,4.4
40479,1,5.0
40480,1,4.0
40482,1,4.0
40484,2,5.0
40488,1,5.0
40491,1,3.0
40492,1,5.0
40497,4,4.75
40499,1,5.0
40500,1,3.0
40503,1,4.0
40505,1,3.0
40509,1,5.0
40511,1,3.0
40512,1,4.0
40516,3,3.0
40518,1,5.0
40520,1,2.0
40526,1,4.0
40530,1,4.0
40531,4,3.75
40532,1,2.0
40536,2,4.5
40537,1,5.0
40539,1,3.0
40540,1,3.0
40545,1,2.0
40546,1,5.0
40549,1,5.0
40550,1,5.0
40551,2,4.5
40555,1,3.0
40562,2,5.0
40563,1,5.0
40566,2,4.0
40567,4,4.75
40568,1,3.0
40571,1,5.0
40578,1,4.0
40579,1,5.0
40582,2,4.0
40586,1,5.0
40592,3,5.0
40593,6,3.8333333333333335
40594,2,4.0
40596,8,4.5
40597,1,5.0
40598,1,2.0
40601,1,5.0
40607,2,4.0
40610,2,4.5
40613,1,4.0
40615,1,4.0
40617,1,5.0
40619,2,4.0
40629,1,4.0
40635,1,4.0
40638,1,4.0
40640,2,4.0
40645,1,4.0
40646,1,4.0
40651,2,5.0
40654,2,3.0
40655,2,3.5
40661,1,5.0
40669,1,4.0
40670,1,5.0
40671,1,4.0
40680,3,5.0
40682,2,3.5
40683,2,4.5
40684,1,3.0
40686,1,5.0
40687,1,4.0
40688,1,5.0
40691,1,5.0
40692,1,5.0
40694,1,5.0
40695,3,4.0
40696,5,4.0
40697,1,5.0
40698,1,5.0
40699,2,5.0
40700,1,5.0
40702,1,5.0
40703,2,5.0
40704,1,4.0
40705,1,5.0
40706,1,5.0
40707,1,5.0
40708,1,5.0
40709,1,4.0
40710,1,5.0
40712,1,3.0
40714,1,4.0
40717,2,5.0
40718,1,3.0
40719,1,5.0
40720,2,4.5
40722,2,5.0
40724,2,5.0
40725,2,5.0
40726,1,5.0
40727,1,5.0
40732,1,2.0
40735,2,4.0
40738,1,5.0
40739,1,4.0
40740,1,5.0
40741,2,5.0
40748,2,4.5
40749,1,4.0
40751,2,1.0
40753,2,3.5
40755,6,4.0
40756,1,5.0
40758,1,4.0
40760,1,3.0
40761,3,3.6666666666666665
40764,1,4.0
40765,1,5.0
40766,4,4.5
40769,1,5.0
40780,1,5.0
40785,1,4.0
40786,2,5.0
40787,1,4.0
40788,1,4.0
40789,1,4.0
40790,1,4.0
40791,1,5.0
40795,1,3.0
40796,1,5.0
40797,3,4.333333333333333
40804,1,4.0
40805,1,3.0
40806,2,4.5
40810,1,5.0
40814,1,5.0
40816,1,4.0
40817,1,5.0
40818,1,3.0
40820,3,4.0
40821,1,4.0
40822,1,5.0
40824,2,4.5
40829,1,5.0
40830,1,4.0
40831,2,4.5
40833,4,3.75
40834,2,5.0
40835,2,5.0
40838,1,3.0
40839,1,4.0
40843,1,5.0
40849,2,5.0
40851,2,5.0
40855,2,5.0
40856,1,5.0
40857,1,4.0
40859,1,5.0
40862,1,5.0
40863,2,4.0
40865,1,4.0
40868,1,5.0
40869,1,5.0
40871,1,5.0
40872,1,4.0
40874,2,4.0
40876,1,2.0
40877,1,5.0
40880,2,4.5
40881,1,5.0
40882,1,5.0
40884,2,4.0
40885,1,3.0
40887,1,4.0
40889,1,5.0
40890,1,5.0
40892,1,5.0
40893,1,2.0
40894,3,5.0
40895,1,5.0
40896,1,4.0
40898,2,5.0
40900,2,4.5
40906,2,5.0
40909,1,5.0
40911,1,3.0
40912,6,4.666666666666667
40914,1,5.0
40918,2,5.0
40923,1,2.0
40924,5,4.6
40926,1,3.0
40928,3,5.0
40929,1,5.0
40936,1,5.0
40937,1,1.0
40939,2,3.5
40942,1,5.0
40945,2,5.0
40946,1,5.0
40949,1,5.0
40954,4,3.0
40963,1,5.0
40969,1,5.0
40975,9,4.222222222222222
40976,2,5.0
40986,1,5.0
40987,1,4.0
40988,1,5.0
40991,3,4.333333333333333
40992,3,4.333333333333333
40994,1,1.0
40997,1,4.0
41000,1,5.0
41001,2,4.5
41002,3,4.666666666666667
41003,3,3.6666666666666665
41012,3,4.666666666666667
41014,1,4.0
41017,2,5.0
41018,1,5.0
41024,1,5.0
41025,1,5.0
41026,1,3.0
41030,1,5.0
41032,2,2.0
41040,3,3.0
41046,2,4.0
41048,3,2.3333333333333335
41049,2,5.0
41050,3,3.6666666666666665
41054,1,4.0
41060,1,2.0
41063,2,5.0
41065,1,3.0
41067,1,4.0
41068,1,5.0
41071,1,5.0
41074,3,4.0
41075,4,3.5
41077,1,4.0
41079,2,4.5
41084,1,5.0
41086,1,5.0
41087,1,4.0
41089,1,5.0
41091,1,4.0
41095,1,4.0
41104,1,5.0
41105,3,4.333333333333333
41106,1,5.0
41107,1,3.0
41109,1,3.0
41110,2,3.5
41111,2,4.0
41118,2,4.5
41119,3,5.0
41121,1,4.0
41122,1,5.0
41124,1,4.0
41126,2,3.0
41128,1,5.0
41129,3,4.333333333333333
41131,1,5.0
41132,1,5.0
41134,4,4.0
41135,1,4.0
41136,1,5.0
41139,3,4.333333333333333
41142,1,5.0
41144,1,5.0
41151,2,5.0
41155,1,5.0
41157,3,5.0
41159,1,4.0
41165,3,4.666666666666667
41166,1,5.0
41170,1,4.0
41171,1,3.0
41172,1,5.0
41176,1,5.0
41177,2,4.0
41178,1,3.0
41180,1,5.0
41183,5,4.4
41190,4,4.25
41197,1,5.0
41198,1,5.0
41200,1,4.0
41203,1,5.0
41212,2,2.5
41213,2,4.5
41215,1,4.0
41218,3,5.0
41220,3,3.3333333333333335
41221,1,5.0
41222,3,5.0
41223,1,1.0
41224,1,5.0
41225,2,4.0
41226,1,4.0
41230,1,3.0
41236,1,5.0
41239,1,5.0
41242,2,4.5
41244,1,4.0
41245,1,3.0
41246,1,2.0
41247,2,4.0
41251,1,1.0
41252,1,5.0
41253,1,5.0
41254,2,4.5
41255,1,5.0
41256,1,5.0
41257,2,5.0
41258,4,2.75
41260,3,3.6666666666666665
41262,2,3.0
41264,1,4.0
41268,1,5.0
41269,3,3.6666666666666665
41273,1,5.0
41274,1,5.0
41277,1,3.0
41279,1,4.0
41287,2,4.5
41291,1,5.0
41292,1,5.0
41293,1,4.0
41297,1,4.0
41298,2,4.0
41306,1,5.0
41309,2,4.0
41310,3,4.333333333333333
41311,1,5.0
41316,3,4.333333333333333
41318,3,3.0
41319,1,5.0
41320,1,5.0
41323,3,5.0
41326,1,4.0
41328,1,5.0
41332,1,3.0
41333,2,4.5
41335,1,5.0
41336,4,3.5
41343,3,4.333333333333333
41345,1,4.0
41350,1,1.0
41352,2,5.0
41356,1,5.0
41358,1,5.0
41359,3,4.333333333333333
41360,1,5.0
41362,1,5.0
41363,1,4.0
41367,1,3.0
41369,3,2.6666666666666665
41370,1,4.0
41374,2,3.5
41376,2,4.0
41378,2,5.0
41379,1,5.0
41380,1,5.0
41382,2,4.5
41385,1,5.0
41389,2,4.0
41390,2,4.5
41392,1,4.0
41394,1,5.0
41396,1,4.0
41398,1,5.0
41400,1,4.0
41401,1,4.0
41403,4,4.5
41406,1,5.0
41409,1,3.0
41410,1,4.0
41413,1,4.0
41414,1,5.0
41422,1,4.0
41427,2,5.0
41432,1,5.0
41442,5,4.0
41443,2,4.0
41445,2,4.5
41446,1,4.0
41448,1,3.0
41450,1,5.0
41456,1,4.0
41457,1,4.0
41458,2,4.5
41464,2,4.0
41465,1,3.0
41466,1,3.0
41467,1,4.0
41470,6,4.0
41473,1,5.0
41474,1,4.0
41475,2,4.0
41476,1,3.0
41479,1,3.0
41480,2,3.5
41487,2,3.5
41494,2,3.5
41497,3,5.0
41498,2,4.5
41502,1,4.0
41508,1,5.0
41509,1,4.0
41510,1,5.0
41511,1,4.0
41516,1,5.0
41518,1,4.0
41524,3,4.333333333333333
41525,1,4.0
41528,1,5.0
41529,1,2.0
41530,1,5.0
41531,1,4.0
41532,1,3.0
41537,1,5.0
41539,1,5.0
41543,1,4.0
41549,2,5.0
41551,1,5.0
41554,1,5.0
41557,2,4.0
41558,1,5.0
41559,1,4.0
41562,3,4.666666666666667
41564,1,3.0
41565,3,4.0
41569,1,5.0
41570,1,4.0
41571,1,4.0
41572,1,5.0
41573,2,5.0
41574,1,5.0
41575,2,3.5
41576,1,3.0
41579,1,5.0
41580,2,5.0
41587,1,5.0
41588,1,3.0
41589,4,3.75
41590,1,5.0
41592,1,4.0
41593,2,5.0
41594,1,3.0
41598,1,3.0
41599,1,5.0
41600,1,1.0
41602,3,3.3333333333333335
41603,1,5.0
41605,2,5.0
41607,1,4.0
41612,1,5.0
41614,1,5.0
41617,1,4.0
41620,2,4.5
41624,1,5.0
41625,2,3.5
41627,3,4.666666666666667
41629,1,5.0
41631,2,5.0
41637,2,4.0
41638,1,5.0
41640,1,3.0
41641,1,5.0
41643,1,1.0
41644,1,2.0
41645,1,3.0
41646,1,4.0
41650,1,5.0
41652,1,1.0
41653,1,5.0
41654,1,4.0
41657,5,4.6
41659,2,3.5
41661,2,1.0
41663,2,4.0
41665,2,4.5
41667,3,4.666666666666667
41670,1,5.0
41671,1,4.0
41675,2,3.5
41678,1,2.0
41679,1,5.0
41682,1,5.0
41684,1,4.0
41686,2,5.0
41687,3,4.666666666666667
41693,1,5.0
41695,1,3.0
41697,4,3.75
41700,1,5.0
41701,1,5.0
41703,2,4.0
41707,2,4.5
41711,1,2.0
41712,1,2.0
41714,1,5.0
41717,1,4.0
41719,2,4.0
41720,2,3.5
41723,1,5.0
41725,1,3.0
41727,1,3.0
41729,2,2.5
41734,2,5.0
41736,2,5.0
41737,2,5.0
41738,5,4.8
41739,1,5.0
41742,1,1.0
41743,1,5.0
41749,1,5.0
41754,1,3.0
41757,1,4.0
41758,1,3.0
41759,1,4.0
41763,3,2.3333333333333335
41775,1,5.0
41776,1,5.0
41777,2,4.5
41783,2,4.5
41785,1,1.0
41789,1,4.0
41791,1,4.0
41794,1,4.0
41796,2,5.0
41797,2,5.0
41798,1,4.0
41803,1,4.0
41804,2,5.0
41807,2,3.0
41808,1,5.0
41810,1,4.0
41813,1,5.0
41816,2,5.0
41818,1,5.0
41819,2,5.0
41820,1,4.0
41832,1,5.0
41834,1,4.0
41837,1,5.0
41838,1,3.0
41839,3,4.333333333333333
41842,1,4.0
41844,1,4.0
41846,1,5.0
41847,1,4.0
41848,1,4.0
41853,2,5.0
41856,2,3.0
41857,2,3.0
41862,1,2.0
41869,1,5.0
41873,1,5.0
41880,1,3.0
41882,1,5.0
41884,1,4.0
41886,1,4.0
41888,1,4.0
41890,2,4.0
41895,8,4.0
41896,1,1.0
41902,1,3.0
41905,1,4.0
41907,1,5.0
41908,3,4.333333333333333
41909,1,5.0
41912,1,5.0
41915,1,2.0
41919,1,5.0
41920,3,4.333333333333333
41922,1,5.0
41923,1,2.0
41924,1,5.0
41926,1,2.0
41927,2,5.0
41929,3,4.666666666666667
41932,1,4.0
41933,1,5.0
41939,1,5.0
41940,1,5.0
41943,1,3.0
41946,1,2.0
41948,1,5.0
41949,1,5.0
41953,2,4.0
41958,1,5.0
41964,1,4.0
41966,2,4.5
41969,1,3.0
41972,1,5.0
41973,1,4.0
41978,1,4.0
41979,1,5.0
41980,1,5.0
41983,4,4.25
41984,2,4.5
41990,3,3.3333333333333335
41994,2,4.5
41997,1,3.0
41998,1,5.0
42006,2,4.5
42011,2,4.0
42016,1,5.0
42019,1,1.0
42026,2,1.0
42027,1,5.0
42032,1,1.0
42037,1,4.0
42038,1,4.0
42040,1,4.0
42043,1,5.0
42044,2,4.0
42047,1,5.0
42048,1,5.0
42050,6,4.5
42052,1,2.0
42054,1,1.0
42057,3,5.0
42059,1,5.0
42060,1,5.0
42063,1,5.0
42064,1,4.0
42065,5,3.0
42066,1,5.0
42068,2,3.5
42072,1,5.0
42074,2,4.5
42076,5,4.0
42078,1,5.0
42079,2,2.5
42080,3,4.0
42083,2,4.5
42087,2,3.0
42089,1,5.0
42092,2,5.0
42094,1,5.0
42106,1,4.0
42109,1,3.0
42111,1,4.0
42112,1,4.0
42113,1,5.0
42115,2,3.5
42116,1,5.0
42122,2,4.0
42124,1,4.0
42126,1,4.0
42128,1,5.0
42130,1,4.0
42131,3,3.6666666666666665
42134,1,5.0
42139,2,3.0
42140,1,5.0
42141,3,4.0
42144,2,4.0
42146,1,5.0
42147,1,5.0
42152,1,5.0
42153,1,5.0
42154,3,4.666666666666667
42156,1,5.0
42159,6,4.0
42161,3,2.0
42167,1,5.0
42169,1,5.0
42173,1,5.0
42176,1,5.0
42177,1,5.0
42178,1,5.0
42181,2,4.5
42184,1,4.0
42189,1,5.0
42191,2,4.5
42192,1,4.0
42197,1,5.0
42200,1,3.0
42201,1,5.0
42205,1,4.0
42206,2,3.0
42210,1,4.0
42214,1,4.0
42217,1,5.0
42218,1,4.0
42221,1,5.0
42222,3,4.333333333333333
42223,22,3.772727272727273
42226,1,4.0
42227,1,5.0
42228,1,4.0
42232,1,3.0
42234,3,3.6666666666666665
42236,2,4.5
42237,1,2.0
42238,1,2.0
42244,1,4.0
42246,2,4.5
42247,1,5.0
42248,1,4.0
42249,1,5.0
42251,1,5.0
42254,1,1.0
42255,1,5.0
42256,1,5.0
42259,2,4.5
42262,1,5.0
42265,1,5.0
42266,1,5.0
42271,2,3.0
42272,1,4.0
42273,2,3.0
42275,1,2.0
42276,2,3.0
42277,1,4.0
42278,1,5.0
42279,1,5.0
42281,1,5.0
42282,2,4.0
42283,1,5.0
42284,1,4.0
42285,1,4.0
42290,2,4.0
42293,2,4.0
42297,1,5.0
42301,1,4.0
42305,1,5.0
42307,4,3.25
42309,1,5.0
42310,1,4.0
42311,1,5.0
42313,1,5.0
42315,3,3.0
42317,2,5.0
42318,1,5.0
42319,1,5.0
42320,1,4.0
42328,1,5.0
42329,2,4.0
42331,8,4.125
42333,1,4.0
42334,1,1.0
42336,1,5.0
42339,1,5.0
42342,1,4.0
42343,1,5.0
42344,1,5.0
42347,1,4.0
42348,1,5.0
42349,2,5.0
42350,1,5.0
42351,3,5.0
42355,2,3.0
42356,1,5.0
42363,1,4.0
42367,1,4.0
42369,1,4.0
42377,1,5.0
42378,1,3.0
42379,2,5.0
42383,1,3.0
42385,1,5.0
42386,3,4.666666666666667
42387,1,3.0
42388,1,4.0
42390,3,4.666666666666667
42399,1,5.0
42401,1,3.0
42403,2,4.5
42405,1,3.0
42409,1,5.0
42411,1,3.0
42414,1,3.0
42416,1,4.0
42417,2,5.0
42419,1,5.0
42424,1,4.0
42427,1,4.0
42428,1,4.0
42430,4,5.0
42433,1,5.0
42436,2,5.0
42442,1,5.0
42443,1,5.0
42445,1,5.0
42449,3,4.333333333333333
42451,1,5.0
42458,1,5.0
42462,2,3.0
42464,1,5.0
42465,1,2.0
42466,2,3.0
42467,1,5.0
42473,1,4.0
42476,2,4.5
42477,1,4.0
42478,1,5.0
42479,3,3.0
42481,1,5.0
42486,1,4.0
42487,1,5.0
42492,1,5.0
42493,2,3.5
42494,1,4.0
42498,2,4.0
42500,1,4.0
42502,1,5.0
42505,2,3.5
42509,1,5.0
42510,4,5.0
42512,1,4.0
42514,5,5.0
42518,1,4.0
42520,1,5.0
42521,1,4.0
42522,1,2.0
42526,1,5.0
42528,1,5.0
42529,1,5.0
42531,1,4.0
42533,1,4.0
42535,1,4.0
42537,1,3.0
42538,1,2.0
42540,5,3.8
42541,2,4.5
42542,1,5.0
42544,4,4.25
42546,1,5.0
42548,1,5.0
42550,1,4.0
42552,2,5.0
42554,1,3.0
42557,1,5.0
42558,1,4.0
42559,1,5.0
42560,1,5.0
42563,1,5.0
42564,1,2.0
42567,2,4.0
42572,2,5.0
42573,4,4.25
42576,1,5.0
42577,1,3.0
42578,1,4.0
42584,1,5.0
42585,1,5.0
42586,1,1.0
42588,1,3.0
42590,1,5.0
42591,1,5.0
42598,1,5.0
42600,2,4.5
42604,1,5.0
42610,1,3.0
42612,4,4.25
42615,1,5.0
42618,1,3.0
42619,1,5.0
42626,1,5.0
42628,1,5.0
42629,2,3.5
42631,2,2.5
42633,2,4.0
42635,1,3.0
42636,1,4.0
42637,1,1.0
42641,1,5.0
42643,1,4.0
42646,1,4.0
42648,1,3.0
42651,1,4.0
42654,1,5.0
42656,2,5.0
42662,2,3.0
42663,1,5.0
42664,1,5.0
42667,1,5.0
42669,1,5.0
42672,1,4.0
42673,5,5.0
42676,1,5.0
42680,2,5.0
42682,1,4.0
42692,1,4.0
42697,1,5.0
42698,4,4.75
42699,3,3.0
42704,1,1.0
42705,2,4.5
42707,1,4.0
42709,1,5.0
42711,3,4.333333333333333
42712,1,5.0
42713,1,4.0
42714,1,5.0
42717,1,4.0
42723,1,4.0
42733,1,4.0
42735,2,2.0
42736,1,3.0
42740,1,4.0
42746,2,3.5
42747,3,5.0
42752,1,4.0
42755,2,5.0
42756,1,5.0
42757,1,5.0
42761,1,4.0
42765,2,4.5
42767,1,5.0
42768,1,3.0
42772,1,3.0
42773,3,4.333333333333333
42774,1,4.0
42776,2,5.0
42777,1,4.0
42778,1,3.0
42788,1,4.0
42790,1,5.0
42793,1,4.0
42795,2,4.5
42799,1,5.0
42801,5,4.0
42802,1,5.0
42803,1,5.0
42806,1,4.0
42808,1,5.0
42810,1,5.0
42812,1,5.0
42813,1,5.0
42815,1,4.0
42817,3,4.666666666666667
42825,1,3.0
42828,1,4.0
42830,4,1.75
42831,1,4.0
42832,1,4.0
42833,2,4.5
42834,2,3.5
42836,1,4.0
42838,1,5.0
42839,3,3.6666666666666665
42842,1,4.0
42846,2,4.0
42847,6,4.5
42850,1,5.0
42852,5,3.4
42854,2,5.0
42858,1,4.0
42860,1,4.0
42862,1,4.0
42864,1,4.0
42865,1,4.0
42866,1,3.0
42868,1,4.0
42874,2,3.5
42877,1,5.0
42880,1,4.0
42882,1,1.0
42883,2,4.0
42890,3,3.3333333333333335
42891,1,1.0
42892,2,4.0
42895,1,5.0
42897,1,5.0
42907,1,4.0
42908,2,4.5
42909,1,4.0
42913,2,5.0
42914,2,4.0
42917,2,4.5
42918,1,5.0
42921,1,4.0
42929,1,4.0
42934,1,4.0
42941,1,1.0
42942,1,5.0
42944,1,5.0
42945,2,4.0
42947,2,4.0
42950,2,4.5
42952,1,4.0
42955,1,5.0
42956,1,4.0
42958,1,5.0
42961,1,2.0
42965,1,4.0
42968,1,5.0
42970,1,4.0
42974,1,2.0
42977,1,5.0
42979,1,4.0
42985,1,5.0
42986,8,4.625
42992,1,5.0
42994,1,4.0
42996,1,4.0
43004,1,4.0
43005,2,5.0
43007,2,5.0
43010,2,5.0
43011,2,5.0
43013,3,5.0
43016,1,5.0
43024,1,5.0
43028,1,5.0
43032,2,4.0
43033,1,5.0
43039,1,4.0
43044,1,5.0
43050,2,4.0
43051,1,5.0
43055,1,5.0
43057,3,3.6666666666666665
43058,1,5.0
43061,1,5.0
43062,3,4.666666666666667
43063,2,2.0
43065,1,5.0
43067,1,5.0
43070,1,5.0
43072,2,3.5
43076,1,5.0
43079,1,5.0
43082,2,4.0
43084,1,5.0
43085,2,5.0
43089,2,5.0
43090,1,5.0
43093,1,4.0
43094,3,5.0
43095,2,2.0
43100,1,2.0
43103,2,4.0
43104,2,5.0
43107,1,5.0
43109,1,5.0
43111,3,3.0
43121,2,4.5
43123,3,4.0
43127,2,4.5
43130,1,5.0
43131,1,5.0
43132,1,5.0
43133,4,4.25
43136,1,5.0
43138,1,5.0
43139,2,4.0
43140,1,5.0
43142,1,4.0
43145,1,5.0
43147,2,5.0
43152,1,4.0
43153,1,2.0
43155,2,5.0
43156,2,4.0
43161,1,3.0
43164,1,5.0
43167,3,4.666666666666667
43168,2,3.5
43171,1,1.0
43172,1,5.0
43173,1,5.0
43176,2,4.5
43177,1,5.0
43179,1,5.0
43180,2,4.5
43182,1,5.0
43183,1,5.0
43187,2,4.5
43195,1,4.0
43197,1,4.0
43199,1,5.0
43200,2,4.0
43203,1,4.0
43206,1,5.0
43209,1,4.0
43210,1,4.0
43212,1,5.0
43213,1,1.0
43214,1,4.0
43220,1,4.0
43223,1,2.0
43224,1,3.0
43225,1,4.0
43228,1,3.0
43230,2,5.0
43231,1,4.0
43233,3,3.6666666666666665
43237,1,5.0
43242,3,5.0
43244,1,2.0
43245,1,5.0
43247,1,5.0
43249,3,4.666666666666667
43251,3,4.333333333333333
43253,2,3.5
43254,1,4.0
43256,1,5.0
43262,1,3.0
43264,2,5.0
43269,1,3.0
43270,3,3.0
43273,2,1.5
43274,3,3.6666666666666665
43277,1,5.0
43278,1,5.0
43280,1,3.0
43282,2,5.0
43286,1,3.0
43288,2,4.0
43290,1,3.0
43295,1,4.0
43297,1,5.0
43298,2,4.5
43300,2,3.0
43303,1,4.0
43304,3,3.3333333333333335
43305,2,4.5
43306,2,4.5
43307,1,5.0
43308,1,4.0
43309,1,4.0
43311,1,4.0
43320,1,4.0
43321,1,4.0
43323,1,5.0
43328,1,5.0
43331,1,4.0
43333,1,3.0
43334,1,4.0
43335,2,4.5
43336,1,5.0
43337,1,4.0
43338,2,5.0
43341,1,3.0
43342,1,4.0
43343,3,5.0
43345,1,4.0
43346,1,4.0
43347,1,5.0
43349,2,4.0
43350,1,4.0
43351,2,3.5
43352,1,4.0
43355,2,5.0
43356,1,4.0
43358,3,5.0
43360,1,4.0
43362,1,5.0
43363,1,5.0
43364,2,4.5
43368,2,4.5
43370,1,4.0
43377,1,1.0
43378,4,5.0
43379,1,5.0
43382,1,5.0
43383,1,5.0
43386,1,3.0
43390,1,5.0
43391,3,4.0
43395,1,5.0
43397,1,4.0
43399,2,4.0
43403,2,4.0
43407,4,4.5
43409,1,5.0
43410,1,5.0
43412,1,5.0
43414,1,4.0
43416,1,5.0
43418,1,4.0
43424,1,5.0
43425,1,5.0
43428,1,5.0
43430,1,5.0
43431,1,4.0
43433,4,5.0
43434,1,4.0
43435,1,4.0
43439,1,4.0
43441,3,1.0
43442,1,5.0
43444,5,3.6
43447,1,5.0
43448,1,4.0
43452,1,5.0
43453,1,5.0
43454,1,5.0
43456,4,4.0
43458,1,4.0
43461,1,5.0
43465,1,4.0
43467,1,4.0
43469,1,4.0
43470,1,4.0
43471,2,5.0
43478,3,4.666666666666667
43487,1,5.0
43488,2,5.0
43490,1,5.0
43494,1,5.0
43495,1,4.0
43499,1,3.0
43501,3,3.6666666666666665
43504,1,5.0
43505,1,5.0
43509,1,4.0
43510,2,3.5
43513,1,5.0
43515,2,4.5
43516,1,5.0
43518,1,4.0
43529,3,4.333333333333333
43536,1,4.0
43539,3,4.0
43540,2,3.5
43543,2,3.5
43544,1,5.0
43545,1,4.0
43549,2,3.0
43554,1,5.0
43559,1,4.0
43563,3,5.0
43564,1,5.0
43569,2,5.0
43571,2,4.0
43572,2,5.0
43580,2,5.0
43582,2,4.0
43585,1,5.0
43586,2,4.0
43590,1,4.0
43592,1,5.0
43593,1,4.0
43594,1,5.0
43596,1,3.0
43599,2,1.0
43601,1,1.0
43602,1,4.0
43603,1,4.0
43608,1,3.0
43611,3,3.0
43618,1,5.0
43619,2,5.0
43623,1,5.0
43624,1,3.0
43625,1,5.0
43629,2,4.0
43630,1,4.0
43632,2,5.0
43636,2,3.5
43641,1,5.0
43642,1,5.0
43643,1,5.0
43652,2,5.0
43653,1,5.0
43654,1,5.0
43655,7,3.857142857142857
43658,1,3.0
43660,2,4.0
43662,1,5.0
43663,1,5.0
43665,2,4.5
43667,1,4.0
43668,3,4.333333333333333
43670,5,4.8
43672,1,3.0
43673,1,4.0
43674,1,5.0
43675,2,4.5
43676,1,5.0
43677,2,4.5
43680,1,5.0
43682,1,4.0
43683,1,5.0
43684,1,5.0
43686,1,5.0
43688,1,5.0
43690,4,4.5
43694,2,3.0
43695,2,3.5
43698,2,4.0
43699,2,4.5
43700,2,3.5
43701,1,5.0
43706,1,5.0
43707,1,4.0
43709,2,5.0
43713,2,5.0
43714,2,5.0
43715,1,5.0
43716,1,5.0
43717,1,5.0
43720,1,5.0
43722,4,4.0
43724,2,4.0
43730,1,5.0
43731,2,4.0
43732,1,4.0
43733,5,3.8
43734,1,4.0
43742,5,4.4
43744,1,3.0
43746,1,4.0
43748,1,5.0
43749,1,4.0
43750,3,5.0
43752,1,4.0
43753,1,5.0
43755,1,3.0
43758,2,2.5
43763,2,4.5
43765,2,3.5
43769,1,3.0
43770,2,2.5
43771,1,5.0
43773,3,5.0
43774,7,3.5714285714285716
43776,1,5.0
43778,1,5.0
43782,1,4.0
43783,1,4.0
43785,1,3.0
43787,1,5.0
43789,2,3.0
43791,1,3.0
43794,1,3.0
43808,2,4.0
43809,1,5.0
43812,2,4.5
43814,1,5.0
43817,2,5.0
43818,2,4.5
43819,5,4.4
43821,1,5.0
43823,3,4.333333333333333
43824,1,5.0
43829,2,4.0
43830,1,4.0
43833,1,4.0
43834,1,4.0
43836,2,5.0
43846,1,3.0
43848,1,5.0
43851,3,4.666666666666667
43852,3,3.6666666666666665
43855,1,5.0
43856,1,1.0
43861,2,5.0
43864,1,4.0
43865,2,4.0
43867,1,5.0
43870,1,4.0
43872,1,2.0
43877,4,3.0
43878,2,4.0
43881,2,4.0
43882,5,4.8
43883,1,4.0
43885,2,5.0
43887,1,3.0
43888,1,5.0
43891,1,5.0
43896,2,4.0
43903,1,4.0
43908,1,4.0
43918,1,4.0
43919,1,5.0
43920,1,4.0
43925,1,3.0
43927,1,3.0
43928,1,4.0
43933,1,4.0
43936,1,3.0
43937,2,4.5
43938,1,4.0
43940,3,4.333333333333333
43941,1,5.0
43942,1,3.0
43945,2,4.5
43946,1,3.0
43947,2,5.0
43949,1,5.0
43951,1,3.0
43952,1,3.0
43953,1,4.0
43954,5,3.2
43955,2,4.0
43958,1,4.0
43959,1,4.0
43961,1,5.0
43963,1,5.0
43966,2,4.0
43975,3,4.333333333333333
43980,1,4.0
43986,1,3.0
43987,1,5.0
43989,1,5.0
43991,9,4.555555555555555
43992,4,5.0
43993,2,4.0
43995,1,5.0
43996,1,4.0
43999,2,3.0
44001,2,5.0
44007,3,2.6666666666666665
44008,2,4.5
44013,1,5.0
44014,14,4.285714285714286
44015,21,4.095238095238095
44016,1,3.0
44017,1,5.0
44019,8,3.625
44021,1,4.0
44028,2,5.0
44031,4,5.0
44033,2,4.5
44034,1,4.0
44035,1,4.0
44042,1,4.0
44043,1,2.0
44045,2,3.5
44052,2,4.0
44055,3,4.0
44058,11,4.181818181818182
44060,1,1.0
44062,2,3.5
44063,1,3.0
44064,2,5.0
44065,1,3.0
44071,1,5.0
44075,1,5.0
44076,1,4.0
44078,1,4.0
44079,1,5.0
44084,1,4.0
44085,7,3.4285714285714284
44086,1,2.0
44087,1,5.0
44088,1,3.0
44092,1,4.0
44094,1,5.0
44095,12,4.083333333333333
44098,1,5.0
44099,2,2.0
44106,1,3.0
44108,4,4.25
44109,1,5.0
44114,1,4.0
44116,2,4.5
44121,1,4.0
44122,1,5.0
44123,1,5.0
44125,1,3.0
44126,1,5.0
44127,2,4.0
44131,1,3.0
44132,1,1.0
44134,1,5.0
44135,1,3.0
44138,3,3.6666666666666665
44141,1,5.0
44146,1,5.0
44147,4,4.5
44153,1,3.0
44154,2,5.0
44164,2,3.5
44165,1,1.0
44167,3,4.333333333333333
44168,2,5.0
44169,1,4.0
44170,3,3.3333333333333335
44172,1,4.0
44174,1,4.0
44176,1,4.0
44177,1,5.0
44182,1,5.0
44184,1,5.0
44189,1,5.0
44190,1,4.0
44193,3,4.666666666666667
44194,7,2.857142857142857
44195,2,5.0
44199,1,4.0
44203,1,5.0
44204,3,4.666666666666667
44213,1,5.0
44215,4,3.5
44216,1,3.0
44222,5,4.8
44223,1,5.0
44224,2,4.5
44226,2,5.0
44229,1,4.0
44230,1,4.0
44231,1,5.0
44234,1,5.0
44235,1,1.0
44237,1,3.0
44238,1,2.0
44243,1,5.0
44244,1,5.0
44247,2,4.0
44248,3,4.0
44249,2,4.5
44252,1,2.0
44255,1,5.0
44260,4,4.5
44263,2,5.0
44265,3,4.0
44270,3,4.666666666666667
44273,1,5.0
44275,3,4.666666666666667
44276,1,3.0
44279,1,5.0
44282,3,4.666666666666667
44289,1,5.0
44292,2,3.5
44294,3,4.333333333333333
44300,1,5.0
44303,1,3.0
44305,1,5.0
44311,1,5.0
44312,1,5.0
44314,2,5.0
44318,1,3.0
44321,4,4.25
44322,1,2.0
44323,1,5.0
44324,4,3.75
44327,1,5.0
44331,1,4.0
44334,1,4.0
44339,2,3.5
44343,1,3.0
44344,1,5.0
44348,1,3.0
44350,1,3.0
44352,1,3.0
44354,1,5.0
44357,2,3.5
44358,4,3.75
44363,1,5.0
44366,1,4.0
44372,3,4.0
44374,1,3.0
44375,5,3.4
44378,4,4.25
44381,1,3.0
44383,2,3.0
44384,1,4.0
44385,1,5.0
44388,6,4.333333333333333
44392,1,5.0
44396,1,5.0
44398,1,5.0
44403,3,3.6666666666666665
44409,1,4.0
44410,1,4.0
44414,1,5.0
44418,1,5.0
44419,5,4.0
44421,1,5.0
44424,1,4.0
44426,1,5.0
44428,2,4.0
44429,2,4.0
44431,2,5.0
44434,2,3.5
44437,1,2.0
44445,1,5.0
44449,1,5.0
44450,1,3.0
44453,1,4.0
44456,1,5.0
44458,1,4.0
44460,1,2.0
44467,1,4.0
44468,2,5.0
44470,1,5.0
44472,1,5.0
44473,1,4.0
44475,1,5.0
44484,1,1.0
44485,1,4.0
44500,1,5.0
44501,1,4.0
44503,3,3.0
44507,1,5.0
44508,5,4.6
44509,1,4.0
44510,2,4.0
44513,1,4.0
44514,1,3.0
44529,1,4.0
44530,1,4.0
44534,1,4.0
44535,4,3.75
44536,1,2.0
44537,3,3.6666666666666665
44539,2,4.0
44541,2,4.5
44544,4,4.75
44545,2,4.5
44546,2,3.5
44548,1,2.0
44552,1,3.0
44557,5,3.6
44558,1,4.0
44561,1,4.0
44562,2,4.0
44565,1,5.0
44569,2,3.5
44571,2,4.0
44572,1,3.0
44573,1,5.0
44574,22,4.2272727272727275
44575,1,5.0
44576,1,2.0
44578,1,5.0
44583,1,5.0
44584,1,3.0
44585,2,3.5
44586,1,5.0
44587,1,5.0
44588,1,5.0
44590,1,1.0
44592,1,5.0
44603,3,4.333333333333333
44609,1,5.0
44610,1,4.0
44611,2,3.5
44615,1,3.0
44616,4,5.0
44632,1,4.0
44634,1,2.0
44636,1,5.0
44637,1,5.0
44640,2,4.0
44643,1,3.0
44645,1,5.0
44650,1,5.0
44651,1,5.0
44656,3,4.333333333333333
44657,1,3.0
44661,2,5.0
44665,2,4.0
44670,1,5.0
44673,1,4.0
44674,2,4.5
44675,1,4.0
44680,2,3.0
44683,1,4.0
44684,4,4.5
44690,1,5.0
44691,2,4.0
44694,1,5.0
44696,1,5.0
44698,1,3.0
44699,1,5.0
44701,1,5.0
44702,2,4.5
44703,1,3.0
44704,1,4.0
44705,3,4.333333333333333
44707,1,4.0
44709,2,5.0
44712,1,5.0
44716,1,5.0
44718,1,5.0
44719,2,4.5
44720,1,5.0
44721,1,5.0
44722,1,4.0
44726,1,4.0
44729,2,4.0
44731,1,4.0
44734,1,5.0
44737,1,4.0
44745,1,3.0
44746,1,5.0
44747,1,3.0
44748,1,5.0
44752,1,4.0
44755,3,3.6666666666666665
44756,1,4.0
44759,1,1.0
44762,1,5.0
44764,1,5.0
44767,3,2.3333333333333335
44769,1,4.0
44770,1,5.0
44771,1,5.0
44773,1,5.0
44775,2,4.0
44777,1,5.0
44778,1,5.0
44779,1,4.0
44783,3,3.6666666666666665
44784,1,1.0
44785,1,3.0
44787,3,3.6666666666666665
44790,1,5.0
44791,2,4.5
44797,2,2.0
44800,1,4.0
44802,1,5.0
44803,6,4.5
44804,1,5.0
44807,2,5.0
44809,2,3.5
44810,1,4.0
44811,7,3.0
44813,1,3.0
44814,2,4.0
44815,1,5.0
44817,1,5.0
44819,1,5.0
44821,1,5.0
44824,1,1.0
44828,1,4.0
44833,1,5.0
44834,1,5.0
44835,1,3.0
44836,1,4.0
44845,1,4.0
44848,3,4.666666666666667
44849,3,3.6666666666666665
44850,1,5.0
44851,1,4.0
44853,1,5.0
44854,2,4.0
44868,1,5.0
44871,1,3.0
44873,1,4.0
44874,1,5.0
44875,2,4.0
44876,1,4.0
44879,1,3.0
44882,1,5.0
44885,1,5.0
44887,1,3.0
44891,1,4.0
44892,1,5.0
44895,1,5.0
44900,1,4.0
44903,2,4.0
44909,1,4.0
44910,4,3.75
44912,1,5.0
44915,1,5.0
44917,1,5.0
44919,1,3.0
44920,1,4.0
44923,1,4.0
44925,1,4.0
44929,1,4.0
44930,1,5.0
44932,1,4.0
44935,1,4.0
44937,1,4.0
44938,1,4.0
44939,1,5.0
44941,1,3.0
44942,3,4.333333333333333
44943,1,5.0
44948,3,3.0
44949,1,5.0
44951,1,5.0
44952,1,5.0
44956,1,5.0
44957,1,5.0
44958,2,4.5
44959,2,2.5
44962,1,5.0
44963,1,5.0
44966,2,5.0
44972,1,5.0
44973,2,5.0
44975,1,5.0
44976,1,3.0
44978,1,5.0
44979,2,4.0
44980,1,2.0
44984,1,4.0
44987,1,5.0
44988,1,4.0
44989,1,4.0
44991,1,3.0
44992,3,5.0
44993,6,3.8333333333333335
44995,1,5.0
44997,1,5.0
45002,1,5.0
45005,2,5.0
45006,1,3.0
45015,2,4.0
45019,1,4.0
45020,1,5.0
45021,1,4.0
45024,2,4.0
45026,3,4.0
45030,1,5.0
45031,3,3.6666666666666665
45032,2,4.5
45034,1,3.0
45044,2,3.5
45046,1,5.0
45048,1,4.0
45056,1,5.0
45058,1,5.0
45059,1,4.0
45065,1,5.0
45068,1,5.0
45069,1,3.0
45071,2,5.0
45079,1,3.0
45084,2,1.0
45085,1,5.0
45086,4,3.0
45088,1,3.0
45089,1,5.0
45091,4,4.25
45092,2,3.0
45095,1,4.0
45096,1,4.0
45099,1,5.0
45102,1,5.0
45103,1,5.0
45113,1,4.0
45114,2,3.0
45115,1,5.0
45116,1,4.0
45120,3,4.0
45121,1,5.0
45125,1,5.0
45126,1,4.0
45127,2,4.5
45128,1,4.0
45129,1,5.0
45130,1,4.0
45133,1,5.0
45135,2,3.0
45136,2,3.5
45138,1,4.0
45149,2,4.5
45157,3,5.0
45160,3,5.0
45164,1,5.0
45166,2,3.0
45171,1,5.0
45172,1,3.0
45173,1,5.0
45178,1,5.0
45182,3,3.6666666666666665
45185,1,5.0
45191,2,4.5
45192,2,3.5
45193,1,5.0
45194,1,4.0
45195,1,2.0
45197,2,5.0
45200,1,5.0
45201,5,4.2
45202,1,4.0
45203,1,1.0
45207,1,5.0
45208,1,5.0
45209,1,5.0
45210,3,4.0
45211,1,3.0
45213,4,3.5
45216,1,4.0
45217,2,5.0
45218,1,5.0
45219,5,4.6
45221,1,3.0
45223,1,3.0
45226,2,4.0
45229,2,5.0
45230,1,4.0
45232,2,5.0
45234,4,4.0
45235,2,5.0
45236,1,5.0
45237,9,3.888888888888889
45240,1,3.0
45246,1,5.0
45249,2,5.0
45250,1,5.0
45252,1,5.0
45253,1,5.0
45262,1,5.0
45263,1,5.0
45267,1,5.0
45274,1,3.0
45276,1,4.0
45293,2,5.0
45296,1,5.0
45298,1,5.0
45300,2,4.0
45304,1,5.0
45310,2,4.0
45313,1,3.0
45315,1,3.0
45319,1,3.0
45321,2,5.0
45322,2,3.5
45323,1,4.0
45324,2,5.0
45325,1,5.0
45329,1,4.0
45331,3,4.666666666666667
45333,1,3.0
45339,2,3.5
45346,1,5.0
45348,1,4.0
45355,2,2.5
45356,2,4.0
45358,1,5.0
45359,2,4.0
45363,1,5.0
45364,1,3.0
45368,1,5.0
45370,1,4.0
45371,1,3.0
45372,1,3.0
45373,1,3.0
45374,1,3.0
45378,4,4.25
45380,1,3.0
45381,1,5.0
45382,1,5.0
45383,5,4.8
45384,1,5.0
45389,1,3.0
45391,11,4.090909090909091
45397,1,5.0
45399,1,5.0
45400,1,5.0
45401,2,5.0
45404,1,2.0
45405,1,3.0
45407,2,5.0
45408,1,4.0
45410,1,5.0
45415,4,4.25
45420,1,4.0
45422,2,3.0
45423,2,3.5
45424,1,5.0
45425,1,5.0
45428,1,5.0
45429,1,5.0
45432,2,4.5
45436,1,5.0
45437,1,5.0
45442,2,5.0
45445,1,4.0
45446,2,3.5
45447,1,3.0
45450,1,4.0
45452,2,5.0
45457,1,5.0
45458,2,5.0
45461,1,4.0
45462,2,5.0
45463,1,5.0
45465,2,3.5
45480,1,5.0
45483,1,3.0
45484,1,5.0
45490,1,5.0
45492,3,4.333333333333333
45494,4,4.25
45495,1,4.0
45496,1,1.0
45498,1,5.0
45501,1,5.0
45502,1,4.0
45510,1,4.0
45511,1,3.0
45512,2,5.0
45517,2,4.0
45521,5,3.6
45522,1,4.0
45525,1,5.0
45526,1,5.0
45528,1,4.0
45531,1,3.0
45532,2,5.0
45533,1,3.0
45534,1,4.0
45539,6,3.0
45540,1,5.0
45542,1,3.0
45545,2,5.0
45548,1,4.0
45549,2,3.5
45553,2,5.0
45556,1,4.0
45557,1,3.0
45561,2,4.0
45564,2,4.5
45567,1,5.0
45570,3,3.0
45571,2,5.0
45573,2,2.5
45574,1,3.0
45575,3,5.0
45580,2,3.0
45582,1,4.0
45583,1,5.0
45586,1,1.0
45587,1,5.0
45592,1,5.0
45593,1,4.0
45594,1,4.0
45597,4,4.0
45599,1,5.0
45601,1,5.0
45602,1,4.0
45603,1,4.0
45607,1,4.0
45610,5,3.8
45611,2,3.5
45612,3,3.3333333333333335
45614,4,4.5
45616,1,5.0
45620,2,5.0
45625,12,4.416666666666667
45626,4,4.0
45629,1,5.0
45630,13,3.6923076923076925
45633,3,3.0
45634,1,4.0
45636,1,3.0
45637,1,2.0
45639,1,4.0
45640,2,4.5
45643,6,3.8333333333333335
45644,2,4.5
45645,1,4.0
45648,1,5.0
45649,1,5.0
45650,1,4.0
45652,1,4.0
45653,1,5.0
45659,1,5.0
45660,1,4.0
45667,3,4.0
45668,1,4.0
45669,1,4.0
45671,1,5.0
45672,2,4.0
45683,1,2.0
45691,1,5.0
45693,3,3.6666666666666665
45707,5,4.2
45708,1,5.0
45709,1,4.0
45710,1,5.0
45711,1,3.0
45714,1,5.0
45718,2,5.0
45725,1,3.0
45728,1,3.0
45732,3,4.666666666666667
45734,1,1.0
45735,3,3.6666666666666665
45739,1,4.0
45740,1,5.0
45750,3,4.333333333333333
45751,1,4.0
45753,1,5.0
45757,1,4.0
45758,2,4.5
45760,2,4.5
45767,1,3.0
45768,1,3.0
45769,4,4.0
45770,4,4.5
45774,1,4.0
45778,1,5.0
45781,1,2.0
45783,1,5.0
45785,1,4.0
45786,1,5.0
45789,1,4.0
45790,1,4.0
45791,1,5.0
45792,1,3.0
45794,5,3.6
45798,2,4.0
45800,2,4.5
45804,1,5.0
45809,1,2.0
45817,2,4.5
45818,1,5.0
45820,1,5.0
45823,1,5.0
45828,2,4.0
45830,1,5.0
45832,1,3.0
45833,1,1.0
45834,1,3.0
45841,1,5.0
45843,1,5.0
45845,1,5.0
45853,1,4.0
45854,1,3.0
45855,1,4.0
45856,1,4.0
45857,1,2.0
45858,3,4.0
45859,1,4.0
45860,1,5.0
45861,1,5.0
45866,2,5.0
45868,1,5.0
45869,2,4.0
45871,1,5.0
45872,1,3.0
45873,1,4.0
45877,2,4.0
45878,1,3.0
45883,1,3.0
45886,1,4.0
45891,1,5.0
45894,1,5.0
45896,2,5.0
45899,1,5.0
45900,3,3.3333333333333335
45901,1,2.0
45902,1,5.0
45906,1,4.0
45907,1,4.0
45909,1,5.0
45912,1,3.0
45913,1,4.0
45914,1,5.0
45915,1,4.0
45921,2,4.0
45922,1,4.0
45924,1,5.0
45926,1,4.0
45929,1,1.0
45930,2,3.0
45932,1,5.0
45934,1,5.0
45937,1,4.0
45942,2,3.5
45944,2,3.5
45947,1,5.0
45948,1,3.0
45950,1,3.0
45954,5,4.0
45957,1,2.0
45958,2,5.0
45966,1,5.0
45968,1,5.0
45972,1,5.0
45973,1,5.0
45974,3,4.333333333333333
45975,2,4.0
45976,1,5.0
45977,1,5.0
45978,1,5.0
45979,2,5.0
45980,3,4.666666666666667
45981,1,5.0
45982,1,5.0
45984,1,5.0
45986,1,3.0
45990,1,1.0
45992,2,5.0
45993,1,3.0
45994,1,4.0
45995,1,3.0
46000,1,4.0
46002,1,3.0
46007,2,4.5
46008,1,5.0
46013,1,5.0
46014,1,5.0
46016,1,5.0
46020,1,5.0
46021,1,5.0
46024,1,1.0
46027,1,5.0
46028,3,5.0
46030,1,5.0
46031,2,3.5
46037,3,2.3333333333333335
46040,1,5.0
46043,3,4.333333333333333
46044,1,4.0
46048,1,5.0
46050,3,4.666666666666667
46053,3,5.0
46054,1,4.0
46057,1,4.0
46059,1,5.0
46060,1,3.0
46062,4,4.75
46063,1,5.0
46065,1,4.0
46070,5,4.4
46072,1,4.0
46073,1,4.0
46074,3,4.666666666666667
46075,1,4.0
46079,2,5.0
46080,1,1.0
46082,1,4.0
46084,1,5.0
46085,2,3.5
46093,2,5.0
46104,1,5.0
46106,1,4.0
46109,1,5.0
46116,1,4.0
46118,1,4.0
46119,1,4.0
46120,3,5.0
46123,1,1.0
46124,1,4.0
46125,1,5.0
46127,1,4.0
46132,2,4.5
46133,2,4.0
46140,3,5.0
46142,2,3.5
46145,1,5.0
46148,1,5.0
46153,1,5.0
46156,2,2.0
46158,2,5.0
46159,1,5.0
46161,1,5.0
46163,1,5.0
46164,2,4.0
46170,1,5.0
46171,1,4.0
46174,1,3.0
46176,2,5.0
46177,1,5.0
46178,1,5.0
46181,1,3.0
46182,1,4.0
46192,1,5.0
46194,1,4.0
46195,1,2.0
46196,1,5.0
46198,1,5.0
46200,2,4.0
46202,1,3.0
46204,1,4.0
46205,1,4.0
46208,1,4.0
46212,1,5.0
46214,2,3.5
46215,1,4.0
46220,2,5.0
46227,2,5.0
46228,1,5.0
46229,1,5.0
46230,2,5.0
46238,1,5.0
46239,1,5.0
46243,1,1.0
46246,1,3.0
46247,1,3.0
46248,1,4.0
46249,1,5.0
46250,5,4.4
46257,1,4.0
46262,1,5.0
46263,5,2.8
46268,1,4.0
46271,1,5.0
46281,1,4.0
46282,2,4.0
46283,3,5.0
46285,1,5.0
46286,2,4.0
46288,2,4.5
46291,1,5.0
46293,1,4.0
46295,1,5.0
46311,1,3.0
46313,1,4.0
46315,1,5.0
46316,2,5.0
46317,2,3.0
46318,2,4.0
46319,1,4.0
46323,2,4.5
46325,1,5.0
46328,2,4.0
46331,1,5.0
46332,1,5.0
46334,1,5.0
46339,2,4.5
46340,1,5.0
46341,2,4.0
46342,2,5.0
46345,3,4.666666666666667
46346,1,4.0
46348,2,4.0
46349,1,5.0
46352,1,5.0
46354,1,5.0
46357,1,4.0
46358,2,4.5
46361,2,4.5
46363,1,5.0
46374,1,5.0
46376,1,4.0
46379,1,5.0
46381,1,3.0
46382,1,5.0
46383,1,3.0
46384,2,5.0
46386,1,4.0
46390,2,5.0
46394,2,4.5
46395,3,4.0
46396,3,3.3333333333333335
46399,1,3.0
46400,1,5.0
46401,1,5.0
46402,2,4.5
46410,1,5.0
46414,1,3.0
46416,1,2.0
46417,1,3.0
46421,1,5.0
46422,1,3.0
46423,1,5.0
46425,1,5.0
46430,2,4.0
46431,2,4.5
46433,2,4.5
46435,1,5.0
46438,1,5.0
46439,1,5.0
46446,1,4.0
46447,1,5.0
46448,2,4.5
46453,1,1.0
46455,2,5.0
46460,1,4.0
46464,1,2.0
46466,1,5.0
46471,7,5.0
46472,1,4.0
46473,1,5.0
46475,1,4.0
46476,1,5.0
46486,4,4.25
46487,1,5.0
46492,1,5.0
46497,5,3.8
46505,2,3.0
46506,1,2.0
46509,1,3.0
46510,6,4.333333333333333
46512,1,5.0
46513,2,5.0
46516,2,5.0
46517,1,1.0
46519,1,5.0
46520,1,5.0
46521,1,4.0
46526,1,5.0
46528,1,5.0
46532,1,5.0
46533,1,4.0
46534,1,5.0
46536,1,5.0
46537,2,5.0
46538,1,3.0
46539,1,5.0
46540,2,5.0
46541,3,4.333333333333333
46544,1,4.0
46545,1,5.0
46547,1,5.0
46549,1,4.0
46553,2,4.5
46554,1,4.0
46555,1,3.0
46556,1,5.0
46559,1,3.0
46560,1,5.0
46561,1,5.0
46562,1,5.0
46566,1,4.0
46567,1,3.0
46568,2,5.0
46569,1,5.0
46571,1,5.0
46573,1,4.0
46574,1,4.0
46577,1,5.0
46580,1,5.0
46581,1,4.0
46582,1,4.0
46583,6,4.5
46595,1,5.0
46598,1,4.0
46601,2,3.5
46602,2,4.5
46603,1,5.0
46606,1,4.0
46610,1,5.0
46613,1,4.0
46619,1,4.0
46621,1,5.0
46623,1,5.0
46624,1,4.0
46625,1,5.0
46626,2,3.0
46628,2,5.0
46633,3,4.0
46636,2,4.5
46638,3,2.3333333333333335
46639,4,4.75
46640,1,4.0
46642,2,4.5
46643,1,5.0
46651,1,3.0
46655,1,4.0
46658,1,5.0
46659,2,4.5
46662,3,3.6666666666666665
46666,1,3.0
46671,2,5.0
46674,1,1.0
46676,2,4.0
46679,1,5.0
46681,1,4.0
46683,3,4.333333333333333
46684,2,3.0
46687,1,4.0
46689,1,4.0
46691,1,5.0
46692,1,4.0
46695,2,4.5
46697,1,5.0
46699,1,3.0
46701,2,4.0
46702,1,4.0
46703,1,4.0
46704,1,4.0
46711,1,5.0
46712,1,4.0
46713,1,5.0
46715,1,1.0
46717,1,4.0
46718,2,3.0
46720,1,4.0
46721,3,3.6666666666666665
46726,1,5.0
46728,4,4.0
46730,1,5.0
46732,1,3.0
46736,1,5.0
46737,1,5.0
46738,1,5.0
46745,1,1.0
46751,1,5.0
46752,2,5.0
46758,1,5.0
46763,1,5.0
46764,1,5.0
46765,1,4.0
46767,2,4.0
46768,2,3.0
46770,1,3.0
46772,1,1.0
46773,1,5.0
46776,1,4.0
46777,1,2.0
46780,1,5.0
46782,1,3.0
46783,1,4.0
46786,1,4.0
46787,1,4.0
46789,1,3.0
46790,1,4.0
46791,2,5.0
46792,2,3.0
46793,1,3.0
46794,1,4.0
46796,1,4.0
46797,2,4.5
46801,1,5.0
46802,1,4.0
46804,1,4.0
46805,2,3.5
46807,1,3.0
46809,1,5.0
46810,1,4.0
46812,1,4.0
46814,1,5.0
46818,1,2.0
46821,1,5.0
46823,2,4.0
46826,1,5.0
46828,1,3.0
46836,2,3.0
46837,1,1.0
46839,1,3.0
46841,1,4.0
46842,1,3.0
46844,1,3.0
46845,1,5.0
46846,1,5.0
46848,1,5.0
46849,1,5.0
46851,2,3.5
46853,2,4.5
46855,1,4.0
46859,4,3.0
46861,1,5.0
46863,2,4.5
46869,2,3.0
46870,3,2.6666666666666665
46872,3,4.666666666666667
46874,1,4.0
46875,1,4.0
46876,1,5.0
46879,1,5.0
46880,2,4.0
46881,1,3.0
46882,1,5.0
46888,1,5.0
46902,1,5.0
46903,1,2.0
46910,1,4.0
46913,20,4.5
46914,1,4.0
46916,1,3.0
46917,1,5.0
46918,1,4.0
46920,2,3.0
46921,1,5.0
46922,1,5.0
46927,1,4.0
46929,1,5.0
46930,1,5.0
46938,1,3.0
46939,1,3.0
46944,1,5.0
46950,1,5.0
46952,1,4.0
46954,1,3.0
46957,1,4.0
46959,1,3.0
46960,2,5.0
46961,1,4.0
46962,2,5.0
46963,1,3.0
46967,2,5.0
46968,1,4.0
46969,6,4.166666666666667
46970,1,1.0
46971,2,5.0
46975,1,4.0
46979,1,4.0
46984,3,3.6666666666666665
46987,1,4.0
46995,4,3.25
46996,1,4.0
46998,1,4.0
47000,2,5.0
47003,1,3.0
47004,3,4.333333333333333
47009,2,4.0
47014,1,5.0
47015,3,5.0
47016,2,4.5
47018,1,5.0
47025,3,4.333333333333333
47026,1,4.0
47027,1,4.0
47029,1,4.0
47030,1,5.0
47031,1,5.0
47032,1,5.0
47033,1,5.0
47034,1,5.0
47035,1,5.0
47036,1,5.0
47038,1,5.0
47039,1,5.0
47042,1,5.0
47043,1,4.0
47044,5,4.2
47047,2,5.0
47051,1,5.0
47052,1,5.0
47053,2,5.0
47054,1,5.0
47055,3,5.0
47057,2,2.5
47058,1,5.0
47061,1,3.0
47063,1,5.0
47067,9,3.888888888888889
47068,1,5.0
47071,1,4.0
47073,1,4.0
47076,1,4.0
47086,2,4.0
47087,1,5.0
47088,2,4.0
47092,8,4.25
47100,3,3.6666666666666665
47102,1,5.0
47103,1,5.0
47104,1,5.0
47106,2,5.0
47108,1,1.0
47116,1,4.0
47125,1,4.0
47126,1,5.0
47128,1,4.0
47129,1,4.0
47139,1,4.0
47140,2,4.0
47142,1,4.0
47145,1,4.0
47150,3,3.6666666666666665
47151,1,5.0
47155,1,3.0
47158,1,4.0
47161,1,5.0
47163,2,3.5
47164,3,5.0
47165,1,3.0
47166,1,5.0
47168,1,5.0
47174,1,1.0
47175,5,4.4
47177,1,5.0
47180,1,4.0
47182,1,5.0
47183,1,5.0
47185,1,5.0
47187,1,1.0
47191,1,5.0
47192,1,4.0
47194,1,5.0
47195,1,5.0
47196,1,5.0
47197,1,5.0
47198,1,5.0
47199,1,5.0
47201,1,3.0
47203,2,4.5
47204,2,5.0
47208,1,5.0
47209,1,5.0
47212,1,3.0
47215,1,2.0
47216,4,4.25
47217,2,3.5
47218,1,5.0
47219,1,5.0
47221,1,3.0
47223,4,4.75
47225,1,5.0
47227,2,2.5
47229,2,3.5
47232,2,4.5
47234,2,4.0
47235,2,3.5
47236,1,4.0
47237,1,5.0
47243,1,5.0
47244,3,4.333333333333333
47245,1,4.0
47248,2,4.0
47250,1,5.0
47251,1,5.0
47255,1,2.0
47257,1,5.0
47260,1,5.0
47270,1,1.0
47272,1,4.0
47275,1,3.0
47280,1,5.0
47282,1,5.0
47285,1,3.0
47286,1,4.0
47287,1,5.0
47288,3,4.666666666666667
47289,1,2.0
47291,2,4.5
47292,2,5.0
47293,2,4.0
47294,1,5.0
47295,2,4.0
47298,3,4.333333333333333
47300,1,4.0
47305,1,5.0
47306,1,5.0
47307,1,1.0
47317,1,4.0
47323,3,3.0
47325,1,5.0
47328,1,4.0
47331,1,5.0
47333,1,2.0
47337,1,4.0
47339,14,3.5
47346,1,4.0
47347,1,5.0
47353,1,3.0
47358,1,5.0
47360,1,5.0
47368,6,4.333333333333333
47370,5,5.0
47371,3,4.0
47372,1,3.0
47373,3,3.6666666666666665
47376,2,4.5
47380,1,4.0
47381,1,5.0
47383,1,3.0
47384,1,5.0
47387,2,5.0
47390,1,5.0
47392,1,4.0
47393,1,4.0
47394,1,5.0
47398,1,5.0
47401,2,4.0
47404,3,3.6666666666666665
47407,3,3.3333333333333335
47414,2,4.0
47415,1,2.0
47417,1,5.0
47420,7,4.714285714285714
47421,1,5.0
47423,5,3.4
47426,4,4.75
47427,5,4.2
47428,1,5.0
47429,3,4.333333333333333
47431,2,4.5
47432,3,4.0
47436,1,4.0
47440,1,5.0
47442,1,5.0
47443,1,4.0
47445,1,5.0
47449,1,4.0
47450,1,4.0
47452,1,5.0
47454,1,4.0
47455,1,5.0
47456,1,3.0
47458,1,5.0
47459,1,5.0
47460,2,3.5
47461,1,5.0
47463,1,5.0
47464,3,4.0
47467,1,5.0
47470,1,3.0
47472,1,5.0
47474,1,5.0
47478,1,4.0
47485,1,3.0
47487,3,4.333333333333333
47489,12,3.25
47492,1,3.0
47494,1,5.0
47499,1,4.0
47501,1,3.0
47504,1,5.0
47505,1,5.0
47506,1,5.0
47518,1,5.0
47519,1,5.0
47521,2,5.0
47522,1,2.0
47523,1,5.0
47524,1,4.0
47525,3,4.0
47527,1,4.0
47530,1,5.0
47531,1,3.0
47535,1,4.0
47538,9,4.0
47542,1,3.0
47544,1,4.0
47547,3,5.0
47551,3,4.333333333333333
47556,1,5.0
47558,1,4.0
47560,1,5.0
47563,1,1.0
47568,1,5.0
47574,1,4.0
47575,1,3.0
47577,2,4.0
47578,1,5.0
47580,2,3.0
47582,2,5.0
47590,1,4.0
47591,1,5.0
47592,1,4.0
47596,1,5.0
47598,2,4.5
47600,1,4.0
47601,1,5.0
47602,1,5.0
47606,1,4.0
47607,1,5.0
47609,1,5.0
47610,1,4.0
47615,2,5.0
47618,1,5.0
47619,1,5.0
47622,2,4.5
47624,1,3.0
47626,1,2.0
47627,1,4.0
47629,1,2.0
47630,2,4.5
47631,2,3.5
47632,2,4.0
47634,1,1.0
47638,2,2.0
47641,1,4.0
47642,1,3.0
47647,2,3.0
47649,1,5.0
47651,1,5.0
47652,1,4.0
47653,1,5.0
47656,1,1.0
47662,4,4.0
47663,1,5.0
47664,1,5.0
47667,1,4.0
47668,1,5.0
47669,1,4.0
47674,1,5.0
47675,1,5.0
47677,1,5.0
47680,1,4.0
47682,1,5.0
47683,1,4.0
47684,1,5.0
47685,1,5.0
47687,1,5.0
47691,1,5.0
47692,1,2.0
47696,2,5.0
47697,1,5.0
47701,1,5.0
47702,1,4.0
47707,1,5.0
47708,1,3.0
47710,4,4.0
47711,2,4.5
47712,1,3.0
47715,1,5.0
47716,1,4.0
47718,1,5.0
47720,1,5.0
47723,1,5.0
47724,1,4.0
47728,1,4.0
47733,1,5.0
47738,2,4.0
47739,2,5.0
47740,2,4.0
47741,2,4.5
47742,2,4.5
47744,1,5.0
47745,1,5.0
47747,2,3.0
47749,1,4.0
47752,1,5.0
47753,1,4.0
47754,1,5.0
47759,1,3.0
47761,2,3.5
47766,1,3.0
47769,2,4.5
47770,4,3.75
47775,1,5.0
47777,1,4.0
47778,1,4.0
47779,2,4.0
47780,2,3.5
47781,1,4.0
47783,1,4.0
47784,2,5.0
47787,2,5.0
47789,2,3.0
47793,1,4.0
47795,2,5.0
47796,1,4.0
47802,2,4.5
47803,1,4.0
47805,2,5.0
47806,1,5.0
47807,1,4.0
47808,4,4.25
47809,1,4.0
47814,1,5.0
47816,3,3.6666666666666665
47818,1,5.0
47828,1,5.0
47829,4,4.75
47830,3,4.333333333333333
47841,1,3.0
47843,1,3.0
47849,1,5.0
47858,2,4.5
47862,1,5.0
47863,1,3.0
47865,2,4.0
47867,1,4.0
47870,1,5.0
47871,2,4.5
47875,1,4.0
47877,2,4.5
47878,1,5.0
47881,1,5.0
47887,1,5.0
47890,1,4.0
47891,4,4.25
47894,1,5.0
47896,1,4.0
47897,1,2.0
47898,1,4.0
47899,1,5.0
47901,5,3.2
47903,1,4.0
47904,1,5.0
47906,2,2.0
47911,1,5.0
47913,2,5.0
47914,1,5.0
47915,1,5.0
47916,1,4.0
47918,1,4.0
47924,2,4.5
47926,2,5.0
47931,1,5.0
47936,2,3.0
47938,1,5.0
47945,1,3.0
47947,1,3.0
47948,2,4.5
47949,1,3.0
47950,1,4.0
47952,1,5.0
47953,1,2.0
47958,1,5.0
47959,2,4.5
47962,1,5.0
47964,1,5.0
47965,1,5.0
47969,2,5.0
47971,2,5.0
47972,1,4.0
47979,2,3.0
47980,1,5.0
47981,2,4.5
47984,1,5.0
47985,1,1.0
47986,1,5.0
47987,1,4.0
47990,1,5.0
47991,1,3.0
47993,2,3.0
47997,1,4.0
48000,3,3.6666666666666665
48004,1,4.0
48005,5,4.0
48011,1,4.0
48015,1,4.0
48022,1,5.0
48024,1,5.0
48026,2,3.0
48029,1,5.0
48034,3,4.333333333333333
48038,7,4.571428571428571
48039,1,4.0
48049,4,4.75
48055,1,5.0
48056,2,5.0
48060,1,3.0
48061,2,4.0
48065,1,5.0
48066,2,4.0
48073,2,3.5
48077,1,5.0
48080,1,4.0
48082,1,4.0
48087,1,3.0
48091,1,3.0
48093,1,5.0
48094,1,5.0
48097,1,5.0
48099,2,4.0
48105,1,5.0
48109,1,5.0
48110,1,5.0
48116,1,3.0
48118,3,5.0
48119,1,4.0
48122,1,3.0
48125,3,4.0
48126,1,3.0
48127,2,4.0
48128,1,5.0
48129,1,5.0
48131,1,3.0
48134,1,5.0
48135,1,2.0
48138,1,5.0
48141,1,4.0
48142,2,5.0
48144,1,5.0
48146,1,5.0
48150,2,4.5
48151,1,4.0
48153,1,2.0
48154,2,5.0
48155,1,1.0
48156,2,3.5
48159,1,4.0
48161,3,5.0
48164,1,4.0
48168,2,2.5
48169,1,4.0
48170,1,4.0
48171,1,4.0
48172,1,4.0
48173,2,5.0
48174,1,5.0
48175,2,4.5
48178,2,5.0
48179,1,5.0
48182,1,5.0
48183,1,2.0
48190,1,5.0
48196,3,4.0
48197,1,5.0
48203,1,4.0
48210,3,3.3333333333333335
48213,1,4.0
48214,2,5.0
48216,1,4.0
48218,1,5.0
48219,1,5.0
48220,2,4.5
48221,1,3.0
48222,1,5.0
48223,1,5.0
48228,1,4.0
48229,1,5.0
48235,1,4.0
48242,2,4.5
48243,2,3.5
48244,2,5.0
48245,1,5.0
48247,1,5.0
48248,1,4.0
48252,1,3.0
48253,1,5.0
48254,3,4.333333333333333
48255,2,4.0
48256,4,4.5
48257,4,2.25
48258,1,4.0
48262,1,5.0
48263,1,5.0
48265,1,5.0
48271,2,5.0
48272,1,4.0
48274,1,2.0
48278,1,5.0
48279,1,4.0
48280,1,5.0
48282,1,5.0
48283,1,5.0
48284,1,5.0
48286,1,5.0
48288,1,5.0
48290,1,5.0
48291,2,5.0
48295,1,5.0
48298,1,3.0
48300,1,5.0
48303,1,2.0
48305,2,5.0
48310,1,3.0
48317,2,5.0
48323,1,4.0
48324,1,5.0
48326,2,4.0
48327,2,5.0
48328,1,5.0
48331,1,4.0
48334,1,5.0
48335,1,5.0
48337,1,2.0
48338,1,5.0
48339,1,1.0
48343,3,3.6666666666666665
48344,1,5.0
48346,1,5.0
48349,1,5.0
48352,1,4.0
48353,1,5.0
48354,1,4.0
48356,1,5.0
48358,1,3.0
48364,1,4.0
48368,4,4.0
48372,3,3.6666666666666665
48379,1,5.0
48380,4,5.0
48387,1,5.0
48389,2,5.0
48391,1,4.0
48396,1,3.0
48409,3,3.3333333333333335
48414,1,3.0
48415,1,4.0
48418,1,3.0
48420,1,4.0
48426,2,1.0
48427,1,5.0
48430,1,5.0
48433,2,3.0
48435,2,3.5
48436,1,3.0
48438,1,4.0
48439,1,5.0
48440,1,5.0
48441,1,4.0
48444,2,4.0
48447,3,3.3333333333333335
48449,1,4.0
48450,1,5.0
48451,1,5.0
48456,1,3.0
48457,1,5.0
48459,2,5.0
48461,1,5.0
48463,1,4.0
48467,1,5.0
48471,1,5.0
48474,2,4.0
48476,2,4.0
48478,1,5.0
48481,1,4.0
48482,1,5.0
48484,1,2.0
48488,2,5.0
48494,1,4.0
48495,4,1.25
48499,1,4.0
48507,2,5.0
48509,1,4.0
48510,4,4.75
48513,1,4.0
48514,1,4.0
48517,1,4.0
48518,1,3.0
48519,1,5.0
48521,2,4.0
48523,1,3.0
48529,1,5.0
48530,1,5.0
48531,1,5.0
48532,1,3.0
48535,1,4.0
48537,1,4.0
48538,1,4.0
48539,1,4.0
48541,1,4.0
48542,1,5.0
48548,1,5.0
48553,1,4.0
48556,1,4.0
48558,2,5.0
48560,1,4.0
48562,1,5.0
48566,1,4.0
48567,1,4.0
48568,1,5.0
48571,1,4.0
48573,3,4.333333333333333
48576,1,5.0
48577,1,5.0
48580,1,5.0
48584,1,1.0
48586,2,4.5
48587,4,4.5
48590,2,4.5
48592,2,3.5
48594,1,5.0
48599,3,5.0
48601,1,5.0
48603,1,4.0
48606,1,4.0
48609,1,5.0
48610,3,3.6666666666666665
48611,1,5.0
48614,1,5.0
48615,3,4.666666666666667
48616,2,4.5
48618,1,4.0
48621,1,4.0
48635,1,3.0
48636,2,4.0
48637,1,4.0
48638,3,2.6666666666666665
48639,1,5.0
48640,2,5.0
48642,3,3.6666666666666665
48644,2,5.0
48645,3,4.666666666666667
48651,1,4.0
48654,1,5.0
48656,1,1.0
48658,1,5.0
48663,1,4.0
48665,1,4.0
48666,1,5.0
48670,2,4.0
48674,1,4.0
48678,1,5.0
48679,2,4.0
48681,1,4.0
48683,2,4.0
48685,1,2.0
48688,1,5.0
48689,1,4.0
48691,1,5.0
48694,1,4.0
48695,1,4.0
48696,2,3.5
48698,1,5.0
48701,1,3.0
48705,11,4.0
48707,1,3.0
48713,1,5.0
48718,1,4.0
48721,2,4.5
48722,2,4.0
48725,1,4.0
48731,2,5.0
48732,1,3.0
48733,1,5.0
48734,1,4.0
48737,3,5.0
48738,2,3.5
48739,3,4.666666666666667
48740,1,5.0
48743,1,3.0
48744,1,4.0
48745,1,4.0
48747,1,5.0
48748,1,5.0
48750,1,3.0
48751,2,5.0
48761,2,5.0
48762,2,5.0
48764,1,2.0
48767,2,4.0
48770,1,4.0
48774,1,5.0
48776,1,2.0
48778,1,4.0
48781,2,4.5
48785,1,5.0
48787,1,4.0
48788,1,5.0
48789,1,4.0
48790,1,5.0
48791,3,4.666666666666667
48796,2,5.0
48797,2,3.5
48798,1,4.0
48805,1,5.0
48810,1,4.0
48811,1,5.0
48812,1,5.0
48813,1,4.0
48814,3,4.0
48826,1,5.0
48829,1,4.0
48830,1,4.0
48833,4,3.75
48834,1,5.0
48835,1,4.0
48836,1,5.0
48837,1,4.0
48843,1,5.0
48849,4,3.75
48854,1,4.0
48856,2,3.5
48858,2,4.5
48861,1,3.0
48862,1,4.0
48869,1,3.0
48873,1,5.0
48879,1,5.0
48884,4,4.75
48885,1,1.0
48886,1,4.0
48889,1,3.0
48895,2,4.0
48898,1,4.0
48899,2,5.0
48905,1,4.0
48907,2,4.0
48909,1,5.0
48910,1,5.0
48911,1,5.0
48912,1,5.0
48915,1,5.0
48916,1,4.0
48917,1,4.0
48921,1,4.0
48922,1,5.0
48925,1,5.0
48927,1,4.0
48928,1,3.0
48931,1,5.0
48934,1,4.0
48940,4,4.5
48954,2,5.0
48955,1,4.0
48957,2,4.0
48958,2,2.0
48960,1,4.0
48961,1,4.0
48962,5,3.0
48964,1,2.0
48965,2,5.0
48967,1,5.0
48969,2,2.5
48970,1,5.0
48976,1,3.0
48978,1,5.0
48980,2,4.0
48983,1,5.0
48987,1,5.0
48991,2,3.5
48994,2,3.0
48995,1,4.0
48998,2,5.0
49001,2,3.5
49005,1,5.0
49007,2,4.0
49008,1,4.0
49010,1,4.0
49011,3,4.333333333333333
49013,1,4.0
49015,1,5.0
49016,1,5.0
49017,1,5.0
49021,1,3.0
49023,3,2.3333333333333335
49024,2,4.0
49025,1,4.0
49026,3,4.0
49027,2,5.0
49028,1,3.0
49033,1,5.0
49034,1,5.0
49035,1,4.0
49036,1,3.0
49037,1,4.0
49039,3,5.0
49042,1,5.0
49044,1,4.0
49046,2,5.0
49055,1,4.0
49056,1,3.0
49057,1,3.0
49058,1,5.0
49061,1,5.0
49062,3,5.0
49065,1,5.0
49066,1,3.0
49067,1,4.0
49068,2,5.0
49070,1,5.0
49072,2,5.0
49073,3,2.3333333333333335
49074,1,2.0
49075,1,5.0
49079,1,5.0
49080,1,3.0
49083,3,5.0
49084,1,5.0
49085,3,5.0
49086,1,5.0
49087,1,4.0
49094,1,5.0
49096,1,1.0
49100,1,5.0
49102,1,5.0
49107,2,4.5
49109,1,4.0
49113,1,5.0
49115,1,5.0
49116,1,5.0
49120,1,5.0
49122,1,4.0
49128,1,5.0
49129,3,3.6666666666666665
49131,1,5.0
49135,1,1.0
49136,1,4.0
49138,2,5.0
49140,1,3.0
49141,3,3.0
49146,1,4.0
49155,1,5.0
49157,2,3.0
49160,2,4.0
49163,1,4.0
49164,2,3.5
49166,4,3.75
49169,1,5.0
49172,1,4.0
49177,1,1.0
49181,2,1.5
49184,1,4.0
49185,1,3.0
49186,1,5.0
49188,1,5.0
49189,2,4.5
49190,1,4.0
49191,2,4.5
49193,1,4.0
49194,3,4.666666666666667
49198,1,5.0
49200,1,4.0
49201,1,5.0
49202,2,3.5
49207,5,4.8
49209,5,4.6
49210,1,1.0
49211,1,5.0
49212,4,4.75
49217,4,4.25
49218,1,4.0
49219,3,5.0
49221,5,3.4
49226,2,4.0
49227,7,3.7142857142857144
49228,1,5.0
49229,3,3.3333333333333335
49231,1,4.0
49232,12,4.416666666666667
49235,1,5.0
49240,1,4.0
49241,1,4.0
49243,2,4.5
49245,1,5.0
49246,3,3.6666666666666665
49253,1,5.0
49258,1,4.0
49260,1,4.0
49263,2,4.0
49264,1,3.0
49265,1,5.0
49267,1,4.0
49269,1,5.0
49270,1,3.0
49274,1,4.0
49276,1,4.0
49281,1,4.0
49290,1,5.0
49293,2,3.5
49307,1,4.0
49309,2,4.0
49310,1,3.0
49311,1,4.0
49312,1,3.0
49314,1,5.0
49315,8,4.375
49316,1,4.0
49317,1,5.0
49320,1,5.0
49321,1,4.0
49322,2,4.5
49323,1,2.0
49329,1,5.0
49330,3,3.6666666666666665
49338,2,4.0
49339,1,5.0
49347,3,3.0
49348,2,2.0
49349,1,3.0
49351,3,2.6666666666666665
49354,1,3.0
49358,1,2.0
49361,1,5.0
49362,2,4.0
49364,1,5.0
49367,1,5.0
49369,1,4.0
49376,1,4.0
49378,1,4.0
49379,2,5.0
49381,4,3.5
49386,2,4.5
49387,2,4.5
49390,2,4.5
49391,2,4.5
49394,1,4.0
49395,1,5.0
49396,1,4.0
49400,1,5.0
49403,2,3.5
49405,1,4.0
49408,2,5.0
49409,4,4.75
49411,1,3.0
49416,2,5.0
49418,2,5.0
49420,1,5.0
49421,1,4.0
49424,1,4.0
49429,1,4.0
49431,2,5.0
49432,1,5.0
49435,1,4.0
49436,1,4.0
49439,2,4.5
49440,1,4.0
49441,3,4.666666666666667
49443,1,4.0
49447,1,5.0
49449,1,3.0
49455,1,5.0
49456,2,5.0
49459,1,4.0
49460,3,5.0
49461,1,5.0
49465,1,5.0
49467,1,3.0
49468,2,4.5
49469,2,4.0
49477,1,4.0
49478,1,3.0
49479,2,4.0
49482,1,4.0
49489,2,5.0
49491,3,4.666666666666667
49492,1,5.0
49493,1,5.0
49494,1,4.0
49495,1,5.0
49496,1,5.0
49498,1,4.0
49499,1,4.0
49501,1,4.0
49503,1,5.0
49504,2,4.0
49507,1,5.0
49509,1,5.0
49510,1,3.0
49512,1,4.0
49515,1,4.0
49516,1,5.0
49517,1,5.0
49518,1,5.0
49519,1,4.0
49524,1,5.0
49525,1,5.0
49528,1,5.0
49530,1,4.0
49531,1,5.0
49532,1,4.0
49540,2,5.0
49543,3,4.666666666666667
49548,1,5.0
49549,1,4.0
49552,1,5.0
49554,3,5.0
49555,1,4.0
49557,2,4.5
49559,4,4.5
49560,2,5.0
49564,1,5.0
49566,1,5.0
49567,1,5.0
49571,1,5.0
49576,1,5.0
49578,1,5.0
49579,1,5.0
49584,1,5.0
49586,1,5.0
49588,3,4.333333333333333
49593,1,5.0
49595,1,5.0
49596,2,4.0
49598,1,4.0
49599,1,1.0
49600,1,5.0
49601,2,4.5
49603,1,4.0
49604,1,5.0
49606,1,5.0
49609,1,5.0
49611,2,5.0
49613,1,4.0
49616,2,4.0
49618,2,3.5
49623,1,3.0
49624,2,5.0
49625,1,5.0
49626,1,4.0
49628,1,5.0
49629,1,5.0
49632,1,3.0
49635,1,5.0
49636,1,2.0
49638,1,4.0
49640,2,3.0
49642,1,4.0
49643,2,4.0
49646,1,2.0
49649,3,4.333333333333333
49652,1,2.0
49653,1,5.0
49655,4,3.5
49656,1,4.0
49660,4,3.75
49661,1,5.0
49666,1,5.0
49669,1,5.0
49671,3,4.666666666666667
49673,3,4.333333333333333
49674,2,4.5
49682,1,5.0
49685,9,4.0
49689,1,5.0
49692,1,4.0
49696,1,5.0
49698,1,1.0
49701,1,4.0
49704,2,5.0
49705,1,5.0
49713,1,1.0
49717,2,5.0
49718,2,5.0
49719,1,4.0
49727,2,4.5
49729,1,4.0
49730,1,2.0
49732,1,5.0
49733,2,4.0
49734,1,5.0
49736,1,4.0
49740,2,4.0
49742,3,4.666666666666667
49744,1,5.0
49745,4,3.5
49746,3,3.3333333333333335
49749,2,4.0
49753,1,5.0
49759,1,4.0
49761,1,3.0
49763,1,3.0
49765,1,4.0
49766,4,4.0
49767,1,4.0
49772,5,4.6
49773,1,5.0
49776,1,4.0
49778,1,5.0
49779,2,4.5
49780,2,4.0
49781,1,4.0
49782,3,4.0
49783,1,5.0
49784,1,4.0
49792,1,5.0
49793,1,4.0
49795,1,4.0
49802,1,3.0
49803,1,5.0
49808,1,1.0
49812,1,5.0
49813,1,5.0
49815,1,5.0
49817,1,4.0
49821,5,4.2
49830,1,5.0
49831,1,4.0
49832,1,5.0
49833,2,4.5
49836,1,5.0
49839,2,4.0
49840,1,5.0
49841,1,4.0
49842,1,4.0
49844,1,5.0
49845,1,5.0
49849,1,5.0
49852,1,1.0
49853,1,4.0
49855,1,4.0
49858,1,4.0
49859,2,5.0
49860,1,5.0
49861,1,5.0
49864,3,4.0
49869,2,4.5
49871,2,5.0
49873,1,4.0
49874,1,4.0
49876,2,4.0
49879,1,1.0
49883,4,5.0
49884,1,4.0
49888,2,3.5
49889,1,4.0
49892,1,4.0
49898,1,5.0
49899,1,5.0
49901,1,5.0
49904,1,5.0
49905,1,4.0
49908,1,5.0
49914,1,2.0
49915,5,4.2
49917,1,5.0
49918,1,4.0
49920,1,5.0
49922,1,3.0
49924,1,5.0
49927,1,2.0
49928,1,4.0
49929,1,5.0
49931,1,5.0
49933,3,4.0
49934,1,4.0
49939,1,4.0
49941,2,5.0
49947,1,5.0
49948,1,5.0
49949,1,5.0
49951,1,3.0
49955,2,3.0
49957,1,5.0
49962,1,5.0
49967,2,3.5
49968,3,4.0
49969,2,4.0
49970,1,3.0
49971,1,4.0
49973,1,5.0
49974,2,3.5
49976,1,5.0
49977,3,4.0
49978,1,4.0
49979,1,4.0
49981,1,4.0
49982,3,3.6666666666666665
49983,2,3.5
49989,1,5.0
50000,2,4.0
50006,1,5.0
50007,2,4.5
50008,1,4.0
50010,1,2.0
50011,1,5.0
50012,1,5.0
50013,1,3.0
50014,1,5.0
50017,1,4.0
50020,1,5.0
50026,1,5.0
50029,1,5.0
50031,1,4.0
50032,1,5.0
50035,1,3.0
50037,2,5.0
50038,1,3.0
50039,1,4.0
50041,1,5.0
50042,1,4.0
50043,1,5.0
50044,1,4.0
50045,1,3.0
50047,1,5.0
50050,2,5.0
50051,1,5.0
50052,1,1.0
50056,1,5.0
50061,1,4.0
50063,4,4.0
50073,1,4.0
50075,1,5.0
50076,1,4.0
50078,2,2.5
50081,2,4.5
50082,1,3.0
50086,2,5.0
50087,1,4.0
50092,1,4.0
50095,1,5.0
50096,1,5.0
50098,1,5.0
50102,1,5.0
50104,1,5.0
50105,2,4.0
50107,5,4.6
50110,1,5.0
50111,1,5.0
50114,1,4.0
50115,1,5.0
50116,1,5.0
50118,1,5.0
50119,1,4.0
50120,2,4.0
50121,1,5.0
50124,2,4.0
50125,1,4.0
50127,2,4.0
50128,1,5.0
50130,1,3.0
50131,1,5.0
50135,1,4.0
50136,1,5.0
50137,1,5.0
50138,2,5.0
50142,1,4.0
50144,2,4.0
50145,3,3.0
50146,2,4.0
50151,1,3.0
50153,1,5.0
50155,1,4.0
50158,1,5.0
50159,1,2.0
50160,2,4.0
50162,1,2.0
50163,1,5.0
50168,1,5.0
50171,1,4.0
50172,1,5.0
50176,1,5.0
50179,2,4.5
50180,2,5.0
50183,1,4.0
50187,1,1.0
50190,1,1.0
50191,1,4.0
50193,1,5.0
50196,1,2.0
50197,1,5.0
50202,2,3.0
50203,1,3.0
50204,1,5.0
50205,1,4.0
50207,1,4.0
50212,2,4.0
50216,1,4.0
50217,1,5.0
50219,3,3.6666666666666665
50221,2,4.0
50231,1,5.0
50232,2,5.0
50234,3,5.0
50235,1,5.0
50236,3,4.0
50237,1,2.0
50241,1,3.0
50245,1,5.0
50246,1,3.0
50247,2,4.5
50249,1,5.0
50255,1,3.0
50256,2,4.5
50257,1,5.0
50264,1,3.0
50265,1,4.0
50268,2,3.0
50271,1,4.0
50273,2,5.0
50277,2,4.5
50278,1,5.0
50288,1,4.0
50289,1,5.0
50291,1,5.0
50293,1,5.0
50298,1,4.0
50300,1,4.0
50301,1,3.0
50307,3,4.333333333333333
50311,1,4.0
50313,2,4.5
50318,1,4.0
50321,1,4.0
50324,1,5.0
50329,3,3.6666666666666665
50334,3,4.0
50337,1,3.0
50339,2,3.5
50341,1,5.0
50349,1,5.0
50350,1,4.0
50351,1,3.0
50352,1,4.0
50353,8,3.25
50355,1,3.0
50356,1,5.0
50359,1,4.0
50362,1,5.0
50365,3,5.0
50366,1,5.0
50368,3,4.0
50370,2,4.0
50373,1,4.0
50374,1,5.0
50377,1,4.0
50381,1,5.0
50382,1,5.0
50386,2,3.0
50387,2,4.5
50389,1,3.0
50390,1,4.0
50391,1,5.0
50392,1,4.0
50393,1,4.0
50396,2,3.0
50398,1,2.0
50400,1,5.0
50401,2,4.0
50402,1,4.0
50403,2,5.0
50409,1,5.0
50410,1,5.0
50412,1,5.0
50417,1,4.0
50419,1,3.0
50428,1,4.0
50432,1,5.0
50433,1,3.0
50435,1,5.0
50436,1,5.0
50439,1,4.0
50440,1,4.0
50451,3,5.0
50458,3,4.0
50459,1,3.0
50464,2,4.0
50465,2,2.5
50469,1,3.0
50470,3,5.0
50471,1,5.0
50472,1,4.0
50473,1,2.0
50474,2,2.5
50477,1,5.0
50479,1,4.0
50480,3,2.6666666666666665
50485,1,5.0
50487,1,5.0
50489,1,4.0
50490,1,3.0
50491,1,3.0
50492,2,3.0
50496,1,1.0
50500,1,2.0
50502,1,5.0
50504,1,5.0
50506,1,4.0
50508,1,5.0
50509,4,4.0
50511,1,4.0
50516,2,3.5
50518,1,4.0
50520,1,5.0
50523,1,5.0
50525,2,4.5
50528,1,5.0
50530,1,4.0
50532,1,5.0
50533,1,5.0
50536,4,4.0
50538,1,5.0
50539,1,4.0
50541,1,5.0
50542,2,5.0
50544,1,5.0
50545,1,5.0
50549,1,5.0
50552,3,3.3333333333333335
50553,4,3.25
50555,2,4.5
50556,1,4.0
50561,1,5.0
50574,1,3.0
50575,1,5.0
50579,1,4.0
50581,1,5.0
50588,1,5.0
50590,2,4.0
50591,1,5.0
50596,1,4.0
50601,1,4.0
50602,1,4.0
50604,1,5.0
50607,2,4.0
50611,1,4.0
50612,1,5.0
50613,1,5.0
50614,1,5.0
50618,1,5.0
50622,2,4.5
50625,1,2.0
50626,1,5.0
50630,11,4.7272727272727275
50631,2,4.0
50633,1,4.0
50635,1,4.0
50637,2,4.5
50639,2,5.0
50640,3,4.333333333333333
50641,1,5.0
50642,1,5.0
50645,1,5.0
50650,1,5.0
50651,1,4.0
50652,1,4.0
50654,1,5.0
50655,1,5.0
50656,2,4.0
50657,1,5.0
50660,1,5.0
50661,2,3.0
50668,1,5.0
50672,2,5.0
50675,2,5.0
50680,1,4.0
50686,1,3.0
50688,1,5.0
50690,3,4.0
50691,4,4.75
50692,2,3.0
50694,1,5.0
50696,1,2.0
50708,1,5.0
50711,1,5.0
50712,2,4.5
50714,1,3.0
50715,1,5.0
50716,2,3.0
50717,1,4.0
50718,2,4.0
50720,1,4.0
50722,1,5.0
50726,3,3.6666666666666665
50727,1,5.0
50729,1,5.0
50731,1,5.0
50732,2,5.0
50733,2,3.5
50743,2,4.0
50746,2,3.5
50748,1,4.0
50749,1,5.0
50754,1,5.0
50755,1,4.0
50757,1,5.0
50758,1,4.0
50759,2,5.0
50761,1,5.0
50762,1,5.0
50764,2,4.0
50769,1,4.0
50776,1,4.0
50780,1,4.0
50784,1,5.0
50785,1,4.0
50788,1,5.0
50791,10,3.8
50793,1,4.0
50795,1,4.0
50799,3,4.333333333333333
50801,2,3.0
50804,4,4.75
50805,1,3.0
50806,2,4.0
50809,3,4.333333333333333
50810,1,5.0
50814,1,4.0
50815,1,4.0
50819,1,1.0
50820,1,1.0
50821,1,4.0
50823,4,4.0
50828,1,5.0
50829,3,4.666666666666667
50830,1,3.0
50831,1,2.0
50842,1,5.0
50855,2,4.0
50856,1,5.0
50858,2,1.0
50859,3,4.0
50862,1,4.0
50863,2,4.0
50867,4,4.0
50868,1,5.0
50870,1,3.0
50871,1,4.0
50874,1,3.0
50875,1,4.0
50877,1,4.0
50878,2,4.5
50879,1,5.0
50887,1,3.0
50888,2,5.0
50889,1,5.0
50895,1,1.0
50896,1,4.0
50897,4,4.25
50898,1,4.0
50899,4,4.75
50902,2,3.5
50904,2,4.0
50906,1,5.0
50908,1,4.0
50909,1,4.0
50914,1,5.0
50915,2,3.0
50920,1,5.0
50922,1,5.0
50923,1,5.0
50924,1,5.0
50925,1,5.0
50928,3,4.0
50929,1,5.0
50932,2,5.0
50934,1,4.0
50935,1,4.0
50936,1,5.0
50938,1,5.0
50940,1,5.0
50941,1,5.0
50942,1,5.0
50946,3,5.0
50951,1,3.0
50953,1,5.0
50954,2,5.0
50956,1,5.0
50958,2,5.0
50959,2,4.5
50961,1,5.0
50962,1,4.0
50967,2,5.0
50968,1,4.0
50970,1,5.0
50972,1,5.0
50976,1,4.0
50977,1,5.0
50979,1,4.0
50981,5,2.4
50986,1,3.0
50988,1,1.0
50989,1,5.0
50991,3,4.666666666666667
50994,1,5.0
50995,4,3.75
51002,1,3.0
51003,1,5.0
51009,1,3.0
51011,1,3.0
51014,1,5.0
51015,3,2.3333333333333335
51018,1,4.0
51021,1,2.0
51022,1,3.0
51033,1,5.0
51034,1,2.0
51035,2,5.0
51039,1,5.0
51040,2,4.0
51041,2,4.0
51042,2,4.0
51045,2,5.0
51047,1,5.0
51049,1,5.0
51052,1,4.0
51053,1,5.0
51054,1,5.0
51055,1,4.0
51057,1,4.0
51060,1,4.0
51064,1,5.0
51067,2,4.5
51068,1,1.0
51069,3,5.0
51071,1,1.0
51073,1,5.0
51074,1,5.0
51076,2,2.0
51077,4,4.75
51079,2,5.0
51081,5,4.8
51085,2,3.0
51086,2,4.5
51089,1,5.0
51092,1,2.0
51094,1,5.0
51096,1,4.0
51098,1,4.0
51100,3,4.0
51102,3,4.0
51104,3,4.666666666666667
51106,1,5.0
51107,2,4.0
51110,1,5.0
51113,2,4.5
51118,2,4.0
51119,3,4.333333333333333
51121,3,2.6666666666666665
51122,1,5.0
51123,2,2.5
51124,3,4.333333333333333
51134,1,4.0
51136,2,4.0
51137,3,4.0
51138,1,5.0
51139,1,5.0
51140,1,4.0
51141,3,4.0
51142,1,5.0
51150,1,4.0
51154,1,5.0
51157,3,3.6666666666666665
51159,1,4.0
51167,3,3.6666666666666665
51168,2,4.5
51169,2,2.5
51170,1,4.0
51172,2,4.0
51174,1,5.0
51182,4,3.75
51189,1,5.0
51190,3,4.333333333333333
51192,1,5.0
51193,2,5.0
51203,1,5.0
51204,6,4.333333333333333
51206,5,3.6
51208,1,4.0
51209,2,3.0
51211,2,3.5
51213,2,4.5
51215,1,5.0
51222,2,4.0
51223,1,4.0
51225,4,4.0
51229,1,4.0
51230,1,5.0
51232,1,1.0
51234,1,4.0
51235,1,5.0
51241,2,3.5
51242,2,4.5
51246,6,4.0
51247,1,5.0
51251,1,3.0
51252,6,4.5
51254,1,5.0
51257,2,3.0
51262,1,2.0
51268,1,5.0
51269,1,5.0
51275,1,4.0
51278,1,5.0
51283,1,4.0
51292,2,4.0
51294,1,4.0
51295,4,4.25
51296,2,5.0
51297,2,5.0
51298,2,4.5
51301,3,5.0
51302,2,5.0
51303,3,3.3333333333333335
51304,1,5.0
51308,1,5.0
51309,1,5.0
51314,1,3.0
51317,4,4.75
51321,1,3.0
51323,1,2.0
51327,2,5.0
51329,1,5.0
51330,1,4.0
51331,1,5.0
51333,2,5.0
51334,1,5.0
51335,1,5.0
51336,1,5.0
51337,1,5.0
51338,1,5.0
51342,1,5.0
51343,3,3.6666666666666665
51344,1,1.0
51346,1,5.0
51349,1,5.0
51352,2,5.0
51354,1,3.0
51356,1,5.0
51357,3,4.0
51358,1,5.0
51359,3,3.6666666666666665
51363,1,5.0
51364,2,5.0
51368,1,5.0
51374,1,4.0
51376,1,4.0
51377,1,3.0
51378,2,1.0
51386,2,3.5
51389,1,5.0
51394,7,4.571428571428571
51396,2,4.5
51399,2,5.0
51402,1,5.0
51403,1,4.0
51406,1,5.0
51408,3,4.333333333333333
51411,2,4.0
51417,1,4.0
51418,1,4.0
51420,1,3.0
51421,1,3.0
51425,1,4.0
51426,1,5.0
51427,1,5.0
51429,1,5.0
51430,2,4.5
51433,2,4.5
51434,1,5.0
51435,1,5.0
51436,1,5.0
51437,5,4.0
51438,2,3.5
51441,1,3.0
51444,1,4.0
51451,2,5.0
51452,4,5.0
51454,1,2.0
51455,1,4.0
51457,2,4.0
51458,1,4.0
51459,2,5.0
51461,1,5.0
51462,1,2.0
51469,1,5.0
51470,2,4.5
51475,3,4.333333333333333
51477,1,5.0
51478,2,4.0
51479,1,2.0
51480,2,4.5
51482,1,3.0
51484,1,4.0
51489,2,3.0
51491,3,4.0
51494,1,5.0
51500,2,3.5
51505,1,5.0
51510,1,5.0
51511,1,3.0
51513,4,5.0
51515,1,5.0
51518,2,4.5
51521,1,5.0
51524,1,5.0
51539,1,5.0
51540,1,5.0
51541,1,2.0
51542,1,5.0
51544,1,5.0
51546,1,5.0
51552,1,5.0
51555,1,5.0
51557,5,4.2
51558,1,3.0
51560,2,2.5
51562,1,3.0
51564,1,4.0
51567,4,4.5
51569,1,4.0
51573,2,3.5
51578,1,5.0
51580,2,4.5
51581,1,5.0
51582,1,4.0
51583,3,4.0
51587,2,5.0
51589,2,5.0
51590,2,5.0
51591,1,5.0
51594,2,5.0
51602,1,4.0
51603,2,3.0
51604,1,4.0
51606,2,3.5
51607,1,4.0
51608,3,4.0
51609,2,4.0
51610,1,5.0
51612,1,4.0
51613,1,4.0
51615,1,2.0
51620,1,5.0
51626,1,4.0
51631,1,5.0
51632,1,4.0
51635,4,4.5
51636,1,5.0
51637,1,5.0
51641,1,3.0
51645,1,5.0
51646,1,5.0
51650,1,5.0
51651,1,4.0
51652,2,3.5
51656,1,5.0
51657,1,5.0
51659,1,5.0
51663,1,4.0
51671,3,4.0
51676,1,5.0
51678,1,4.0
51679,2,4.0
51680,2,5.0
51684,2,5.0
51687,1,4.0
51689,1,5.0
51691,1,4.0
51693,2,3.0
51695,2,5.0
51697,1,5.0
51698,1,4.0
51701,2,5.0
51702,1,3.0
51703,1,4.0
51704,1,4.0
51708,1,4.0
51709,1,5.0
51715,2,4.5
51716,1,5.0
51721,2,3.0
51722,1,5.0
51724,3,5.0
51728,1,5.0
51729,1,4.0
51733,1,5.0
51734,2,4.5
51736,2,5.0
51739,1,5.0
51741,4,4.0
51742,1,1.0
51747,1,5.0
51754,1,5.0
51761,1,4.0
51765,1,4.0
51768,1,4.0
51770,1,4.0
51771,1,5.0
51772,1,3.0
51776,2,3.0
51777,1,4.0
51778,2,4.0
51782,1,4.0
51784,3,5.0
51785,1,2.0
51788,1,5.0
51791,1,3.0
51792,1,3.0
51794,1,2.0
51796,1,4.0
51797,1,4.0
51800,1,5.0
51804,1,5.0
51806,1,5.0
51812,7,4.0
51817,1,5.0
51818,1,5.0
51819,1,4.0
51821,2,2.0
51828,1,4.0
51830,1,2.0
51831,1,5.0
51833,3,4.333333333333333
51836,1,4.0
51841,2,4.0
51843,3,4.666666666666667
51844,1,5.0
51846,1,4.0
51848,1,5.0
51849,2,5.0
51851,1,5.0
51853,5,3.8
51854,1,4.0
51855,2,5.0
51857,1,4.0
51864,1,4.0
51868,1,1.0
51869,15,3.7333333333333334
51872,1,5.0
51874,3,4.333333333333333
51876,1,2.0
51877,4,3.75
51882,1,5.0
51885,1,2.0
51887,1,5.0
51890,2,5.0
51891,1,5.0
51893,1,5.0
51896,1,4.0
51900,1,4.0
51903,1,5.0
51904,1,4.0
51905,1,5.0
51906,1,4.0
51907,1,5.0
51908,1,5.0
51910,1,5.0
51911,2,4.0
51912,1,3.0
51916,1,5.0
51918,1,4.0
51920,1,3.0
51921,1,5.0
51925,1,4.0
51928,1,2.0
51931,2,2.5
51933,1,5.0
51935,2,4.5
51936,1,3.0
51941,1,2.0
51945,2,4.5
51950,1,3.0
51951,1,5.0
51952,1,3.0
51955,1,3.0
51956,1,4.0
51957,1,2.0
51958,1,3.0
51962,1,4.0
51969,1,5.0
51971,1,5.0
51973,1,5.0
51975,1,3.0
51976,2,4.0
51977,2,5.0
51978,1,4.0
51979,2,4.0
51982,1,4.0
51984,1,4.0
51985,1,4.0
51989,2,3.5
51990,1,4.0
51992,1,4.0
51994,2,3.5
51998,1,3.0
52001,1,4.0
52009,1,5.0
52013,1,4.0
52016,1,4.0
52019,2,3.0
52020,1,5.0
52021,1,4.0
52025,1,4.0
52027,1,5.0
52028,3,4.666666666666667
52031,1,5.0
52037,1,5.0
52040,2,5.0
52041,2,3.5
52042,1,5.0
52045,1,3.0
52046,1,5.0
52051,2,4.0
52052,1,5.0
52058,1,5.0
52059,2,5.0
52061,1,4.0
52063,1,5.0
52066,1,4.0
52067,1,3.0
52069,1,4.0
52073,1,5.0
52074,3,4.666666666666667
52075,3,3.6666666666666665
52076,1,5.0
52079,1,5.0
52083,1,3.0
52084,1,5.0
52086,1,4.0
52087,1,4.0
52089,3,5.0
52090,1,5.0
52091,1,5.0
52093,5,4.6
52094,3,3.6666666666666665
52095,1,3.0
52102,1,4.0
52103,3,4.333333333333333
52106,1,5.0
52113,1,5.0
52114,1,4.0
52115,1,5.0
52118,1,5.0
52120,1,4.0
52127,3,3.6666666666666665
52128,1,5.0
52131,1,3.0
52132,1,4.0
52133,1,5.0
52137,1,5.0
52142,1,4.0
52146,2,3.5
52147,1,5.0
52148,1,5.0
52149,1,3.0
52151,1,5.0
52152,1,4.0
52154,2,5.0
52155,1,4.0
52156,2,3.0
52157,3,3.6666666666666665
52159,4,4.75
52161,1,4.0
52163,1,5.0
52171,3,5.0
52173,1,3.0
52174,1,5.0
52175,2,4.0
52176,2,4.0
52177,2,5.0
52179,2,4.0
52186,1,5.0
52191,1,3.0
52193,1,5.0
52195,1,5.0
52198,1,5.0
52200,1,4.0
52203,2,4.5
52204,1,5.0
52210,1,5.0
52211,1,4.0
52223,4,3.25
52224,1,5.0
52227,3,3.6666666666666665
52241,1,5.0
52242,1,5.0
52244,1,4.0
52246,1,4.0
52247,2,5.0
52248,1,1.0
52249,1,5.0
52251,1,4.0
52262,1,3.0
52265,1,5.0
52266,1,4.0
52270,1,5.0
52271,1,5.0
52273,1,3.0
52276,1,4.0
52277,1,5.0
52282,1,3.0
52283,1,4.0
52287,1,4.0
52289,1,4.0
52290,1,3.0
52292,1,5.0
52293,1,3.0
52296,1,5.0
52299,1,2.0
52300,2,4.5
52301,2,5.0
52307,1,5.0
52309,1,5.0
52310,1,5.0
52313,2,5.0
52321,1,5.0
52323,2,4.5
52326,1,3.0
52329,2,4.5
52330,1,5.0
52332,1,4.0
52338,3,3.3333333333333335
52339,1,5.0
52340,1,4.0
52341,1,5.0
52343,1,4.0
52344,2,4.5
52347,1,3.0
52349,1,5.0
52352,1,4.0
52353,5,3.6
52354,1,4.0
52360,1,3.0
52361,3,2.0
52362,1,5.0
52367,1,1.0
52370,2,5.0
52371,2,4.0
52374,1,4.0
52375,1,4.0
52377,1,4.0
52380,1,5.0
52381,1,3.0
52388,1,2.0
52392,2,5.0
52393,1,4.0
52401,2,4.5
52402,1,5.0
52404,1,5.0
52406,1,4.0
52411,2,5.0
52413,1,4.0
52415,1,4.0
52417,1,2.0
52418,3,2.6666666666666665
52419,1,5.0
52420,2,4.5
52423,1,2.0
52427,1,4.0
52431,1,5.0
52432,1,5.0
52435,1,5.0
52436,1,5.0
52438,1,4.0
52440,2,4.0
52445,1,4.0
52452,1,5.0
52459,1,5.0
52460,1,5.0
52461,1,4.0
52463,1,5.0
52464,1,5.0
52465,2,4.5
52466,1,3.0
52467,1,4.0
52468,1,4.0
52469,1,3.0
52473,2,5.0
52474,2,3.0
52475,1,5.0
52483,2,3.0
52484,2,3.5
52485,1,4.0
52486,1,3.0
52487,1,5.0
52488,1,1.0
52489,1,5.0
52494,1,4.0
52495,2,4.5
52497,1,4.0
52501,1,4.0
52504,1,5.0
52506,1,4.0
52508,1,4.0
52511,1,3.0
52515,2,4.0
52516,2,5.0
52517,1,4.0
52519,1,5.0
52521,1,4.0
52522,1,4.0
52524,1,1.0
52528,1,5.0
52529,1,5.0
52530,1,3.0
52531,1,4.0
52533,1,4.0
52535,1,5.0
52536,1,5.0
52538,3,1.6666666666666667
52540,2,1.0
52541,2,4.0
52542,2,3.0
52546,1,4.0
52551,1,2.0
52553,1,1.0
52558,1,5.0
52559,1,5.0
52560,3,3.3333333333333335
52562,1,5.0
52565,1,3.0
52567,2,5.0
52568,1,3.0
52569,1,5.0
52579,1,4.0
52580,1,4.0
52581,1,4.0
52582,4,4.25
52585,2,4.0
52591,4,2.75
52592,1,1.0
52593,1,4.0
52594,1,5.0
52595,2,4.5
52596,1,5.0
52597,1,5.0
52598,2,3.5
52599,4,3.5
52602,1,5.0
52603,1,4.0
52617,1,5.0
52618,1,5.0
52619,2,4.5
52624,1,4.0
52625,1,4.0
52629,1,5.0
52630,2,3.0
52631,1,5.0
52633,8,4.25
52639,1,5.0
52640,2,3.0
52644,1,4.0
52646,3,3.3333333333333335
52649,3,3.3333333333333335
52651,1,4.0
52658,5,4.2
52664,1,4.0
52665,1,4.0
52666,1,4.0
52668,1,2.0
52670,1,5.0
52671,1,5.0
52674,6,3.6666666666666665
52675,1,5.0
52679,1,4.0
52681,2,4.0
52683,1,5.0
52684,5,4.2
52687,1,5.0
52689,2,4.5
52690,1,4.0
52692,1,3.0
52693,2,4.5
52697,1,5.0
52702,1,4.0
52703,1,4.0
52705,1,4.0
52706,1,5.0
52707,1,3.0
52708,1,4.0
52710,1,4.0
52713,8,3.75
52714,1,5.0
52715,3,4.333333333333333
52720,1,5.0
52722,1,5.0
52725,1,3.0
52726,3,4.0
52729,1,5.0
52730,1,5.0
52737,1,5.0
52738,1,5.0
52741,2,3.0
52745,1,4.0
52754,2,4.0
52759,4,4.0
52760,1,4.0
52761,1,3.0
52764,1,4.0
52765,2,5.0
52770,1,5.0
52773,1,5.0
52774,1,4.0
52776,1,2.0
52786,1,5.0
52789,3,3.6666666666666665
52795,1,5.0
52796,1,4.0
52799,1,5.0
52801,1,4.0
52807,1,3.0
52808,1,5.0
52810,1,5.0
52811,1,5.0
52812,4,4.5
52817,2,3.0
52819,8,3.875
52825,1,5.0
52828,1,4.0
52832,1,5.0
52834,2,4.5
52839,1,5.0
52840,1,5.0
52844,1,5.0
52846,1,5.0
52848,1,5.0
52849,3,4.333333333333333
52852,1,4.0
52856,3,4.0
52857,5,4.4
52858,1,5.0
52864,1,4.0
52866,2,4.5
52867,1,4.0
52868,2,4.5
52874,1,4.0
52875,3,4.0
52876,1,5.0
52883,1,5.0
52886,1,5.0
52888,1,4.0
52895,1,4.0
52897,1,3.0
52900,1,5.0
52904,1,3.0
52906,1,5.0
52909,3,3.6666666666666665
52913,2,4.5
52915,4,4.5
52918,3,4.666666666666667
52919,2,4.5
52921,1,4.0
52925,4,5.0
52933,1,5.0
52936,2,4.0
52942,1,5.0
52951,1,4.0
52954,1,4.0
52956,1,5.0
52957,2,5.0
52960,1,4.0
52969,1,5.0
52970,1,5.0
52971,3,5.0
52972,1,4.0
52974,2,5.0
52976,1,5.0
52978,3,4.666666666666667
52979,1,4.0
52980,2,5.0
52981,1,3.0
52984,1,5.0
52987,1,5.0
52989,4,5.0
52990,2,3.0
52991,2,5.0
52993,1,2.0
52998,1,4.0
53002,1,5.0
53009,2,4.0
53010,1,1.0
53013,1,1.0
53019,1,5.0
53020,4,4.75
53022,1,4.0
53023,1,3.0
53026,2,3.5
53029,1,3.0
53030,1,4.0
53034,1,2.0
53035,1,3.0
53036,2,5.0
53039,2,2.5
53040,2,4.0
53041,1,5.0
53043,1,4.0
53046,1,4.0
53047,1,5.0
53049,1,3.0
53052,1,5.0
53053,1,3.0
53055,1,4.0
53056,4,4.5
53057,1,5.0
53060,1,2.0
53062,1,1.0
53064,1,4.0
53065,1,3.0
53066,2,5.0
53067,1,1.0
53068,1,5.0
53071,1,4.0
53072,3,3.3333333333333335
53074,1,4.0
53075,1,5.0
53076,1,4.0
53080,1,5.0
53081,1,4.0
53082,2,2.5
53083,1,5.0
53085,1,5.0
53094,1,5.0
53096,5,4.4
53099,1,4.0
53102,1,5.0
53105,3,4.0
53106,1,5.0
53107,1,3.0
53109,2,4.5
53113,2,5.0
53114,1,3.0
53117,2,3.0
53118,1,5.0
53119,1,4.0
53125,1,4.0
53132,3,3.6666666666666665
53133,5,4.8
53136,1,3.0
53139,1,4.0
53141,1,3.0
53147,5,3.8
53148,2,5.0
53149,1,3.0
53152,1,4.0
53156,1,4.0
53161,2,5.0
53162,1,5.0
53164,1,3.0
53166,1,2.0
53171,1,5.0
53176,1,5.0
53177,1,5.0
53181,7,3.7142857142857144
53182,2,3.5
53184,5,4.6
53188,3,5.0
53189,1,5.0
53193,2,4.5
53194,1,4.0
53197,1,4.0
53201,1,5.0
53202,2,5.0
53204,2,2.5
53207,1,3.0
53211,2,4.5
53213,1,5.0
53214,1,5.0
53215,1,5.0
53216,1,3.0
53220,3,4.333333333333333
53221,2,4.0
53226,1,4.0
53228,1,4.0
53230,1,2.0
53232,1,5.0
53234,1,5.0
53237,1,2.0
53238,2,3.5
53240,3,4.0
53243,1,3.0
53246,1,5.0
53248,3,4.333333333333333
53250,1,5.0
53251,1,3.0
53252,2,5.0
53257,4,4.0
53259,3,3.6666666666666665
53261,1,5.0
53262,1,4.0
53265,1,4.0
53266,1,5.0
53270,1,5.0
53271,1,5.0
53272,1,5.0
53280,1,5.0
53282,2,4.5
53283,3,3.6666666666666665
53286,1,4.0
53287,1,3.0
53288,1,3.0
53290,1,5.0
53298,1,4.0
53299,1,5.0
53300,1,3.0
53302,1,5.0
53303,2,3.5
53306,1,5.0
53308,1,5.0
53309,1,5.0
53310,3,4.333333333333333
53313,1,3.0
53314,1,5.0
53315,6,4.5
53317,2,3.0
53320,2,4.5
53322,1,2.0
53328,1,4.0
53332,1,5.0
53335,1,3.0
53337,2,5.0
53339,1,5.0
53348,1,5.0
53349,1,3.0
53351,2,4.5
53352,4,5.0
53355,1,5.0
53357,1,5.0
53358,1,1.0
53366,1,5.0
53368,1,2.0
53371,1,4.0
53373,1,5.0
53384,1,4.0
53385,3,4.666666666666667
53387,1,5.0
53389,1,5.0
53392,1,5.0
53395,1,4.0
53396,4,4.0
53398,1,4.0
53404,1,5.0
53405,1,5.0
53410,1,5.0
53411,1,4.0
53415,2,5.0
53420,1,4.0
53421,1,3.0
53423,1,5.0
53425,1,4.0
53426,2,5.0
53427,1,5.0
53428,1,2.0
53429,25,4.6
53431,3,4.0
53432,1,4.0
53436,1,5.0
53437,2,4.5
53441,1,5.0
53442,5,4.2
53443,1,5.0
53450,1,5.0
53459,2,4.0
53467,1,3.0
53469,2,3.5
53470,1,4.0
53473,2,3.0
53474,1,5.0
53477,2,5.0
53479,3,3.6666666666666665
53480,1,5.0
53483,1,5.0
53486,1,3.0
53487,1,3.0
53490,1,5.0
53496,1,5.0
53497,1,4.0
53498,1,5.0
53500,2,4.0
53501,1,4.0
53504,1,3.0
53509,2,4.0
53512,1,5.0
53516,2,3.5
53518,1,4.0
53521,3,3.0
53526,2,5.0
53527,1,5.0
53528,1,4.0
53532,2,4.5
53533,3,4.666666666666667
53534,1,5.0
53536,3,4.0
53538,1,4.0
53540,1,5.0
53543,2,4.0
53545,2,3.5
53550,3,4.0
53551,2,3.0
53552,1,1.0
53556,1,5.0
53561,1,4.0
53564,1,4.0
53571,1,2.0
53573,1,5.0
53574,1,5.0
53576,2,4.5
53578,1,5.0
53581,1,4.0
53583,1,5.0
53584,1,4.0
53585,1,5.0
53586,2,3.0
53591,2,5.0
53592,1,5.0
53594,1,5.0
53595,1,4.0
53599,1,4.0
53600,2,4.5
53604,3,4.0
53606,1,4.0
53607,1,5.0
53608,1,5.0
53610,1,4.0
53611,1,4.0
53623,1,4.0
53630,1,5.0
53633,2,4.0
53634,1,4.0
53636,2,4.5
53637,1,4.0
53638,1,4.0
53639,1,5.0
53642,2,5.0
53646,1,4.0
53653,1,4.0
53654,1,5.0
53656,1,4.0
53657,2,3.5
53658,3,4.0
53659,2,3.0
53660,1,4.0
53662,1,4.0
53664,2,4.0
53665,1,4.0
53667,1,4.0
53669,1,3.0
53670,1,5.0
53673,2,4.0
53676,4,5.0
53679,1,4.0
53683,1,4.0
53685,1,3.0
53687,2,4.0
53688,1,3.0
53689,2,3.5
53690,3,3.6666666666666665
53693,1,5.0
53694,3,3.6666666666666665
53699,1,4.0
53700,1,4.0
53706,1,4.0
53714,1,2.0
53715,2,5.0
53716,1,4.0
53717,2,2.0
53719,2,5.0
53720,1,4.0
53724,2,4.0
53729,1,5.0
53730,1,5.0
53734,1,5.0
53738,2,4.5
53740,1,5.0
53742,1,5.0
53743,1,5.0
53746,10,4.6
53747,1,5.0
53748,1,5.0
53750,1,5.0
53751,5,4.0
53752,1,5.0
53754,1,2.0
53755,1,4.0
53759,2,4.5
53762,1,2.0
53763,2,4.5
53764,1,3.0
53765,1,4.0
53771,1,4.0
53772,15,3.6
53773,1,4.0
53777,1,3.0
53778,1,5.0
53782,1,5.0
53785,1,5.0
53787,4,3.5
53791,3,5.0
53792,1,4.0
53795,1,5.0
53800,1,4.0
53801,1,5.0
53805,1,5.0
53808,1,5.0
53809,3,4.0
53813,2,5.0
53814,1,4.0
53815,1,5.0
53816,3,3.3333333333333335
53819,1,3.0
53820,1,3.0
53822,4,4.5
53827,1,5.0
53828,1,3.0
53829,2,4.5
53830,1,5.0
53831,8,3.625
53832,2,3.0
53833,3,4.666666666666667
53837,2,5.0
53839,2,5.0
53840,1,5.0
53841,1,5.0
53845,1,4.0
53849,1,4.0
53850,1,5.0
53851,1,5.0
53855,1,5.0
53856,1,5.0
53857,2,5.0
53858,1,4.0
53859,1,5.0
53860,3,3.6666666666666665
53863,1,4.0
53868,8,3.875
53871,1,2.0
53872,2,5.0
53875,1,5.0
53877,1,4.0
53887,2,4.5
53889,1,2.0
53890,3,4.666666666666667
53892,1,4.0
53894,1,2.0
53897,2,4.0
53900,4,4.0
53903,2,4.0
53904,1,4.0
53905,1,5.0
53908,1,5.0
53909,1,3.0
53910,1,4.0
53912,1,4.0
53919,1,5.0
53921,2,4.5
53922,2,5.0
53931,1,5.0
53932,1,5.0
53934,1,3.0
53936,1,5.0
53937,1,4.0
53938,1,5.0
53941,1,2.0
53942,1,5.0
53945,1,4.0
53948,2,4.5
53952,1,5.0
53953,1,3.0
53954,1,5.0
53956,1,5.0
53958,1,5.0
53964,1,4.0
53966,1,5.0
53968,2,3.5
53973,1,4.0
53975,1,3.0
53978,1,4.0
53981,1,4.0
53983,1,5.0
53990,1,3.0
53995,1,2.0
53996,1,5.0
53997,1,3.0
53999,1,4.0
54005,2,3.5
54006,1,4.0
54008,1,4.0
54009,1,2.0
54012,2,5.0
54013,1,3.0
54016,1,4.0
54018,1,5.0
54020,1,3.0
54024,2,4.5
54025,2,5.0
54027,2,4.0
54028,7,3.7142857142857144
54035,1,5.0
54036,1,4.0
54037,1,5.0
54038,5,3.6
54039,1,5.0
54040,1,5.0
54043,2,4.0
54044,1,3.0
54045,1,4.0
54048,5,4.0
54050,1,4.0
54051,1,4.0
54052,1,5.0
54053,1,5.0
54054,1,5.0
54055,1,2.0
54056,1,5.0
54060,2,4.5
54061,2,3.5
54062,1,5.0
54063,4,5.0
54065,1,2.0
54066,2,4.5
54071,1,4.0
54072,1,5.0
54073,1,4.0
54075,2,4.5
54078,2,5.0
54083,2,5.0
54090,1,5.0
54094,3,4.333333333333333
54095,1,5.0
54097,7,4.714285714285714
54098,1,4.0
54109,1,4.0
54110,4,4.75
54111,1,4.0
54112,2,4.0
54114,5,4.2
54118,2,3.0
54119,1,3.0
54125,2,2.0
54126,1,4.0
54128,1,4.0
54145,1,5.0
54146,1,3.0
54148,2,5.0
54150,1,5.0
54159,1,5.0
54162,1,5.0
54164,1,5.0
54165,3,4.666666666666667
54167,1,1.0
54169,1,4.0
54173,1,4.0
54176,2,4.0
54178,2,3.5
54184,1,3.0
54186,1,5.0
54188,5,5.0
54190,1,5.0
54193,2,3.0
54195,4,4.0
54197,1,4.0
54212,1,4.0
54215,1,3.0
54219,1,4.0
54220,1,4.0
54221,1,3.0
54222,1,5.0
54224,1,5.0
54227,1,4.0
54229,2,5.0
54234,1,5.0
54236,1,2.0
54237,1,5.0
54240,1,4.0
54241,2,4.5
54243,1,3.0
54244,2,5.0
54245,3,4.0
54246,1,5.0
54247,1,1.0
54250,2,4.5
54258,2,3.5
54261,1,1.0
54266,9,4.555555555555555
54270,1,4.0
54271,1,5.0
54273,1,4.0
54276,2,4.5
54278,1,5.0
54280,2,4.0
54282,2,5.0
54283,1,5.0
54284,1,2.0
54285,1,3.0
54287,1,5.0
54291,2,4.5
54292,1,4.0
54293,2,4.5
54294,1,3.0
54303,2,3.0
54306,2,4.0
54312,2,3.0
54313,1,4.0
54314,5,3.0
54316,1,5.0
54317,1,5.0
54325,1,5.0
54326,1,5.0
54327,3,3.0
54331,1,5.0
54332,1,5.0
54334,2,5.0
54335,1,4.0
54337,1,5.0
54340,2,4.0
54341,1,5.0
54345,1,4.0
54346,1,5.0
54347,1,3.0
54348,1,4.0
54349,1,4.0
54351,1,4.0
54352,4,4.5
54355,1,5.0
54356,1,5.0
54358,1,1.0
54360,1,5.0
54362,2,3.5
54364,1,5.0
54365,1,5.0
54368,1,4.0
54372,4,5.0
54373,1,4.0
54376,2,4.5
54377,2,5.0
54380,1,4.0
54386,1,4.0
54389,1,5.0
54390,1,5.0
54393,2,5.0
54394,1,5.0
54408,2,5.0
54409,2,4.5
54414,1,5.0
54417,1,2.0
54418,2,5.0
54420,1,4.0
54424,5,3.4
54428,2,5.0
54434,1,4.0
54435,2,4.5
54438,2,2.0
54439,1,4.0
54441,8,4.0
54442,2,3.0
54443,2,4.5
54446,1,2.0
54447,2,4.5
54449,1,5.0
54455,1,4.0
54456,2,5.0
54459,1,2.0
54460,1,3.0
54465,3,4.666666666666667
54468,2,4.0
54469,1,3.0
54477,1,4.0
54478,1,4.0
54479,1,5.0
54487,1,5.0
54491,1,5.0
54492,1,3.0
54493,1,3.0
54497,3,5.0
54498,1,3.0
54501,2,4.0
54502,1,5.0
54507,1,3.0
54509,4,4.5
54511,2,4.5
54512,1,4.0
54513,1,5.0
54514,1,2.0
54517,1,5.0
54520,1,3.0
54522,4,4.25
54523,1,4.0
54524,1,3.0
54525,1,5.0
54527,3,3.6666666666666665
54530,1,5.0
54536,1,4.0
54538,1,5.0
54539,1,5.0
54542,1,5.0
54544,1,4.0
54547,1,4.0
54548,1,4.0
54549,1,3.0
54550,7,3.857142857142857
54552,1,4.0
54554,1,5.0
54555,1,4.0
54556,1,4.0
54558,3,2.3333333333333335
54564,1,5.0
54565,1,5.0
54566,4,4.5
54567,1,5.0
54570,1,5.0
54573,2,5.0
54574,2,3.0
54578,1,2.0
54579,2,4.0
54581,1,4.0
54583,1,3.0
54587,4,4.5
54591,4,3.5
54593,1,3.0
54596,1,5.0
54598,1,5.0
54600,1,4.0
54603,1,4.0
54605,1,3.0
54607,1,5.0
54609,1,3.0
54612,1,4.0
54613,1,4.0
54618,1,1.0
54624,1,5.0
54627,2,3.5
54633,2,4.5
54634,1,5.0
54635,2,4.0
54636,1,5.0
54641,1,5.0
54644,2,4.0
54645,2,5.0
54651,1,5.0
54652,1,4.0
54653,1,1.0
54661,2,3.0
54662,2,5.0
54664,2,4.5
54667,1,4.0
54668,2,4.5
54669,1,5.0
54679,1,4.0
54680,1,5.0
54683,2,5.0
54689,1,2.0
54693,1,5.0
54696,2,4.5
54698,3,3.6666666666666665
54701,1,4.0
54703,3,5.0
54704,2,3.5
54709,3,4.666666666666667
54716,1,5.0
54718,1,3.0
54719,2,5.0
54720,1,5.0
54723,2,5.0
54725,1,5.0
54726,1,5.0
54728,1,2.0
54731,1,5.0
54732,1,5.0
54733,1,5.0
54735,1,5.0
54740,1,5.0
54743,1,5.0
54744,1,3.0
54746,1,5.0
54751,1,4.0
54754,1,4.0
54755,1,4.0
54758,1,4.0
54761,1,2.0
54762,7,3.7142857142857144
54763,1,5.0
54764,1,4.0
54767,3,3.6666666666666665
54770,1,5.0
54771,1,5.0
54774,1,5.0
54775,2,3.5
54776,1,3.0
54777,1,5.0
54779,1,5.0
54780,1,4.0
54781,5,4.6
54782,1,5.0
54793,1,4.0
54794,1,3.0
54796,1,5.0
54797,1,5.0
54799,8,4.125
54801,4,4.25
54802,1,5.0
54803,1,5.0
54804,1,5.0
54806,2,4.0
54809,3,4.666666666666667
54810,1,4.0
54811,1,2.0
54812,1,5.0
54813,1,5.0
54815,1,5.0
54816,11,3.0
54819,2,5.0
54820,1,5.0
54822,1,5.0
54825,1,3.0
54831,10,4.7
54832,2,5.0
54833,2,5.0
54834,1,4.0
54836,1,5.0
54837,2,5.0
54839,6,4.0
54840,2,3.0
54842,1,1.0
54843,1,5.0
54845,2,4.0
54849,1,4.0
54850,2,4.5
54851,1,5.0
54854,1,4.0
54856,1,5.0
54857,1,4.0
54858,5,4.4
54859,1,4.0
54860,1,5.0
54861,2,4.5
54862,1,5.0
54865,14,3.7142857142857144
54866,1,2.0
54867,1,5.0
54870,2,5.0
54872,1,5.0
54875,10,3.9
54876,1,5.0
54877,2,2.0
54881,1,4.0
54883,1,3.0
54884,1,4.0
54885,13,3.8461538461538463
54887,1,4.0
54888,1,5.0
54894,8,3.375
54895,2,2.0
54898,1,5.0
54901,1,5.0
54903,1,4.0
54904,1,5.0
54907,1,5.0
54908,1,5.0
54915,1,4.0
54916,1,3.0
54923,2,4.0
54924,2,4.5
54925,1,5.0
54929,3,4.333333333333333
54930,1,5.0
54933,1,4.0
54935,2,5.0
54937,1,5.0
54942,1,3.0
54943,1,4.0
54944,2,5.0
54951,2,5.0
54952,1,4.0
54954,2,4.0
54956,1,4.0
54957,2,4.0
54961,1,5.0
54962,3,3.6666666666666665
54964,1,4.0
54975,1,3.0
54978,2,5.0
54979,1,5.0
54983,2,4.5
54986,2,4.5
54987,1,4.0
54988,3,4.333333333333333
54989,3,4.333333333333333
54990,1,5.0
54992,1,3.0
54993,1,3.0
54994,3,5.0
54999,1,4.0
55003,2,5.0
55008,1,5.0
55010,1,5.0
55012,3,4.666666666666667
55014,1,5.0
55018,2,4.0
55020,1,5.0
55025,1,5.0
55031,1,4.0
55033,2,5.0
55034,1,5.0
55036,1,1.0
55042,1,5.0
55043,2,3.5
55047,1,4.0
55048,2,5.0
55049,1,5.0
55052,1,4.0
55057,2,4.0
55060,1,4.0
55063,1,4.0
55067,1,4.0
55069,2,4.0
55070,4,4.0
55072,1,4.0
55076,6,3.8333333333333335
55092,1,4.0
55094,2,4.5
55096,3,4.666666666666667
55098,1,3.0
55099,1,4.0
55102,1,4.0
55105,3,4.0
55107,1,3.0
55110,1,1.0
55111,5,4.0
55112,2,2.5
55113,1,2.0
55114,3,5.0
55117,2,3.5
55118,4,4.0
55119,1,5.0
55120,1,5.0
55124,1,5.0
55126,1,5.0
55127,1,5.0
55130,2,4.0
55131,3,4.333333333333333
55132,1,5.0
55135,2,4.0
55147,2,4.5
55152,1,5.0
55158,2,3.0
55161,1,3.0
55163,1,4.0
55166,1,4.0
55174,2,4.0
55175,1,3.0
55180,1,3.0
55181,1,5.0
55185,1,5.0
55186,1,5.0
55187,2,4.0
55188,1,4.0
55195,1,4.0
55199,1,5.0
55200,1,4.0
55201,1,5.0
55202,1,3.0
55203,1,5.0
55204,1,4.0
55205,2,4.0
55206,1,5.0
55208,1,3.0
55212,3,4.0
55213,1,4.0
55214,1,5.0
55221,2,3.0
55225,1,5.0
55226,1,4.0
55227,1,1.0
55229,1,4.0
55231,2,4.5
55235,1,5.0
55237,1,4.0
55240,1,4.0
55243,2,4.0
55244,2,4.5
55245,1,4.0
55246,1,4.0
55247,1,3.0
55260,2,3.0
55262,1,5.0
55265,1,4.0
55270,1,4.0
55271,1,4.0
55274,3,3.6666666666666665
55275,1,5.0
55277,1,5.0
55278,1,4.0
55280,1,5.0
55284,1,5.0
55287,2,4.5
55292,2,4.0
55293,1,5.0
55294,1,5.0
55297,4,4.0
55299,1,5.0
55309,1,4.0
55312,1,5.0
55313,6,1.8333333333333333
55319,1,5.0
55320,3,4.0
55325,1,3.0
55326,1,4.0
55328,2,4.5
55329,1,4.0
55330,2,5.0
55342,1,5.0
55345,1,5.0
55347,1,4.0
55348,2,5.0
55351,1,5.0
55353,1,4.0
55354,2,5.0
55357,1,1.0
55360,1,4.0
55362,8,3.75
55364,1,5.0
55366,1,3.0
55367,2,4.0
55368,1,4.0
55369,2,4.5
55375,1,5.0
55379,2,5.0
55381,1,2.0
55382,1,5.0
55386,1,5.0
55387,2,4.5
55392,1,5.0
55396,3,4.333333333333333
55401,1,3.0
55405,2,3.5
55406,1,5.0
55407,1,5.0
55408,2,4.0
55411,1,5.0
55412,1,4.0
55414,2,3.5
55418,1,4.0
55420,1,5.0
55422,1,4.0
55425,4,4.5
55429,3,4.666666666666667
55430,1,5.0
55431,1,5.0
55433,1,5.0
55434,3,4.0
55440,1,5.0
55442,4,4.75
55445,1,4.0
55446,3,3.3333333333333335
55455,1,4.0
55456,1,1.0
55463,1,5.0
55466,1,5.0
55467,1,5.0
55469,2,4.0
55470,5,3.8
55472,5,4.0
55474,1,5.0
55477,1,2.0
55478,1,5.0
55480,1,3.0
55481,1,4.0
55482,1,4.0
55483,6,4.333333333333333
55486,6,4.0
55490,1,5.0
55492,2,3.5
55496,1,3.0
55498,2,4.5
55500,3,4.0
55504,2,5.0
55506,1,5.0
55507,1,3.0
55509,1,4.0
55510,1,5.0
55512,3,4.0
55522,3,5.0
55523,1,4.0
55525,1,3.0
55527,1,4.0
55530,2,4.0
55531,2,4.0
55535,1,5.0
55536,1,3.0
55537,1,5.0
55539,2,4.5
55542,1,5.0
55544,1,5.0
55547,1,5.0
55551,1,3.0
55554,1,5.0
55557,1,5.0
55561,2,4.0
55562,1,4.0
55563,1,5.0
55566,1,4.0
55571,4,3.5
55572,1,5.0
55573,2,5.0
55575,2,4.0
55578,3,4.666666666666667
55585,1,5.0
55586,2,4.0
55587,1,5.0
55591,1,3.0
55593,1,4.0
55594,2,4.5
55595,1,5.0
55596,1,4.0
55598,2,4.0
55603,1,4.0
55609,1,2.0
55615,2,4.0
55617,1,4.0
55618,1,4.0
55623,2,5.0
55624,1,4.0
55625,1,5.0
55626,1,1.0
55636,1,3.0
55638,1,4.0
55640,2,4.0
55644,2,3.0
55651,1,4.0
55658,1,5.0
55663,2,4.5
55665,1,4.0
55669,1,5.0
55673,1,4.0
55685,2,3.0
55691,1,4.0
55692,1,5.0
55693,1,3.0
55696,1,4.0
55700,1,4.0
55701,1,4.0
55702,3,4.0
55705,2,4.0
55706,1,5.0
55708,1,3.0
55710,1,5.0
55711,4,4.25
55712,2,4.0
55715,3,3.6666666666666665
55716,2,4.5
55720,3,3.0
55722,1,5.0
55724,1,5.0
55727,1,5.0
55729,2,4.5
55731,1,3.0
55733,1,4.0
55734,2,4.0
55736,1,5.0
55739,1,4.0
55741,1,5.0
55744,1,4.0
55749,2,3.0
55750,1,3.0
55751,1,5.0
55757,1,5.0
55762,2,4.0
55766,2,4.0
55768,1,5.0
55770,1,5.0
55774,1,4.0
55780,1,4.0
55785,1,5.0
55786,2,4.5
55790,1,5.0
55792,1,3.0
55797,1,5.0
55800,1,5.0
55802,2,4.0
55803,1,5.0
55809,1,3.0
55810,1,3.0
55812,1,5.0
55813,2,2.0
55815,1,5.0
55816,1,5.0
55818,1,4.0
55820,1,4.0
55821,1,5.0
55823,1,4.0
55824,1,5.0
55829,1,5.0
55832,1,2.0
55834,1,5.0
55838,1,5.0
55841,1,3.0
55850,1,3.0
55851,1,5.0
55852,1,4.0
55854,1,2.0
55855,3,3.6666666666666665
55860,1,4.0
55864,1,4.0
55867,1,5.0
55868,1,4.0
55870,2,3.5
55871,1,5.0
55874,1,5.0
55877,2,5.0
55880,1,3.0
55881,1,3.0
55883,1,5.0
55885,1,5.0
55887,1,4.0
55888,1,3.0
55891,1,3.0
55892,1,5.0
55893,3,4.333333333333333
55895,1,5.0
55897,1,4.0
55899,1,5.0
55902,1,4.0
55903,5,4.0
55910,1,4.0
55912,1,5.0
55913,1,1.0
55918,1,4.0
55920,1,2.0
55921,1,5.0
55923,1,5.0
55926,1,4.0
55928,1,3.0
55933,1,5.0
55934,2,3.0
55936,1,4.0
55939,1,5.0
55942,1,5.0
55949,1,5.0
55955,1,5.0
55956,1,4.0
55957,1,4.0
55958,2,4.5
55959,2,4.5
55960,1,5.0
55961,2,3.0
55962,1,1.0
55963,3,3.6666666666666665
55964,1,5.0
55965,1,5.0
55966,2,5.0
55970,3,3.3333333333333335
55971,1,5.0
55973,1,5.0
55977,1,4.0
55979,1,3.0
55985,2,4.0
55989,1,5.0
55990,3,4.0
55992,1,4.0
55994,2,4.0
55995,1,5.0
56000,1,4.0
56001,1,5.0
56002,1,4.0
56004,1,4.0
56005,1,5.0
56006,2,5.0
56007,1,5.0
56010,1,4.0
56011,1,4.0
56012,1,5.0
56018,8,3.0
56019,1,4.0
56023,1,5.0
56024,1,4.0
56026,2,3.0
56031,1,5.0
56032,2,4.5
56035,1,5.0
56039,7,4.0
56045,2,4.0
56046,1,5.0
56049,7,4.714285714285714
56052,2,5.0
56053,5,3.6
56055,1,5.0
56057,4,4.5
56059,1,5.0
56061,1,4.0
56064,3,5.0
56066,1,5.0
56070,1,4.0
56072,2,4.0
56074,1,5.0
56076,1,5.0
56078,1,4.0
56079,1,5.0
56080,1,2.0
56082,1,2.0
56085,1,4.0
56089,3,4.0
56091,1,5.0
56092,1,5.0
56093,1,5.0
56094,1,4.0
56097,1,3.0
56099,2,5.0
56100,1,5.0
56102,1,5.0
56105,2,5.0
56106,3,3.0
56107,3,4.0
56109,1,4.0
56110,1,5.0
56111,3,4.0
56115,1,5.0
56119,2,5.0
56131,1,5.0
56134,1,3.0
56135,1,5.0
56142,1,5.0
56143,1,4.0
56144,1,4.0
56145,1,5.0
56152,1,4.0
56154,1,5.0
56157,1,5.0
56158,1,4.0
56159,3,5.0
56160,1,3.0
56161,1,4.0
56163,3,4.666666666666667
56169,1,4.0
56172,1,5.0
56173,2,2.5
56174,1,3.0
56179,1,5.0
56182,1,5.0
56185,2,4.0
56191,1,5.0
56194,1,5.0
56202,2,5.0
56203,2,4.5
56211,2,4.0
56215,1,3.0
56216,1,4.0
56220,1,5.0
56224,1,4.0
56226,2,5.0
56228,1,4.0
56233,1,5.0
56234,1,1.0
56235,1,5.0
56236,1,4.0
56240,1,4.0
56244,2,4.0
56245,1,3.0
56247,1,5.0
56248,2,5.0
56249,1,4.0
56251,1,4.0
56257,1,4.0
56260,4,2.75
56261,1,5.0
56262,1,3.0
56263,2,4.0
56264,1,5.0
56265,1,4.0
56266,1,4.0
56268,1,2.0
56272,1,5.0
56273,1,5.0
56274,4,3.75
56275,1,1.0
56279,1,1.0
56281,1,5.0
56286,1,3.0
56290,1,5.0
56294,1,5.0
56296,1,5.0
56298,7,4.285714285714286
56300,1,5.0
56301,1,4.0
56302,2,4.0
56304,1,4.0
56306,2,5.0
56308,5,4.4
56311,3,4.666666666666667
56315,2,3.0
56331,2,3.5
56332,1,5.0
56337,2,4.0
56338,3,4.666666666666667
56339,1,5.0
56341,1,5.0
56346,1,3.0
56347,1,4.0
56350,1,4.0
56351,1,5.0
56352,1,4.0
56353,1,5.0
56355,1,4.0
56358,5,4.6
56360,1,3.0
56361,1,4.0
56365,1,5.0
56368,1,5.0
56369,4,4.5
56370,1,4.0
56371,1,5.0
56375,2,4.5
56377,1,5.0
56379,1,4.0
56380,1,4.0
56385,3,4.666666666666667
56386,1,4.0
56392,1,5.0
56393,2,3.0
56398,1,4.0
56401,3,5.0
56404,1,4.0
56405,1,4.0
56411,1,5.0
56412,1,4.0
56415,1,5.0
56416,2,3.5
56420,1,5.0
56423,1,5.0
56424,1,5.0
56425,1,3.0
56426,1,5.0
56429,1,1.0
56430,1,4.0
56433,1,5.0
56435,1,4.0
56437,2,2.0
56439,1,5.0
56440,2,4.5
56441,1,5.0
56449,2,5.0
56454,5,2.6
56455,1,5.0
56460,1,5.0
56463,2,4.5
56466,1,4.0
56467,1,5.0
56476,2,5.0
56477,1,3.0
56482,1,4.0
56483,1,5.0
56488,1,5.0
56492,1,4.0
56497,1,5.0
56500,2,5.0
56512,1,4.0
56515,1,4.0
56516,6,3.3333333333333335
56518,1,4.0
56522,3,4.333333333333333
56525,2,4.0
56529,2,4.0
56530,1,4.0
56533,1,5.0
56536,4,3.5
56539,1,3.0
56541,1,5.0
56543,1,4.0
56545,2,4.5
56546,1,4.0
56551,1,5.0
56557,1,5.0
56560,1,3.0
56561,2,3.5
56563,4,2.75
56564,2,5.0
56570,1,5.0
56572,2,4.0
56573,1,5.0
56579,1,5.0
56580,1,4.0
56582,1,4.0
56590,1,5.0
56591,1,4.0
56592,1,5.0
56593,3,4.0
56598,2,4.0
56600,1,4.0
56603,1,3.0
56605,1,3.0
56606,1,4.0
56608,1,5.0
56610,1,4.0
56612,1,4.0
56614,1,5.0
56616,1,4.0
56618,3,5.0
56619,2,5.0
56622,3,3.6666666666666665
56625,1,3.0
56629,1,5.0
56632,1,4.0
56633,1,5.0
56635,1,4.0
56636,2,4.0
56637,1,4.0
56638,2,5.0
56643,1,5.0
56644,1,4.0
56645,3,3.6666666666666665
56646,1,4.0
56650,2,4.5
56655,4,3.75
56662,1,4.0
56664,1,5.0
56666,1,2.0
56673,1,5.0
56680,3,4.0
56681,1,5.0
56682,1,4.0
56683,1,4.0
56684,4,4.75
56686,1,5.0
56688,1,4.0
56690,1,1.0
56691,1,4.0
56693,3,4.333333333333333
56698,1,5.0
56699,1,3.0
56700,1,4.0
56702,1,5.0
56710,1,5.0
56711,1,4.0
56712,1,5.0
56713,2,4.0
56714,1,5.0
56719,1,5.0
56720,1,5.0
56721,1,3.0
56722,2,3.0
56725,1,4.0
56726,1,5.0
56728,1,4.0
56730,1,5.0
56735,1,5.0
56740,1,5.0
56741,1,4.0
56742,1,5.0
56744,1,5.0
56750,1,4.0
56751,1,5.0
56752,3,5.0
56755,1,2.0
56759,1,4.0
56763,2,5.0
56764,1,5.0
56765,1,5.0
56768,1,5.0
56771,2,4.0
56772,1,5.0
56775,1,5.0
56777,2,5.0
56778,1,4.0
56781,1,4.0
56783,1,4.0
56785,1,5.0
56787,2,5.0
56789,1,5.0
56791,1,5.0
56794,1,5.0
56796,1,5.0
56797,1,5.0
56798,1,4.0
56804,1,5.0
56808,1,3.0
56809,1,5.0
56810,1,5.0
56812,3,3.6666666666666665
56815,1,5.0
56816,2,3.5
56818,1,5.0
56820,1,3.0
56821,1,5.0
56823,1,4.0
56824,2,5.0
56826,1,5.0
56828,1,4.0
56830,1,5.0
56833,1,2.0
56841,2,1.0
56842,1,4.0
56843,1,4.0
56845,1,4.0
56848,1,5.0
56849,1,4.0
56853,2,4.0
56854,1,5.0
56857,3,4.666666666666667
56862,1,3.0
56866,5,2.8
56867,3,4.333333333333333
56870,1,4.0
56871,2,4.0
56875,1,4.0
56876,1,4.0
56877,1,5.0
56879,1,4.0
56882,1,5.0
56886,1,3.0
56892,1,5.0
56894,11,4.090909090909091
56898,1,5.0
56899,2,5.0
56900,2,2.0
56901,3,4.333333333333333
56902,1,3.0
56904,1,5.0
56905,1,5.0
56910,1,4.0
56911,2,4.5
56915,3,3.6666666666666665
56916,1,4.0
56917,1,5.0
56920,9,3.6666666666666665
56924,1,4.0
56925,1,4.0
56926,1,5.0
56929,2,3.0
56931,1,5.0
56932,1,5.0
56936,1,5.0
56937,1,3.0
56938,13,3.8461538461538463
56939,1,1.0
56942,1,5.0
56945,1,5.0
56946,1,3.0
56948,3,3.3333333333333335
56949,1,4.0
56950,1,3.0
56951,1,4.0
56957,1,5.0
56959,1,1.0
56960,2,4.5
56964,1,5.0
56968,2,5.0
56972,3,4.666666666666667
56974,2,4.0
56975,2,4.5
56977,1,3.0
56983,2,4.0
56986,1,2.0
56993,1,5.0
56999,1,5.0
57000,1,4.0
57001,2,3.0
57002,1,5.0
57003,1,5.0
57004,1,5.0
57005,1,4.0
57006,1,5.0
57008,1,5.0
57009,1,5.0
57010,1,5.0
57012,1,5.0
57016,12,4.083333333333333
57017,1,4.0
57021,1,3.0
57024,1,5.0
57028,6,3.0
57030,3,5.0
57031,5,4.0
57037,1,4.0
57042,1,2.0
57045,2,4.0
57049,4,4.5
57051,1,4.0
57052,7,4.714285714285714
57053,1,5.0
57064,1,2.0
57070,1,4.0
57071,1,5.0
57072,1,5.0
57075,1,5.0
57078,1,5.0
57079,1,4.0
57082,1,5.0
57085,1,3.0
57086,1,4.0
57088,1,3.0
57089,1,4.0
57102,1,4.0
57105,1,4.0
57106,1,5.0
57107,1,5.0
57108,1,5.0
57111,1,5.0
57121,1,5.0
57123,1,5.0
57127,3,4.0
57130,3,4.333333333333333
57131,2,4.0
57139,2,5.0
57140,1,4.0
57150,1,5.0
57153,1,3.0
57158,1,5.0
57159,1,5.0
57162,2,3.5
57165,1,3.0
57167,1,5.0
57171,1,2.0
57179,1,5.0
57182,1,4.0
57185,1,2.0
57188,1,5.0
57191,2,4.5
57194,1,5.0
57196,2,5.0
57197,2,5.0
57200,1,4.0
57203,1,4.0
57207,1,4.0
57209,1,4.0
57211,3,3.3333333333333335
57214,2,3.0
57218,2,3.5
57220,2,2.5
57229,1,4.0
57230,1,5.0
57233,1,4.0
57235,3,2.6666666666666665
57236,3,4.0
57238,1,5.0
57241,5,4.4
57242,1,5.0
57244,1,4.0
57245,2,3.5
57247,1,3.0
57257,3,4.0
57258,3,4.666666666666667
57259,1,4.0
57268,1,5.0
57269,2,3.5
57270,1,3.0
57272,1,5.0
57273,1,4.0
57274,1,5.0
57275,1,4.0
57276,1,4.0
57277,3,3.6666666666666665
57278,1,5.0
57282,6,2.5
57285,4,4.5
57289,1,4.0
57290,11,4.818181818181818
57292,6,4.5
57294,1,5.0
57296,1,5.0
57297,2,4.5
57298,2,4.5
57299,1,4.0
57300,1,3.0
57303,1,4.0
57304,2,5.0
57307,2,2.0
57309,2,5.0
57310,2,5.0
57316,1,5.0
57317,6,5.0
57318,1,4.0
57320,1,5.0
57321,1,3.0
57327,1,4.0
57329,1,4.0
57330,1,4.0
57333,1,3.0
57334,1,3.0
57337,2,5.0
57339,1,5.0
57340,1,5.0
57343,2,4.5
57346,1,5.0
57347,1,5.0
57349,2,5.0
57355,1,5.0
57356,1,1.0
57358,2,4.0
57360,2,4.0
57361,2,4.5
57363,1,4.0
57365,1,4.0
57366,2,4.0
57368,1,4.0
57370,2,4.0
57371,3,4.333333333333333
57374,1,4.0
57378,2,4.5
57380,1,5.0
57383,12,4.25
57384,1,4.0
57385,1,4.0
57394,1,4.0
57396,2,3.5
57397,1,2.0
57398,1,5.0
57400,1,3.0
57402,1,5.0
57406,1,3.0
57407,1,2.0
57408,2,4.0
57409,1,5.0
57415,2,5.0
57418,1,5.0
57419,1,4.0
57423,1,5.0
57424,1,3.0
57425,2,4.0
57426,1,4.0
57428,2,4.0
57429,2,5.0
57431,2,3.0
57432,2,3.5
57438,1,4.0
57439,2,5.0
57441,2,3.5
57442,1,5.0
57444,1,3.0
57446,1,5.0
57448,1,4.0
57450,3,3.3333333333333335
57456,1,4.0
57457,1,3.0
57458,1,5.0
57460,1,4.0
57461,2,5.0
57462,3,4.0
57463,1,5.0
57464,5,5.0
57467,1,3.0
57469,1,4.0
57471,1,5.0
57478,1,4.0
57479,1,5.0
57483,2,5.0
57484,2,4.5
57488,2,5.0
57489,1,5.0
57492,1,5.0
57493,2,5.0
57498,1,5.0
57502,2,5.0
57503,3,3.6666666666666665
57511,1,5.0
57513,1,5.0
57515,1,4.0
57521,1,4.0
57522,3,4.666666666666667
57525,3,5.0
57530,1,3.0
57536,1,4.0
57537,1,4.0
57538,1,5.0
57540,1,2.0
57542,2,4.0
57543,2,4.5
57548,3,3.3333333333333335
57549,2,4.0
57551,1,3.0
57556,5,4.2
57557,1,4.0
57561,1,5.0
57563,1,4.0
57564,1,5.0
57567,1,4.0
57571,2,4.5
57573,4,3.25
57578,1,3.0
57579,1,5.0
57581,2,4.0
57585,1,5.0
57586,1,5.0
57589,2,3.5
57590,1,5.0
57592,1,3.0
57593,4,3.75
57594,1,5.0
57600,1,3.0
57603,1,1.0
57607,2,3.0
57609,2,5.0
57614,1,5.0
57615,1,4.0
57616,1,3.0
57617,1,3.0
57618,1,5.0
57619,4,4.25
57628,1,4.0
57631,1,5.0
57633,4,4.25
57635,1,5.0
57640,1,5.0
57645,1,5.0
57648,1,5.0
57649,3,3.6666666666666665
57650,1,5.0
57660,1,5.0
57662,1,5.0
57666,1,4.0
57672,1,4.0
57675,1,4.0
57685,1,5.0
57687,1,3.0
57688,2,5.0
57689,1,5.0
57690,2,5.0
57691,1,5.0
57694,1,5.0
57697,1,3.0
57698,1,3.0
57700,1,5.0
57701,1,4.0
57709,1,5.0
57710,1,5.0
57715,2,3.5
57716,2,3.0
57718,1,5.0
57721,1,4.0
57723,1,5.0
57727,1,2.0
57728,2,3.5
57729,1,4.0
57733,3,3.3333333333333335
57734,2,4.0
57739,3,4.333333333333333
57741,1,4.0
57745,4,4.25
57751,1,3.0
57752,1,4.0
57756,1,5.0
57757,6,4.666666666666667
57758,1,5.0
57760,1,5.0
57761,4,4.75
57764,1,4.0
57767,1,4.0
57769,3,3.6666666666666665
57770,3,4.666666666666667
57775,1,3.0
57777,1,3.0
57779,1,4.0
57781,1,5.0
57782,1,5.0
57788,2,4.0
57789,1,4.0
57791,1,5.0
57792,2,5.0
57793,3,3.6666666666666665
57795,1,4.0
57796,1,4.0
57801,1,4.0
57807,3,5.0
57808,1,5.0
57811,2,5.0
57812,1,4.0
57814,3,4.333333333333333
57815,1,5.0
57816,1,4.0
57826,2,4.0
57827,1,1.0
57828,1,3.0
57831,1,5.0
57832,1,5.0
57834,1,5.0
57835,1,5.0
57837,1,5.0
57840,1,5.0
57841,1,5.0
57842,2,4.5
57843,1,5.0
57845,2,5.0
57846,1,5.0
57847,2,5.0
57848,4,4.75
57850,1,5.0
57851,1,4.0
57852,1,5.0
57856,1,5.0
57857,2,4.0
57863,4,4.25
57865,2,5.0
57870,7,4.571428571428571
57871,1,2.0
57876,2,2.0
57879,2,5.0
57881,1,4.0
57882,1,5.0
57884,1,5.0
57885,1,5.0
57888,1,5.0
57889,1,5.0
57891,1,5.0
57892,1,4.0
57893,1,4.0
57895,1,4.0
57896,2,4.0
57897,1,4.0
57898,2,4.5
57899,1,4.0
57903,1,3.0
57907,1,5.0
57910,1,4.0
57913,1,4.0
57915,1,5.0
57917,1,5.0
57918,4,2.0
57922,1,5.0
57923,1,5.0
57924,3,3.0
57927,1,3.0
57928,2,5.0
57929,2,4.5
57930,2,3.5
57936,1,5.0
57937,1,4.0
57938,1,5.0
57949,3,5.0
57950,1,4.0
57952,2,5.0
57954,1,5.0
57960,2,5.0
57963,2,5.0
57965,1,4.0
57971,1,5.0
57972,2,5.0
57981,1,3.0
57983,1,1.0
57984,1,4.0
57985,3,5.0
57986,1,5.0
57988,1,5.0
57990,1,3.0
57991,1,4.0
57992,1,5.0
57996,1,4.0
58001,1,4.0
58003,1,5.0
58004,3,3.0
58005,2,4.0
58009,1,5.0
58011,2,4.0
58012,1,3.0
58013,3,3.3333333333333335
58015,1,4.0
58017,1,5.0
58021,1,3.0
58023,1,5.0
58024,1,5.0
58025,1,4.0
58028,1,5.0
58031,1,5.0
58033,1,5.0
58037,1,5.0
58040,1,2.0
58044,2,4.0
58045,1,5.0
58046,2,4.5
58047,1,5.0
58048,1,1.0
58051,1,3.0
58057,1,5.0
58060,1,5.0
58063,1,4.0
58065,1,5.0
58067,1,5.0
58069,1,4.0
58074,4,3.0
58075,1,5.0
58079,1,3.0
58082,2,3.5
58087,1,2.0
58088,1,4.0
58095,1,5.0
58096,1,4.0
58097,2,4.5
58098,1,1.0
58099,1,3.0
58100,2,4.5
58101,1,5.0
58102,6,3.6666666666666665
58104,1,4.0
58105,1,5.0
58106,1,5.0
58107,1,5.0
58110,1,3.0
58111,2,5.0
58113,1,4.0
58114,1,1.0
58115,1,5.0
58116,1,1.0
58117,1,5.0
58118,1,4.0
58119,1,5.0
58121,1,5.0
58123,2,3.0
58126,2,5.0
58129,1,5.0
58136,1,5.0
58139,1,5.0
58140,1,5.0
58141,3,5.0
58142,5,4.0
58149,1,5.0
58150,2,3.0
58155,1,3.0
58156,1,4.0
58159,1,5.0
58163,1,3.0
58164,1,5.0
58165,1,5.0
58166,1,5.0
58169,1,5.0
58172,1,5.0
58174,1,5.0
58176,1,5.0
58177,3,4.0
58178,2,3.0
58179,1,5.0
58181,1,4.0
58182,1,5.0
58186,1,5.0
58187,1,4.0
58192,1,4.0
58194,1,5.0
58195,2,5.0
58197,2,3.0
58198,1,5.0
58207,1,5.0
58208,2,4.5
58217,1,5.0
58221,1,5.0
58222,1,3.0
58223,1,4.0
58224,2,4.5
58225,1,5.0
58227,1,4.0
58230,1,5.0
58233,2,3.0
58235,1,5.0
58236,1,5.0
58237,2,4.5
58238,1,3.0
58239,1,1.0
58243,1,5.0
58244,1,5.0
58245,1,3.0
58254,1,5.0
58256,2,3.5
58259,3,4.333333333333333
58260,3,4.333333333333333
58262,1,1.0
58264,1,5.0
58269,2,4.5
58272,1,4.0
58273,1,5.0
58277,6,5.0
58278,1,5.0
58281,1,2.0
58282,2,4.0
58285,2,5.0
58289,1,5.0
58290,2,4.5
58291,2,4.5
58294,2,4.5
58302,2,5.0
58304,1,4.0
58309,2,4.0
58317,1,5.0
58318,1,4.0
58320,6,4.666666666666667
58322,2,4.5
58328,1,5.0
58329,1,5.0
58332,3,3.6666666666666665
58333,1,5.0
58334,1,5.0
58342,2,4.0
58346,1,3.0
58348,1,5.0
58349,2,4.5
58350,2,5.0
58351,1,4.0
58352,5,3.8
58354,1,5.0
58361,1,5.0
58366,1,4.0
58368,1,3.0
58369,2,4.0
58373,1,5.0
58374,9,4.888888888888889
58377,1,5.0
58378,3,2.6666666666666665
58379,1,3.0
58386,1,5.0
58389,1,2.0
58394,5,3.4
58395,1,5.0
58396,2,5.0
58397,2,5.0
58398,1,5.0
58404,1,1.0
58405,1,1.0
58408,1,5.0
58411,1,4.0
58414,1,5.0
58417,1,5.0
58419,1,5.0
58426,1,5.0
58427,1,3.0
58429,1,4.0
58431,1,4.0
58434,3,4.333333333333333
58437,1,2.0
58439,1,3.0
58441,1,5.0
58442,1,4.0
58443,1,4.0
58445,1,4.0
58446,2,3.0
58448,2,4.0
58452,3,3.3333333333333335
58454,1,4.0
58459,1,4.0
58461,2,4.0
58462,1,5.0
58466,1,2.0
58467,1,5.0
58468,1,5.0
58470,1,5.0
58475,1,5.0
58477,1,5.0
58482,2,4.5
58484,1,1.0
58488,1,5.0
58490,2,3.5
58492,1,3.0
58493,1,4.0
58494,1,4.0
58495,1,4.0
58498,2,4.5
58500,1,5.0
58505,1,5.0
58508,3,4.666666666666667
58509,1,5.0
58510,2,4.5
58512,1,5.0
58516,1,5.0
58523,1,5.0
58525,2,4.0
58526,2,5.0
58527,3,4.333333333333333
58529,2,3.5
58531,3,3.3333333333333335
58532,1,5.0
58538,1,4.0
58543,1,4.0
58545,2,3.5
58547,1,1.0
58549,1,3.0
58550,1,4.0
58551,5,4.0
58552,5,4.2
58553,3,3.0
58555,2,4.5
58565,1,3.0
58566,2,5.0
58569,1,5.0
58572,1,5.0
58575,1,5.0
58578,1,1.0
58580,1,3.0
58583,3,3.6666666666666665
58584,2,4.0
58585,2,3.5
58587,1,5.0
58588,1,5.0
58591,2,5.0
58593,1,3.0
58596,2,3.5
58597,2,4.5
58601,1,4.0
58607,1,3.0
58610,2,4.5
58614,1,4.0
58616,1,5.0
58619,1,4.0
58626,1,4.0
58627,1,5.0
58628,1,3.0
58629,1,5.0
58631,1,5.0
58632,2,3.5
58637,7,3.857142857142857
58640,1,3.0
58642,2,4.5
58644,1,5.0
58645,1,4.0
58647,1,4.0
58649,2,4.5
58650,1,4.0
58653,1,5.0
58655,2,4.0
58656,1,5.0
58657,1,3.0
58659,2,4.0
58662,2,2.5
58664,1,3.0
58666,1,2.0
58668,2,5.0
58669,1,5.0
58671,2,3.5
58672,1,5.0
58673,5,4.6
58674,1,3.0
58681,1,5.0
58683,2,4.0
58684,2,5.0
58686,1,3.0
58690,1,4.0
58691,15,4.2
58693,2,4.0
58696,1,4.0
58697,1,5.0
58699,1,3.0
58700,1,5.0
58701,1,5.0
58705,1,4.0
58711,2,4.5
58713,1,4.0
58714,1,5.0
58716,1,3.0
58720,2,4.5
58721,2,3.5
58722,1,3.0
58724,1,4.0
58725,1,4.0
58727,1,5.0
58730,1,5.0
58734,3,3.0
58739,1,3.0
58740,2,2.5
58743,1,4.0
58744,1,4.0
58747,2,4.0
58750,1,5.0
58753,1,4.0
58754,1,5.0
58760,2,4.0
58764,1,5.0
58768,1,5.0
58769,1,5.0
58772,1,5.0
58773,1,5.0
58774,4,4.25
58777,1,5.0
58778,1,5.0
58780,3,4.0
58781,1,5.0
58782,1,4.0
58783,2,4.0
58789,1,3.0
58794,1,3.0
58795,5,4.8
58796,1,4.0
58797,3,4.333333333333333
58804,1,5.0
58807,1,4.0
58809,2,3.5
58815,7,3.5714285714285716
58816,1,5.0
58817,1,5.0
58824,1,5.0
58825,2,5.0
58826,1,4.0
58827,1,5.0
58828,2,2.0
58829,1,5.0
58831,1,2.0
58833,1,4.0
58838,1,4.0
58841,1,5.0
58842,1,2.0
58843,2,3.5
58845,2,4.0
58846,1,5.0
58848,1,4.0
58850,1,5.0
58852,1,4.0
58854,1,4.0
58855,1,4.0
58861,1,4.0
58862,1,3.0
58865,1,5.0
58866,2,4.0
58867,1,4.0
58868,1,4.0
58874,1,5.0
58878,2,4.5
58880,2,3.5
58881,1,5.0
58886,1,5.0
58888,6,3.1666666666666665
58889,2,5.0
58891,1,1.0
58896,1,4.0
58898,1,3.0
58899,5,3.8
58900,1,5.0
58901,1,4.0
58903,1,4.0
58904,1,1.0
58908,1,5.0
58909,1,4.0
58911,1,4.0
58913,1,5.0
58917,1,4.0
58919,2,4.0
58920,4,2.75
58921,1,5.0
58922,1,5.0
58924,2,4.0
58927,2,5.0
58931,1,5.0
58932,2,5.0
58938,2,3.0
58940,1,4.0
58941,1,5.0
58942,1,5.0
58947,1,5.0
58950,1,4.0
58951,1,4.0
58952,1,5.0
58953,1,4.0
58960,1,5.0
58962,1,4.0
58963,1,5.0
58965,2,5.0
58966,1,5.0
58967,1,4.0
58969,1,4.0
58971,2,4.0
58975,1,3.0
58976,1,5.0
58980,1,4.0
58982,1,5.0
58984,1,5.0
58985,7,4.285714285714286
58986,1,4.0
58988,1,4.0
58990,1,5.0
58993,1,5.0
58994,1,3.0
58995,2,5.0
58996,2,4.0
58999,1,4.0
59001,1,5.0
59003,2,5.0
59004,2,3.5
59008,2,4.0
59009,1,4.0
59015,1,4.0
59019,1,5.0
59024,3,3.6666666666666665
59026,2,4.0
59030,1,5.0
59033,1,3.0
59034,1,3.0
59037,1,3.0
59044,1,5.0
59045,1,4.0
59046,1,5.0
59048,1,5.0
59055,1,3.0
59057,1,5.0
59058,1,5.0
59059,1,5.0
59060,1,2.0
59062,1,5.0
59063,1,4.0
59065,1,5.0
59066,1,5.0
59067,1,3.0
59069,1,4.0
59074,1,3.0
59076,1,3.0
59078,1,3.0
59079,3,3.3333333333333335
59080,1,3.0
59081,1,4.0
59082,1,4.0
59084,3,4.333333333333333
59085,1,5.0
59087,1,5.0
59089,1,5.0
59090,1,5.0
59093,2,4.5
59096,2,4.5
59099,2,5.0
59101,1,4.0
59102,2,3.5
59103,8,4.125
59107,1,5.0
59111,1,5.0
59115,2,4.5
59117,1,1.0
59118,3,4.666666666666667
59119,1,3.0
59122,1,5.0
59125,1,5.0
59130,1,4.0
59132,1,5.0
59134,1,5.0
59135,3,4.666666666666667
59137,1,5.0
59138,1,4.0
59139,1,5.0
59146,1,1.0
59148,1,4.0
59149,1,5.0
59152,1,5.0
59154,1,3.0
59159,4,5.0
59165,3,4.333333333333333
59171,1,3.0
59172,1,4.0
59173,1,4.0
59174,1,5.0
59177,1,5.0
59178,4,4.75
59179,1,5.0
59180,1,4.0
59181,1,5.0
59182,1,5.0
59188,2,4.0
59190,1,4.0
59191,1,4.0
59192,1,4.0
59193,1,3.0
59196,1,4.0
59197,1,4.0
59198,2,4.0
59202,1,4.0
59203,1,5.0
59207,2,2.5
59208,1,5.0
59213,1,4.0
59214,3,5.0
59215,1,4.0
59217,1,5.0
59224,1,5.0
59225,1,5.0
59229,1,4.0
59230,1,5.0
59231,1,5.0
59234,1,4.0
59235,1,4.0
59236,1,4.0
59237,1,5.0
59238,1,5.0
59241,4,3.75
59242,1,5.0
59244,3,4.333333333333333
59247,1,4.0
59249,2,4.5
59252,1,4.0
59254,2,4.0
59258,1,5.0
59259,1,4.0
59260,1,5.0
59261,1,3.0
59262,1,4.0
59264,1,5.0
59265,1,5.0
59267,1,3.0
59268,1,3.0
59269,1,5.0
59271,1,5.0
59275,1,4.0
59276,1,4.0
59277,1,3.0
59279,1,4.0
59281,1,3.0
59285,1,4.0
59287,6,3.1666666666666665
59288,1,4.0
59289,1,4.0
59291,1,5.0
59292,1,4.0
59293,1,5.0
59297,1,5.0
59305,1,5.0
59309,1,4.0
59310,1,5.0
59312,1,4.0
59315,1,4.0
59317,1,5.0
59319,1,4.0
59320,1,4.0
59322,2,3.5
59324,1,5.0
59325,1,3.0
59326,1,5.0
59327,1,5.0
59328,1,4.0
59330,4,5.0
59332,1,5.0
59334,1,5.0
59336,1,5.0
59340,1,3.0
59343,1,3.0
59349,1,5.0
59350,4,3.75
59353,3,4.333333333333333
59355,2,5.0
59356,1,5.0
59357,1,5.0
59358,1,4.0
59359,1,5.0
59360,1,5.0
59364,2,4.0
59369,4,3.5
59371,2,5.0
59372,4,4.75
59373,2,4.0
59374,1,3.0
59375,1,4.0
59377,1,3.0
59378,2,4.0
59379,1,4.0
59380,1,5.0
59388,2,5.0
59389,2,3.5
59390,2,4.0
59394,3,4.333333333333333
59395,1,4.0
59396,1,4.0
59397,1,5.0
59398,4,4.5
59400,1,2.0
59401,1,1.0
59407,1,4.0
59408,1,1.0
59409,2,4.0
59410,3,3.0
59411,1,5.0
59417,4,4.75
59420,1,5.0
59424,2,5.0
59425,1,4.0
59428,1,5.0
59430,2,5.0
59436,1,4.0
59441,1,4.0
59442,1,4.0
59448,1,3.0
59453,1,4.0
59454,1,5.0
59458,1,5.0
59459,1,2.0
59460,2,5.0
59461,1,5.0
59463,1,5.0
59464,1,4.0
59466,1,3.0
59468,1,4.0
59469,1,3.0
59472,2,4.0
59479,3,4.0
59480,1,4.0
59481,1,3.0
59482,1,5.0
59485,1,5.0
59486,1,4.0
59487,4,3.25
59489,1,4.0
59491,2,4.5
59493,1,5.0
59498,2,3.5
59499,1,4.0
59500,1,4.0
59504,1,5.0
59507,1,5.0
59511,1,3.0
59513,1,5.0
59514,2,4.0
59515,1,5.0
59516,1,5.0
59517,2,4.0
59523,2,4.0
59524,3,4.666666666666667
59527,3,4.0
59531,1,5.0
59532,1,4.0
59534,1,5.0
59538,1,4.0
59540,3,4.0
59541,2,5.0
59542,5,4.8
59543,1,1.0
59544,1,3.0
59547,2,4.0
59549,2,3.0
59550,1,4.0
59551,1,4.0
59554,5,4.6
59557,7,3.2857142857142856
59558,1,4.0
59561,2,3.0
59562,1,5.0
59563,1,3.0
59567,1,3.0
59572,1,5.0
59575,1,4.0
59576,1,5.0
59578,1,5.0
59579,1,5.0
59585,1,5.0
59592,5,4.2
59594,4,3.75
59598,1,5.0
59600,1,5.0
59603,1,4.0
59604,1,4.0
59605,2,5.0
59611,3,2.0
59613,1,4.0
59615,3,2.6666666666666665
59616,1,5.0
59617,2,3.5
59619,1,3.0
59620,1,5.0
59622,1,4.0
59629,1,4.0
59634,1,4.0
59638,1,2.0
59639,1,5.0
59640,1,5.0
59641,2,5.0
59643,2,4.0
59648,1,4.0
59651,1,3.0
59659,1,5.0
59662,1,5.0
59663,3,3.3333333333333335
59666,1,5.0
59667,1,5.0
59669,1,5.0
59670,2,5.0
59672,1,5.0
59675,1,4.0
59678,1,5.0
59679,2,3.0
59681,1,5.0
59685,1,5.0
59687,1,4.0
59690,1,3.0
59692,1,5.0
59693,1,5.0
59694,1,5.0
59696,9,4.0
59699,1,5.0
59703,1,4.0
59705,2,5.0
59710,1,5.0
59711,1,3.0
59712,3,2.6666666666666665
59717,1,5.0
59719,1,5.0
59720,1,4.0
59725,1,4.0
59728,1,5.0
59735,1,2.0
59740,1,4.0
59742,4,4.25
59746,3,4.666666666666667
59747,1,5.0
59751,1,3.0
59752,1,3.0
59757,5,4.4
59759,1,4.0
59766,2,4.0
59770,2,3.5
59773,1,4.0
59774,3,3.6666666666666665
59776,2,4.5
59779,1,5.0
59782,12,4.083333333333333
59784,1,5.0
59785,2,3.5
59788,1,5.0
59789,1,5.0
59790,1,5.0
59791,1,5.0
59795,1,2.0
59796,1,4.0
59798,1,5.0
59800,1,4.0
59801,1,4.0
59802,7,4.571428571428571
59805,2,5.0
59806,4,5.0
59808,2,5.0
59809,4,4.0
59810,1,4.0
59811,2,5.0
59812,1,2.0
59815,3,4.666666666666667
59818,2,4.0
59819,1,4.0
59821,1,4.0
59822,2,4.5
59825,2,3.5
59827,1,5.0
59828,1,5.0
59829,1,5.0
59830,2,3.5
59832,2,5.0
59833,1,4.0
59834,1,5.0
59837,3,4.333333333333333
59840,2,5.0
59841,1,3.0
59842,1,3.0
59844,1,1.0
59845,3,4.333333333333333
59846,5,4.6
59847,1,2.0
59849,4,3.0
59851,1,4.0
59860,1,3.0
59861,1,4.0
59862,1,4.0
59863,1,4.0
59864,1,4.0
59865,1,5.0
59868,1,5.0
59869,2,4.5
59870,1,5.0
59872,1,5.0
59874,1,1.0
59875,1,5.0
59876,2,4.0
59881,2,4.5
59882,1,4.0
59886,2,4.0
59887,1,5.0
59889,1,4.0
59890,2,5.0
59892,1,5.0
59896,2,5.0
59901,1,5.0
59904,1,5.0
59905,2,4.5
59913,1,5.0
59914,1,5.0
59918,1,3.0
59925,1,5.0
59931,3,4.0
59932,1,3.0
59934,6,5.0
59938,1,4.0
59939,1,5.0
59941,1,4.0
59943,2,5.0
59950,1,4.0
59951,1,4.0
59953,1,5.0
59957,1,5.0
59961,1,4.0
59962,1,5.0
59963,1,5.0
59967,1,5.0
59968,1,4.0
59973,1,5.0
59976,1,5.0
59977,1,5.0
59980,3,5.0
59983,1,3.0
59985,2,2.5
59987,1,5.0
59988,5,3.0
59993,1,3.0
59998,2,5.0
60005,1,3.0
60007,1,5.0
60010,1,5.0
60012,1,4.0
60014,2,5.0
60015,1,4.0
60026,2,3.5
60027,1,4.0
60031,1,4.0
60033,1,4.0
60034,4,3.25
60037,4,4.25
60046,3,3.6666666666666665
60047,1,4.0
60048,1,4.0
60049,1,5.0
60050,1,4.0
60051,1,5.0
60052,1,4.0
60055,1,2.0
60058,2,4.0
60059,1,5.0
60064,1,5.0
60065,2,5.0
60070,2,4.0
60071,4,4.5
60074,1,5.0
60075,2,3.0
60076,1,4.0
60082,2,3.5
60086,2,4.5
60088,1,5.0
60091,2,4.0
60095,1,1.0
60099,1,5.0
60103,1,5.0
60106,1,4.0
60110,2,5.0
60111,1,4.0
60113,1,1.0
60114,3,5.0
60115,1,5.0
60128,1,3.0
60132,1,5.0
60139,1,5.0
60140,1,3.0
60141,1,5.0
60144,1,5.0
60145,1,5.0
60150,1,4.0
60151,1,4.0
60153,1,3.0
60156,1,5.0
60159,1,2.0
60160,1,3.0
60162,1,4.0
60163,1,5.0
60168,2,4.0
60170,1,5.0
60172,1,4.0
60174,1,5.0
60175,1,4.0
60176,1,4.0
60177,1,4.0
60178,1,3.0
60179,2,5.0
60180,1,4.0
60182,1,5.0
60183,2,5.0
60191,2,5.0
60192,1,5.0
60196,1,5.0
60201,1,4.0
60203,1,5.0
60209,1,5.0
60210,1,3.0
60212,2,4.0
60213,1,3.0
60220,1,3.0
60222,2,4.0
60227,2,4.0
60231,1,5.0
60233,1,4.0
60244,1,4.0
60245,1,3.0
60246,1,5.0
60252,1,5.0
60255,1,5.0
60257,2,5.0
60259,1,5.0
60265,1,3.0
60266,1,5.0
60268,1,4.0
60270,1,5.0
60278,1,4.0
60279,1,4.0
60280,1,5.0
60281,3,3.6666666666666665
60284,2,5.0
60285,1,5.0
60286,2,4.0
60287,2,5.0
60290,2,4.0
60293,5,5.0
60295,2,5.0
60299,1,5.0
60300,2,3.5
60301,1,5.0
60308,1,5.0
60310,1,5.0
60314,1,5.0
60315,3,5.0
60317,2,4.5
60318,1,3.0
60320,1,1.0
60321,1,3.0
60323,2,4.5
60324,1,5.0
60328,1,5.0
60329,1,5.0
60331,1,5.0
60333,1,3.0
60336,3,4.666666666666667
60338,1,5.0
60339,2,4.5
60343,1,5.0
60344,4,4.0
60346,3,3.0
60348,1,5.0
60352,1,4.0
60357,1,5.0
60358,1,5.0
60360,1,4.0
60361,1,5.0
60362,1,5.0
60363,5,4.6
60364,1,4.0
60367,1,5.0
60371,8,3.875
60374,1,5.0
60375,1,3.0
60376,1,5.0
60377,1,4.0
60379,1,5.0
60381,2,4.0
60383,1,5.0
60385,1,5.0
60386,1,4.0
60387,2,4.5
60388,1,5.0
60393,1,5.0
60398,1,5.0
60400,2,5.0
60403,1,1.0
60404,2,3.5
60406,1,4.0
60407,1,5.0
60409,1,5.0
60411,1,5.0
60412,4,4.5
60413,1,5.0
60418,1,3.0
60421,2,3.0
60422,3,4.666666666666667
60425,4,4.75
60428,1,5.0
60430,1,5.0
60432,1,3.0
60434,3,4.666666666666667
60435,1,4.0
60437,1,1.0
60440,2,4.0
60442,1,3.0
60443,3,4.333333333333333
60447,1,5.0
60454,3,3.6666666666666665
60455,1,5.0
60458,2,1.5
60459,1,5.0
60461,1,3.0
60463,1,5.0
60465,2,4.5
60467,1,3.0
60468,1,4.0
60474,1,5.0
60478,1,5.0
60481,1,5.0
60482,2,4.0
60483,1,5.0
60490,1,5.0
60491,2,5.0
60492,1,4.0
60494,1,4.0
60504,1,5.0
60506,2,5.0
60512,1,4.0
60515,1,5.0
60516,1,5.0
60519,2,3.5
60520,1,4.0
60522,2,4.5
60523,2,4.5
60525,1,4.0
60526,2,4.0
60527,1,3.0
60529,1,5.0
60531,1,3.0
60532,1,4.0
60533,1,3.0
60535,1,5.0
60538,2,5.0
60541,1,5.0
60542,2,3.0
60543,1,5.0
60546,1,5.0
60549,1,5.0
60550,2,5.0
60552,1,5.0
60554,1,4.0
60555,1,2.0
60559,1,5.0
60563,1,5.0
60564,2,4.0
60566,4,4.0
60567,3,4.666666666666667
60569,1,2.0
60570,1,3.0
60572,2,4.5
60573,1,3.0
60575,2,5.0
60578,2,3.0
60580,4,3.75
60589,1,5.0
60590,1,3.0
60591,1,5.0
60594,1,4.0
60599,1,5.0
60600,1,5.0
60603,1,5.0
60605,2,3.5
60606,1,5.0
60609,1,4.0
60611,1,4.0
60614,2,5.0
60615,5,4.4
60621,1,4.0
60623,1,5.0
60632,1,5.0
60636,1,4.0
60637,1,4.0
60643,1,5.0
60647,1,3.0
60648,3,4.333333333333333
60649,1,4.0
60650,2,5.0
60652,1,5.0
60653,1,3.0
60654,1,2.0
60655,2,4.0
60659,1,5.0
60661,1,4.0
60668,1,4.0
60669,2,5.0
60670,1,3.0
60673,1,4.0
60675,1,5.0
60677,1,4.0
60679,1,4.0
60687,5,3.4
60692,1,5.0
60695,1,4.0
60696,1,3.0
60697,1,2.0
60700,1,2.0
60702,1,5.0
60704,4,5.0
60714,2,5.0
60717,1,5.0
60721,1,4.0
60725,1,4.0
60726,1,5.0
60727,4,3.75
60733,2,3.0
60734,1,5.0
60735,3,4.666666666666667
60737,1,5.0
60738,2,4.5
60741,1,2.0
60742,2,1.0
60743,2,3.5
60745,1,5.0
60746,3,4.666666666666667
60747,1,4.0
60748,2,4.5
60751,1,3.0
60752,1,5.0
60754,1,4.0
60760,2,4.5
60761,3,5.0
60763,1,4.0
60764,5,4.4
60766,1,3.0
60767,2,2.0
60768,3,4.0
60774,1,5.0
60779,1,3.0
60780,1,4.0
60782,1,4.0
60786,1,4.0
60787,1,3.0
60790,2,4.0
60797,1,5.0
60799,59,3.4745762711864407
60802,1,3.0
60805,1,5.0
60806,1,5.0
60807,1,4.0
60808,1,4.0
60811,1,4.0
60812,2,5.0
60815,2,3.0
60819,1,4.0
60820,1,2.0
60822,1,2.0
60829,2,4.5
60831,1,5.0
60835,1,5.0
60837,1,4.0
60838,2,3.5
60842,2,3.0
60848,1,3.0
60849,1,3.0
60850,1,5.0
60852,3,3.3333333333333335
60853,2,4.0
60859,1,5.0
60860,1,5.0
60863,3,5.0
60871,9,4.888888888888889
60873,1,4.0
60876,1,5.0
60880,2,4.0
60884,1,4.0
60885,1,5.0
60886,1,4.0
60895,2,5.0
60896,1,3.0
60899,4,4.5
60901,2,5.0
60902,1,4.0
60903,1,4.0
60907,2,3.0
60909,1,5.0
60910,1,5.0
60911,1,5.0
60912,2,5.0
60925,1,4.0
60926,1,5.0
60927,1,3.0
60935,2,4.0
60946,1,4.0
60947,1,5.0
60948,1,5.0
60949,1,3.0
60955,1,5.0
60957,1,4.0
60961,1,1.0
60963,1,4.0
60964,2,5.0
60967,1,5.0
60971,1,4.0
60972,1,5.0
60974,2,3.5
60975,1,2.0
60976,1,5.0
60981,1,4.0
60986,2,5.0
60989,1,5.0
60991,1,4.0
60993,1,5.0
60994,1,4.0
60995,1,1.0
60996,1,4.0
61001,1,5.0
61005,1,5.0
61008,2,5.0
61009,2,3.5
61010,1,4.0
61015,2,3.5
61016,1,5.0
61017,1,4.0
61024,1,5.0
61025,1,3.0
61026,1,4.0
61033,1,4.0
61047,2,3.5
61049,1,4.0
61051,1,3.0
61052,1,4.0
61054,1,4.0
61057,2,5.0
61060,1,5.0
61062,1,5.0
61064,3,4.333333333333333
61066,1,5.0
61067,1,4.0
61073,1,5.0
61074,1,1.0
61075,1,5.0
61076,1,2.0
61078,1,4.0
61080,1,4.0
61084,2,5.0
61086,1,5.0
61089,1,3.0
61090,1,4.0
61092,1,3.0
61094,1,5.0
61095,1,5.0
61099,1,3.0
61100,1,5.0
61102,1,3.0
61103,1,4.0
61107,1,4.0
61108,2,4.0
61110,4,4.5
61111,3,2.6666666666666665
61113,1,5.0
61114,2,5.0
61117,1,5.0
61118,1,5.0
61123,1,4.0
61124,1,5.0
61125,1,1.0
61126,1,5.0
61128,1,4.0
61131,1,4.0
61134,1,4.0
61137,1,5.0
61138,1,5.0
61139,3,5.0
61140,2,5.0
61141,2,5.0
61142,2,2.0
61144,1,5.0
61145,1,5.0
61150,2,4.0
61153,2,4.0
61158,1,4.0
61159,1,4.0
61160,2,4.0
61162,1,2.0
61163,1,5.0
61164,1,4.0
61165,1,5.0
61166,2,4.0
61167,1,4.0
61169,1,1.0
61171,3,4.666666666666667
61174,4,3.5
61175,2,5.0
61177,3,3.6666666666666665
61180,1,5.0
61181,2,4.0
61182,7,4.428571428571429
61184,2,5.0
61185,1,4.0
61186,1,5.0
61189,1,4.0
61190,1,4.0
61193,1,5.0
61194,1,4.0
61195,1,5.0
61205,2,4.5
61208,1,3.0
61210,2,4.0
61211,1,4.0
61212,5,3.4
61214,1,5.0
61215,1,5.0
61216,2,1.5
61217,1,5.0
61222,2,5.0
61223,2,4.0
61232,1,5.0
61233,2,3.5
61236,1,5.0
61237,1,5.0
61238,1,4.0
61239,1,5.0
61244,2,5.0
61250,1,5.0
61252,3,4.666666666666667
61253,3,4.666666666666667
61254,3,3.3333333333333335
61255,2,5.0
61256,1,3.0
61257,1,4.0
61262,2,4.5
61263,1,4.0
61264,2,4.5
61267,1,5.0
61272,1,4.0
61275,1,4.0
61276,1,5.0
61278,1,4.0
61280,1,5.0
61281,1,4.0
61284,1,3.0
61287,1,5.0
61290,1,5.0
61293,3,2.6666666666666665
61297,1,5.0
61298,2,4.0
61300,2,5.0
61301,1,3.0
61304,1,4.0
61307,1,5.0
61308,3,4.0
61311,1,3.0
61318,2,5.0
61321,2,3.5
61329,4,4.75
61330,1,5.0
61332,1,5.0
61335,1,5.0
61337,2,5.0
61340,1,5.0
61341,2,4.0
61343,1,5.0
61344,4,4.25
61346,1,4.0
61347,3,4.333333333333333
61349,2,4.0
61350,2,3.0
61351,2,5.0
61353,3,2.3333333333333335
61354,2,3.0
61356,2,3.0
61357,1,5.0
61358,2,4.5
61361,1,5.0
61364,3,4.333333333333333
61367,1,5.0
61373,1,5.0
61378,1,5.0
61379,4,4.75
61380,1,5.0
61381,1,4.0
61382,1,1.0
61383,1,3.0
61393,1,2.0
61394,1,5.0
61402,1,5.0
61404,1,5.0
61406,2,5.0
61407,2,5.0
61408,2,5.0
61415,3,3.6666666666666665
61416,1,4.0
61417,1,5.0
61419,1,4.0
61424,4,3.75
61429,2,5.0
61435,1,5.0
61437,1,5.0
61438,1,4.0
61440,1,5.0
61447,1,4.0
61453,1,5.0
61455,4,4.75
61459,3,4.0
61460,1,3.0
61467,1,4.0
61469,1,5.0
61470,3,5.0
61472,1,4.0
61473,1,5.0
61482,1,3.0
61484,1,4.0
61494,1,5.0
61495,2,2.5
61497,2,5.0
61499,2,5.0
61505,1,5.0
61507,1,1.0
61508,1,5.0
61509,1,4.0
61512,2,4.5
61514,1,5.0
61516,1,5.0
61517,2,4.0
61521,1,5.0
61525,1,5.0
61526,2,3.5
61527,1,5.0
61529,1,3.0
61530,1,3.0
61536,4,4.5
61539,1,3.0
61540,1,3.0
61542,1,3.0
61544,1,5.0
61548,1,5.0
61550,1,5.0
61551,2,5.0
61552,1,3.0
61558,2,2.5
61559,1,5.0
61560,2,3.5
61561,2,5.0
61568,1,4.0
61569,1,3.0
61570,1,5.0
61574,1,3.0
61576,1,3.0
61581,2,4.5
61582,1,5.0
61588,1,5.0
61590,5,3.0
61591,1,5.0
61592,1,4.0
61593,1,5.0
61597,1,5.0
61598,1,4.0
61599,1,4.0
61607,1,5.0
61610,1,5.0
61613,1,4.0
61615,1,4.0
61617,2,5.0
61619,1,3.0
61620,1,3.0
61621,1,5.0
61622,1,5.0
61623,3,3.6666666666666665
61635,1,3.0
61637,1,3.0
61639,1,5.0
61643,1,4.0
61653,1,3.0
61657,1,5.0
61660,1,5.0
61661,1,5.0
61662,1,1.0
61665,1,5.0
61666,1,5.0
61668,1,4.0
61671,3,4.0
61675,1,5.0
61679,1,5.0
61680,1,4.0
61681,1,4.0
61682,2,3.5
61687,3,4.0
61691,6,3.3333333333333335
61692,3,5.0
61693,1,4.0
61694,1,3.0
61695,1,5.0
61696,1,4.0
61697,1,5.0
61698,1,4.0
61702,2,5.0
61706,1,3.0
61709,2,5.0
61714,2,4.0
61715,3,3.3333333333333335
61721,1,4.0
61722,1,4.0
61723,1,4.0
61724,3,5.0
61725,1,4.0
61726,1,4.0
61727,1,4.0
61728,1,3.0
61729,1,4.0
61730,1,5.0
61731,1,4.0
61736,4,4.25
61740,1,3.0
61741,1,4.0
61743,1,5.0
61746,1,4.0
61747,3,5.0
61749,2,5.0
61753,1,4.0
61761,1,3.0
61762,1,5.0
61763,3,4.333333333333333
61765,1,4.0
61767,3,4.666666666666667
61768,2,3.5
61769,1,3.0
61770,1,3.0
61780,1,4.0
61782,1,3.0
61785,2,4.0
61786,2,4.5
61791,1,3.0
61792,2,4.5
61796,1,4.0
61800,1,4.0
61802,1,1.0
61803,1,5.0
61805,1,5.0
61808,1,5.0
61809,2,3.5
61810,1,5.0
61812,2,3.0
61813,1,3.0
61814,1,4.0
61816,1,5.0
61826,1,4.0
61831,2,3.0
61836,1,4.0
61837,1,3.0
61838,1,4.0
61840,1,4.0
61845,2,4.0
61846,1,4.0
61847,1,4.0
61848,2,4.0
61849,1,4.0
61850,2,3.5
61858,5,4.4
61863,1,5.0
61864,1,5.0
61865,1,4.0
61866,1,4.0
61868,1,4.0
61874,1,5.0
61876,1,5.0
61878,1,5.0
61881,1,5.0
61882,1,5.0
61883,2,4.5
61884,1,4.0
61886,1,5.0
61892,1,4.0
61894,1,2.0
61898,1,5.0
61903,1,4.0
61905,3,4.0
61906,1,1.0
61907,2,5.0
61915,1,4.0
61916,1,3.0
61917,1,5.0
61918,1,3.0
61927,1,5.0
61930,1,5.0
61931,1,4.0
61932,1,4.0
61933,1,4.0
61934,1,2.0
61936,1,5.0
61938,1,5.0
61941,1,4.0
61942,3,4.666666666666667
61943,4,3.5
61947,1,5.0
61949,1,3.0
61950,1,5.0
61952,3,3.0
61956,1,4.0
61959,1,4.0
61960,2,5.0
61962,1,5.0
61966,2,3.0
61967,1,5.0
61968,1,5.0
61969,1,5.0
61971,1,5.0
61973,1,5.0
61977,2,5.0
61986,1,3.0
61991,1,5.0
61992,2,4.5
61993,3,5.0
61994,1,3.0
61995,2,2.0
61998,1,4.0
61999,1,4.0
62004,2,4.0
62006,3,4.666666666666667
62008,1,4.0
62011,3,4.0
62012,1,3.0
62016,2,1.5
62021,1,4.0
62026,1,1.0
62032,1,5.0
62035,1,4.0
62036,4,4.5
62037,1,4.0
62038,1,3.0
62041,1,5.0
62042,3,4.0
62045,1,4.0
62046,2,4.5
62050,1,5.0
62052,1,4.0
62053,1,3.0
62054,3,3.6666666666666665
62056,2,5.0
62059,1,4.0
62063,1,2.0
62070,2,4.5
62072,2,4.0
62073,1,5.0
62076,1,3.0
62081,1,5.0
62083,1,5.0
62087,1,3.0
62090,1,5.0
62091,1,5.0
62094,1,5.0
62097,1,5.0
62104,1,4.0
62106,7,4.0
62108,2,5.0
62112,2,5.0
62116,1,3.0
62119,1,5.0
62121,6,4.666666666666667
62124,1,4.0
62125,1,2.0
62128,2,3.5
62129,2,3.0
62130,3,4.666666666666667
62131,1,5.0
62136,1,3.0
62139,1,4.0
62141,1,5.0
62142,1,5.0
62146,1,5.0
62147,1,3.0
62148,1,5.0
62153,1,5.0
62156,1,4.0
62158,1,5.0
62161,3,4.0
62162,1,3.0
62165,1,4.0
62169,9,4.888888888888889
62170,1,5.0
62171,1,4.0
62174,1,5.0
62177,1,5.0
62180,4,3.5
62181,2,5.0
62182,1,4.0
62185,1,5.0
62188,1,5.0
62190,1,2.0
62192,1,4.0
62193,1,5.0
62204,1,5.0
62210,2,4.0
62212,1,5.0
62213,1,4.0
62217,1,5.0
62218,1,4.0
62219,1,4.0
62220,3,3.6666666666666665
62221,1,5.0
62222,1,5.0
62223,2,3.0
62224,1,5.0
62226,1,4.0
62230,1,4.0
62234,1,3.0
62235,3,3.6666666666666665
62237,1,5.0
62239,1,4.0
62240,3,4.666666666666667
62249,2,4.0
62251,1,5.0
62252,3,4.0
62258,1,5.0
62263,1,4.0
62268,1,5.0
62271,1,5.0
62272,1,4.0
62274,1,4.0
62275,1,4.0
62277,2,4.5
62284,1,5.0
62287,1,4.0
62288,3,4.333333333333333
62290,1,4.0
62291,4,5.0
62293,3,4.666666666666667
62306,2,4.0
62309,4,4.5
62319,2,3.5
62320,1,4.0
62321,2,5.0
62324,1,5.0
62327,1,1.0
62333,1,4.0
62334,1,5.0
62338,1,5.0
62341,1,5.0
62342,2,3.5
62344,1,5.0
62345,1,1.0
62346,1,5.0
62348,1,3.0
62352,1,4.0
62354,1,5.0
62355,2,5.0
62356,1,1.0
62357,4,3.25
62359,1,4.0
62361,1,4.0
62370,1,4.0
62376,3,4.666666666666667
62378,1,4.0
62380,2,3.0
62382,1,5.0
62383,1,3.0
62385,1,4.0
62386,1,3.0
62387,1,2.0
62393,1,5.0
62394,1,5.0
62400,2,4.5
62404,2,3.5
62406,3,4.0
62407,1,4.0
62408,2,4.5
62410,3,3.6666666666666665
62411,1,2.0
62412,13,3.1538461538461537
62414,1,5.0
62415,1,4.0
62416,1,4.0
62420,2,5.0
62421,1,5.0
62428,2,5.0
62432,1,4.0
62433,1,4.0
62436,1,4.0
62438,1,3.0
62441,1,4.0
62442,1,5.0
62447,2,3.5
62450,1,4.0
62454,1,3.0
62455,1,5.0
62456,1,5.0
62461,1,4.0
62463,1,4.0
62466,3,3.6666666666666665
62467,1,5.0
62469,2,5.0
62477,1,4.0
62479,1,4.0
62481,1,5.0
62482,1,5.0
62483,9,4.0
62485,1,5.0
62486,2,4.5
62487,1,4.0
62490,2,5.0
62496,1,5.0
62497,2,4.5
62498,3,4.0
62502,2,5.0
62503,3,2.6666666666666665
62505,1,4.0
62506,1,1.0
62509,1,5.0
62512,1,5.0
62515,2,5.0
62518,1,5.0
62520,2,5.0
62522,2,3.5
62530,1,3.0
62531,1,4.0
62534,1,3.0
62535,1,4.0
62536,1,4.0
62537,1,5.0
62538,1,3.0
62540,1,3.0
62543,1,4.0
62544,1,5.0
62546,1,4.0
62550,1,3.0
62553,1,2.0
62554,1,4.0
62557,1,3.0
62559,1,4.0
62563,2,4.0
62569,1,5.0
62570,1,1.0
62584,1,5.0
62587,2,4.5
62588,1,4.0
62590,1,5.0
62591,1,3.0
62592,2,2.0
62594,1,4.0
62595,1,4.0
62600,1,5.0
62604,1,4.0
62605,3,2.3333333333333335
62610,1,4.0
62611,1,4.0
62612,1,5.0
62616,1,5.0
62618,2,4.0
62622,1,4.0
62623,1,4.0
62624,1,3.0
62628,1,3.0
62629,2,4.5
62633,1,5.0
62634,1,5.0
62635,3,5.0
62636,8,4.5
62637,3,4.333333333333333
62645,1,5.0
62646,7,3.4285714285714284
62649,2,4.0
62650,2,5.0
62652,1,4.0
62653,4,4.0
62661,5,3.2
62665,13,4.461538461538462
62667,1,4.0
62669,6,4.666666666666667
62671,1,5.0
62673,1,4.0
62674,1,3.0
62679,1,5.0
62684,1,5.0
62686,1,4.0
62689,4,4.75
62694,1,5.0
62696,1,3.0
62701,1,3.0
62703,1,5.0
62704,1,4.0
62705,1,5.0
62712,1,3.0
62716,1,5.0
62717,2,5.0
62718,2,4.5
62719,3,4.666666666666667
62728,1,5.0
62731,1,4.0
62732,1,4.0
62733,1,5.0
62735,1,5.0
62738,1,4.0
62739,1,5.0
62742,1,4.0
62749,1,3.0
62753,1,5.0
62754,1,3.0
62755,2,5.0
62762,1,3.0
62770,1,3.0
62773,2,5.0
62775,1,4.0
62776,1,4.0
62782,1,5.0
62783,2,3.0
62789,1,4.0
62791,6,3.8333333333333335
62792,1,3.0
62793,5,4.4
62795,1,3.0
62796,1,3.0
62797,1,1.0
62799,1,5.0
62800,1,3.0
62801,1,4.0
62802,2,5.0
62803,1,5.0
62805,1,5.0
62806,1,5.0
62808,1,2.0
62809,1,5.0
62811,1,4.0
62812,1,5.0
62813,1,4.0
62814,1,3.0
62815,1,4.0
62819,1,4.0
62821,1,5.0
62825,2,4.5
62829,1,3.0
62830,1,4.0
62831,1,5.0
62832,2,4.5
62833,3,4.0
62835,8,4.5
62838,1,5.0
62839,5,4.6
62841,1,4.0
62844,1,3.0
62851,1,5.0
62852,1,1.0
62855,1,4.0
62857,1,3.0
62859,1,3.0
62861,1,5.0
62863,1,5.0
62864,1,5.0
62867,1,4.0
62874,1,4.0
62875,2,5.0
62876,1,3.0
62879,1,5.0
62881,3,4.333333333333333
62884,1,4.0
62885,2,5.0
62887,1,5.0
62889,1,2.0
62892,1,3.0
62893,1,3.0
62894,1,4.0
62896,2,3.0
62900,1,4.0
62901,2,4.0
62902,5,4.6
62904,3,3.6666666666666665
62906,2,4.5
62907,14,3.9285714285714284
62914,3,5.0
62916,2,4.0
62919,1,5.0
62921,1,4.0
62923,3,4.333333333333333
62925,3,4.666666666666667
62928,1,2.0
62930,1,5.0
62932,2,4.0
62937,1,5.0
62938,9,4.222222222222222
62939,1,5.0
62942,1,5.0
62943,2,4.5
62946,1,4.0
62947,1,5.0
62952,2,4.5
62959,3,2.3333333333333335
62961,3,4.666666666666667
62962,2,4.0
62963,1,4.0
62964,1,3.0
62966,2,4.5
62970,1,5.0
62971,1,3.0
62973,2,5.0
62975,1,4.0
62976,1,3.0
62977,3,4.0
62978,2,5.0
62979,1,5.0
62981,1,5.0
62985,1,4.0
62988,1,5.0
62990,1,3.0
62992,1,4.0
62999,1,5.0
63003,1,3.0
63007,2,4.0
63011,1,5.0
63012,1,5.0
63014,1,1.0
63020,1,3.0
63021,2,3.0
63024,1,4.0
63025,1,3.0
63028,1,3.0
63031,2,4.5
63033,2,5.0
63034,1,4.0
63035,1,5.0
63038,1,5.0
63039,1,5.0
63040,1,4.0
63042,4,4.75
63046,2,5.0
63047,1,4.0
63052,1,5.0
63055,4,4.0
63056,1,3.0
63058,1,5.0
63061,1,4.0
63062,1,4.0
63065,1,4.0
63067,1,4.0
63069,1,4.0
63070,1,1.0
63072,1,4.0
63076,1,4.0
63077,2,4.5
63078,2,5.0
63079,2,5.0
63083,1,5.0
63086,1,3.0
63092,1,5.0
63097,2,3.0
63101,1,5.0
63103,1,3.0
63104,1,5.0
63109,1,5.0
63110,2,4.5
63114,1,4.0
63115,1,4.0
63116,1,4.0
63118,2,5.0
63124,4,3.5
63126,1,5.0
63129,1,5.0
63132,2,4.5
63134,1,5.0
63135,4,4.25
63138,14,4.071428571428571
63140,1,4.0
63141,1,5.0
63142,3,5.0
63144,2,4.5
63147,2,4.0
63149,5,2.6
63150,3,4.0
63154,1,5.0
63155,1,5.0
63156,1,5.0
63157,1,5.0
63158,1,5.0
63161,1,5.0
63162,1,5.0
63163,1,4.0
63164,2,4.5
63165,2,4.5
63166,1,1.0
63167,1,3.0
63169,2,3.5
63172,1,5.0
63178,1,4.0
63182,1,5.0
63183,2,5.0
63184,1,4.0
63185,2,4.5
63186,1,4.0
63189,1,4.0
63190,1,2.0
63193,1,4.0
63197,9,3.888888888888889
63204,1,4.0
63206,2,3.5
63208,1,5.0
63209,1,4.0
63211,1,4.0
63219,1,4.0
63220,1,4.0
63221,2,3.0
63223,1,4.0
63224,1,2.0
63227,2,4.0
63228,1,1.0
63236,1,5.0
63238,4,4.75
63239,1,4.0
63241,2,4.0
63242,1,2.0
63243,1,3.0
63246,1,5.0
63247,1,3.0
63248,1,5.0
63251,1,5.0
63252,3,4.333333333333333
63256,1,4.0
63259,1,5.0
63260,1,5.0
63262,1,4.0
63264,4,4.5
63265,1,5.0
63266,1,2.0
63267,1,5.0
63270,1,4.0
63271,1,2.0
63276,1,5.0
63280,2,2.0
63281,1,3.0
63287,1,5.0
63290,1,4.0
63293,1,3.0
63299,1,2.0
63302,2,3.0
63306,1,5.0
63309,1,5.0
63310,2,5.0
63311,1,4.0
63315,2,4.0
63321,1,5.0
63323,1,5.0
63326,1,3.0
63328,2,4.0
63329,1,5.0
63333,1,5.0
63340,1,3.0
63344,1,5.0
63349,2,5.0
63352,1,5.0
63355,1,5.0
63356,1,2.0
63359,1,3.0
63362,1,4.0
63364,1,5.0
63365,1,4.0
63369,1,3.0
63370,2,4.5
63373,1,4.0
63374,1,3.0
63377,1,5.0
63379,1,3.0
63383,1,3.0
63392,1,4.0
63395,2,5.0
63398,1,5.0
63401,1,4.0
63403,1,4.0
63407,1,5.0
63410,2,4.0
63412,1,4.0
63414,1,2.0
63415,1,5.0
63416,1,5.0
63429,1,5.0
63431,1,4.0
63432,1,4.0
63433,1,4.0
63436,3,4.666666666666667
63440,2,5.0
63441,1,2.0
63442,1,5.0
63444,2,4.0
63449,1,4.0
63453,3,4.666666666666667
63457,1,5.0
63459,1,5.0
63460,1,5.0
63461,3,4.0
63463,2,4.5
63464,2,4.0
63465,1,5.0
63466,2,4.5
63469,1,4.0
63472,1,2.0
63473,1,2.0
63475,1,4.0
63478,1,4.0
63480,1,5.0
63488,1,5.0
63489,1,2.0
63490,4,3.25
63491,1,4.0
63493,4,4.0
63497,1,5.0
63499,1,5.0
63500,1,4.0
63502,1,4.0
63504,4,4.5
63505,2,3.5
63509,1,5.0
63510,1,1.0
63511,1,5.0
63513,1,3.0
63515,2,4.5
63518,1,5.0
63520,1,3.0
63521,2,4.0
63528,1,5.0
63531,3,4.0
63533,2,4.5
63534,1,4.0
63535,1,4.0
63536,1,4.0
63537,1,5.0
63542,1,4.0
63543,1,5.0
63546,1,4.0
63547,3,4.0
63549,1,5.0
63551,2,3.5
63552,2,4.0
63553,1,4.0
63555,3,4.333333333333333
63558,2,2.5
63560,5,4.8
63562,1,4.0
63563,1,5.0
63564,1,5.0
63566,3,3.6666666666666665
63568,1,4.0
63570,1,5.0
63576,2,3.0
63579,1,5.0
63580,1,3.0
63581,5,3.8
63582,2,5.0
63584,1,5.0
63586,1,3.0
63587,1,5.0
63588,1,5.0
63589,1,5.0
63592,1,3.0
63595,1,5.0
63596,1,2.0
63597,1,5.0
63599,1,2.0
63602,2,4.5
63603,1,3.0
63605,3,4.666666666666667
63610,1,3.0
63611,2,4.5
63615,3,4.333333333333333
63618,2,2.5
63619,1,4.0
63620,1,4.0
63621,1,4.0
63622,4,5.0
63624,1,5.0
63625,1,4.0
63629,3,2.6666666666666665
63630,1,4.0
63632,1,5.0
63634,1,5.0
63635,3,3.3333333333333335
63637,1,4.0
63638,2,5.0
63639,2,5.0
63641,2,5.0
63645,1,4.0
63647,3,4.333333333333333
63648,2,5.0
63656,2,4.0
63661,1,4.0
63663,2,5.0
63664,2,3.0
63665,2,5.0
63669,3,4.0
63670,2,5.0
63671,1,4.0
63674,1,3.0
63675,1,5.0
63676,1,5.0
63677,3,5.0
63680,1,4.0
63693,1,4.0
63694,2,3.0
63695,1,3.0
63699,4,4.75
63700,3,4.333333333333333
63701,1,4.0
63702,2,5.0
63703,2,4.5
63705,3,4.333333333333333
63707,1,1.0
63708,1,5.0
63712,2,4.5
63714,1,4.0
63717,1,5.0
63718,1,5.0
63722,1,5.0
63729,3,5.0
63730,2,5.0
63735,2,3.5
63736,1,5.0
63737,2,5.0
63738,1,4.0
63740,1,5.0
63741,2,4.5
63745,3,5.0
63748,4,4.25
63749,5,4.0
63750,2,3.5
63755,2,5.0
63758,2,5.0
63759,1,3.0
63760,1,4.0
63763,1,4.0
63764,1,5.0
63766,1,4.0
63767,1,4.0
63768,1,5.0
63778,1,5.0
63783,1,4.0
63785,2,5.0
63786,8,4.125
63787,2,4.5
63788,2,4.0
63792,1,4.0
63794,1,4.0
63795,1,2.0
63796,1,5.0
63801,1,4.0
63803,2,5.0
63804,1,4.0
63814,1,5.0
63818,3,4.0
63821,1,4.0
63822,4,3.75
63825,2,5.0
63832,1,3.0
63835,2,4.5
63838,4,3.75
63841,2,3.5
63842,1,4.0
63844,1,4.0
63845,1,4.0
63851,2,5.0
63852,1,3.0
63854,1,5.0
63861,1,3.0
63862,4,3.0
63863,3,5.0
63864,1,5.0
63866,2,5.0
63868,1,4.0
63873,1,3.0
63874,2,4.5
63887,1,5.0
63889,1,4.0
63890,1,3.0
63897,1,4.0
63898,1,4.0
63899,1,5.0
63907,1,5.0
63908,1,4.0
63915,1,3.0
63917,2,2.0
63921,2,4.0
63922,1,4.0
63923,3,2.3333333333333335
63924,2,4.0
63925,1,3.0
63926,1,4.0
63928,1,5.0
63930,1,3.0
63931,1,4.0
63933,1,5.0
63937,1,3.0
63939,1,3.0
63940,1,5.0
63941,1,4.0
63942,1,5.0
63944,1,3.0
63945,1,4.0
63947,3,4.0
63948,1,3.0
63952,1,5.0
63958,1,5.0
63963,1,5.0
63967,2,4.0
63975,1,4.0
63976,2,4.0
63981,1,4.0
63983,1,4.0
63984,1,4.0
63986,1,2.0
63987,1,5.0
63988,1,5.0
63989,1,5.0
63990,1,4.0
63995,3,4.0
63996,1,3.0
64002,1,4.0
64003,1,5.0
64005,1,5.0
64006,1,4.0
64011,1,4.0
64015,1,5.0
64016,1,2.0
64021,1,5.0
64023,2,5.0
64028,1,2.0
64029,1,3.0
64031,1,5.0
64033,1,5.0
64038,1,5.0
64040,1,3.0
64042,2,5.0
64043,1,5.0
64049,2,3.0
64057,2,3.0
64060,2,5.0
64065,1,3.0
64066,2,4.0
64069,1,3.0
64070,1,4.0
64071,1,4.0
64074,1,5.0
64075,1,5.0
64077,1,5.0
64078,1,4.0
64087,2,4.5
64090,1,3.0
64099,1,4.0
64100,2,4.5
64105,2,4.5
64106,1,5.0
64107,1,5.0
64108,1,5.0
64109,1,5.0
64111,1,4.0
64117,1,5.0
64118,1,4.0
64122,1,4.0
64125,3,4.666666666666667
64126,1,5.0
64129,1,4.0
64130,1,5.0
64138,2,2.5
64141,2,5.0
64143,6,4.0
64148,1,5.0
64149,2,2.5
64152,1,4.0
64154,4,4.25
64155,2,4.0
64161,11,4.090909090909091
64162,1,5.0
64163,2,5.0
64164,1,5.0
64166,1,5.0
64169,1,5.0
64170,1,4.0
64172,1,4.0
64173,4,2.75
64174,2,5.0
64175,2,5.0
64177,1,4.0
64181,1,5.0
64182,1,4.0
64183,1,4.0
64188,1,5.0
64190,1,5.0
64196,1,5.0
64198,1,3.0
64199,1,4.0
64200,2,5.0
64203,1,3.0
64205,1,2.0
64209,3,4.666666666666667
64211,1,4.0
64214,1,3.0
64216,1,1.0
64218,1,3.0
64222,7,3.7142857142857144
64224,1,5.0
64226,1,5.0
64229,2,2.0
64230,4,4.5
64231,1,4.0
64232,2,4.5
64234,2,5.0
64240,14,3.857142857142857
64241,1,3.0
64242,1,4.0
64243,3,4.0
64246,1,5.0
64249,1,5.0
64252,1,4.0
64253,4,4.0
64256,1,3.0
64258,2,5.0
64259,1,2.0
64260,3,4.666666666666667
64261,1,5.0
64262,1,5.0
64264,1,1.0
64265,1,5.0
64267,1,5.0
64268,2,5.0
64269,2,4.0
64272,2,5.0
64274,1,5.0
64275,1,4.0
64276,1,5.0
64282,1,4.0
64283,2,4.0
64286,1,5.0
64289,1,4.0
64294,3,3.3333333333333335
64296,7,3.857142857142857
64300,1,2.0
64301,1,4.0
64302,1,5.0
64304,1,5.0
64305,1,3.0
64308,9,4.0
64313,1,4.0
64317,1,4.0
64318,1,3.0
64320,3,3.6666666666666665
64321,10,4.2
64323,1,3.0
64327,1,4.0
64330,1,5.0
64333,1,3.0
64334,1,5.0
64335,2,4.5
64337,1,4.0
64340,3,5.0
64344,1,4.0
64345,1,4.0
64348,1,4.0
64349,1,5.0
64350,2,3.5
64352,1,2.0
64353,3,4.666666666666667
64354,1,3.0
64356,1,5.0
64357,2,5.0
64358,1,5.0
64362,7,4.285714285714286
64367,1,3.0
64368,1,5.0
64369,1,4.0
64371,12,4.0
64372,2,5.0
64373,1,5.0
64374,3,4.0
64375,1,5.0
64376,1,4.0
64381,1,2.0
64382,1,4.0
64386,1,5.0
64387,7,4.428571428571429
64388,1,5.0
64389,1,5.0
64390,1,4.0
64391,1,5.0
64392,8,4.75
64393,1,5.0
64394,10,4.0
64395,1,4.0
64398,1,5.0
64399,1,4.0
64401,1,5.0
64405,3,3.3333333333333335
64407,1,5.0
64411,2,3.5
64413,1,3.0
64415,1,5.0
64417,2,5.0
64421,1,4.0
64422,1,4.0
64423,5,4.6
64424,2,4.5
64425,1,4.0
64427,1,4.0
64430,1,5.0
64431,1,4.0
64434,3,4.333333333333333
64435,1,4.0
64440,3,3.6666666666666665
64442,1,5.0
64444,1,4.0
64445,1,4.0
64446,1,1.0
64448,1,5.0
64450,1,5.0
64452,1,5.0
64453,2,4.0
64455,1,5.0
64456,3,4.333333333333333
64457,1,5.0
64458,2,5.0
64459,1,3.0
64460,1,4.0
64462,1,5.0
64468,1,5.0
64481,5,3.4
64482,1,1.0
64483,1,4.0
64484,1,3.0
64485,1,1.0
64488,1,4.0
64489,1,5.0
64490,1,5.0
64492,2,2.5
64495,3,3.6666666666666665
64500,3,2.3333333333333335
64503,1,4.0
64505,1,5.0
64507,3,4.333333333333333
64512,1,4.0
64514,1,4.0
64516,1,1.0
64517,1,4.0
64519,1,5.0
64524,1,4.0
64526,1,5.0
64527,1,3.0
64529,1,2.0
64532,1,5.0
64539,3,3.3333333333333335
64540,1,3.0
64541,3,4.333333333333333
64542,1,5.0
64543,1,5.0
64545,3,4.0
64546,1,5.0
64547,1,5.0
64548,1,4.0
64549,1,5.0
64552,1,5.0
64553,3,5.0
64561,1,1.0
64566,1,5.0
64571,2,5.0
64581,1,5.0
64583,1,4.0
64585,1,4.0
64592,1,5.0
64593,3,4.0
64594,1,3.0
64595,1,4.0
64596,1,5.0
64599,1,1.0
64601,1,5.0
64603,1,5.0
64606,1,3.0
64611,1,5.0
64613,1,5.0
64619,1,5.0
64620,1,5.0
64622,1,3.0
64626,1,5.0
64631,1,5.0
64633,2,3.0
64635,1,5.0
64636,1,5.0
64637,1,4.0
64638,1,4.0
64640,3,3.3333333333333335
64643,3,3.6666666666666665
64646,2,5.0
64655,1,1.0
64657,1,5.0
64658,2,3.0
64660,3,4.0
64663,2,4.5
64664,1,5.0
64666,2,5.0
64667,1,4.0
64671,1,5.0
64674,2,2.5
64679,1,3.0
64680,1,4.0
64681,1,4.0
64689,1,4.0
64690,1,5.0
64691,2,4.0
64693,1,4.0
64698,1,2.0
64700,1,2.0
64701,1,3.0
64702,1,5.0
64706,1,5.0
64707,2,4.0
64708,2,4.5
64710,1,4.0
64714,1,3.0
64721,4,4.5
64727,1,5.0
64728,1,5.0
64734,1,4.0
64735,3,3.3333333333333335
64736,1,5.0
64738,1,5.0
64743,1,5.0
64745,1,3.0
64748,1,4.0
64755,2,5.0
64760,1,5.0
64763,1,4.0
64766,1,3.0
64768,1,2.0
64771,1,4.0
64773,1,5.0
64776,1,5.0
64777,2,4.0
64779,1,4.0
64782,2,5.0
64784,1,5.0
64786,3,3.6666666666666665
64787,2,4.5
64788,1,1.0
64793,1,4.0
64798,1,4.0
64802,3,5.0
64805,1,5.0
64806,1,4.0
64810,1,4.0
64811,1,5.0
64821,1,4.0
64831,2,4.0
64832,1,5.0
64833,1,5.0
64839,4,4.25
64840,1,4.0
64843,2,4.0
64845,1,4.0
64846,2,5.0
64848,1,4.0
64849,1,2.0
64855,2,4.0
64856,1,4.0
64859,1,3.0
64861,1,4.0
64862,3,4.333333333333333
64863,2,5.0
64864,1,5.0
64865,2,4.5
64866,6,4.166666666666667
64867,1,4.0
64869,1,4.0
64870,1,5.0
64872,1,4.0
64873,1,4.0
64879,1,2.0
64881,1,3.0
64890,3,4.666666666666667
64892,1,4.0
64894,1,5.0
64896,1,4.0
64898,2,2.0
64900,2,4.0
64901,1,5.0
64907,1,2.0
64913,2,4.0
64914,5,4.6
64916,1,4.0
64918,2,3.0
64920,7,4.142857142857143
64921,1,4.0
64922,1,5.0
64923,5,4.6
64924,1,2.0
64925,2,3.5
64927,1,1.0
64931,1,1.0
64932,1,3.0
64935,1,3.0
64936,1,2.0
64938,2,5.0
64939,2,5.0
64940,1,4.0
64942,2,4.0
64948,2,3.0
64950,2,3.5
64952,2,4.5
64955,3,3.6666666666666665
64959,4,3.75
64962,1,4.0
64963,1,5.0
64964,1,1.0
64965,1,4.0
64966,2,4.5
64968,1,2.0
64970,1,2.0
64976,1,5.0
64980,1,5.0
64983,1,5.0
64984,4,4.5
64987,3,3.6666666666666665
64988,4,4.25
64993,2,5.0
64998,1,3.0
65000,2,3.0
65004,1,4.0
65007,1,4.0
65027,1,4.0
65029,2,5.0
65032,1,5.0
65033,1,4.0
65035,2,5.0
65036,1,4.0
65039,3,3.6666666666666665
65041,1,5.0
65042,3,3.3333333333333335
65044,2,4.0
65046,1,3.0
65047,1,4.0
65049,1,4.0
65051,3,4.333333333333333
65052,1,3.0
65056,1,4.0
65062,1,5.0
65069,3,5.0
65070,1,5.0
65071,1,5.0
65072,1,5.0
65074,1,4.0
65076,1,4.0
65077,1,4.0
65080,1,5.0
65082,1,5.0
65089,2,4.5
65091,1,5.0
65092,1,4.0
65094,1,5.0
65096,1,5.0
65097,1,2.0
65101,1,5.0
65102,1,5.0
65103,1,5.0
65104,1,2.0
65105,1,5.0
65106,2,5.0
65111,1,3.0
65113,1,4.0
65116,3,5.0
65117,1,4.0
65124,3,3.3333333333333335
65126,2,4.0
65127,2,2.0
65128,1,4.0
65130,1,3.0
65131,1,5.0
65133,1,5.0
65134,2,4.0
65138,1,4.0
65139,3,3.0
65144,1,3.0
65145,1,5.0
65146,1,3.0
65147,1,5.0
65150,1,5.0
65151,2,5.0
65152,1,5.0
65153,2,3.5
65159,3,3.3333333333333335
65160,1,4.0
65162,3,4.333333333333333
65163,1,5.0
65164,1,4.0
65168,4,4.0
65169,1,4.0
65170,1,5.0
65171,1,5.0
65174,1,5.0
65176,3,5.0
65182,2,4.5
65184,1,4.0
65188,1,1.0
65196,1,4.0
65199,3,3.3333333333333335
65201,2,4.5
65202,1,4.0
65205,2,3.5
65211,1,5.0
65212,3,5.0
65221,1,4.0
65222,1,5.0
65224,1,4.0
65227,1,4.0
65228,1,4.0
65229,1,1.0
65232,1,4.0
65233,2,3.5
65234,2,4.0
65235,1,5.0
65236,1,4.0
65237,1,5.0
65240,1,1.0
65242,1,4.0
65243,1,4.0
65245,2,4.5
65246,1,5.0
65247,2,5.0
65252,1,4.0
65256,1,2.0
65263,2,1.0
65267,1,5.0
65270,1,5.0
65271,1,5.0
65275,1,5.0
65276,1,1.0
65280,1,5.0
65285,2,4.5
65289,4,4.0
65291,1,3.0
65294,2,5.0
65295,1,5.0
65297,3,3.0
65298,1,5.0
65301,2,4.0
65303,1,4.0
65304,4,4.25
65311,1,3.0
65312,2,4.5
65313,1,4.0
65314,1,5.0
65321,1,5.0
65326,7,3.5714285714285716
65327,1,3.0
65330,1,4.0
65331,1,4.0
65334,2,4.0
65338,3,5.0
65344,1,5.0
65356,1,5.0
65357,1,5.0
65364,1,5.0
65366,1,3.0
65369,1,4.0
65371,1,4.0
65375,1,1.0
65376,1,3.0
65379,1,4.0
65382,3,4.333333333333333
65386,2,2.5
65388,1,5.0
65389,3,3.6666666666666665
65391,2,4.5
65393,1,5.0
65394,1,5.0
65405,1,5.0
65406,1,4.0
65411,1,5.0
65412,1,5.0
65413,1,5.0
65419,1,3.0
65421,1,4.0
65424,1,3.0
65427,1,4.0
65428,1,3.0
65429,1,5.0
65432,1,3.0
65433,1,5.0
65434,1,2.0
65435,1,5.0
65437,1,5.0
65438,1,4.0
65444,2,3.5
65447,5,3.8
65448,1,5.0
65450,1,3.0
65453,2,5.0
65458,1,5.0
65460,2,4.5
65461,3,3.3333333333333335
65465,3,3.6666666666666665
65466,3,4.0
65472,1,4.0
65473,2,3.5
65476,1,4.0
65477,2,3.5
65478,1,4.0
65483,1,4.0
65484,1,5.0
65485,1,5.0
65487,2,3.0
65488,3,5.0
65489,1,5.0
65491,1,5.0
65493,1,5.0
65496,1,4.0
65497,4,4.25
65500,1,5.0
65504,1,5.0
65508,4,4.0
65512,2,3.0
65516,4,4.25
65517,1,4.0
65522,2,5.0
65524,2,4.5
65527,1,2.0
65529,1,5.0
65532,2,4.5
65533,1,5.0
65540,1,3.0
65542,3,4.333333333333333
65547,1,5.0
65549,1,3.0
65552,1,3.0
65557,1,5.0
65560,1,3.0
65562,1,3.0
65563,1,5.0
65564,1,4.0
65568,22,4.181818181818182
65569,1,4.0
65572,1,4.0
65573,1,5.0
65577,2,3.5
65582,1,5.0
65583,2,4.5
65586,1,4.0
65587,1,5.0
65588,1,4.0
65589,1,5.0
65590,1,4.0
65591,2,4.5
65593,1,5.0
65599,1,5.0
65600,1,3.0
65604,6,3.0
65607,1,5.0
65610,1,5.0
65611,1,4.0
65614,1,5.0
65615,1,4.0
65617,1,1.0
65619,3,3.6666666666666665
65620,3,4.0
65622,1,5.0
65623,1,5.0
65624,1,3.0
65627,4,4.0
65628,1,5.0
65630,1,3.0
65634,1,4.0
65635,1,4.0
65640,2,4.0
65651,3,4.333333333333333
65654,1,4.0
65655,1,5.0
65658,2,5.0
65659,1,5.0
65661,2,4.5
65662,1,1.0
65665,1,4.0
65666,1,5.0
65668,1,4.0
65669,1,4.0
65670,1,2.0
65671,4,3.75
65673,1,5.0
65678,2,3.5
65680,2,2.0
65681,3,3.3333333333333335
65685,1,2.0
65686,3,4.666666666666667
65687,1,5.0
65688,1,5.0
65691,1,5.0
65693,4,4.5
65694,1,5.0
65696,2,3.5
65698,1,5.0
65699,1,4.0
65703,1,5.0
65706,2,4.0
65707,4,4.25
65709,2,5.0
65712,1,1.0
65715,4,4.0
65716,1,5.0
65720,1,5.0
65723,2,3.5
65724,4,4.25
65726,1,4.0
65727,1,4.0
65731,2,4.0
65732,1,4.0
65733,1,4.0
65736,1,3.0
65739,1,4.0
65741,1,4.0
65742,2,4.0
65747,1,3.0
65748,1,2.0
65750,3,3.3333333333333335
65755,1,3.0
65756,1,5.0
65760,1,3.0
65762,1,4.0
65763,1,5.0
65764,1,4.0
65768,9,4.0
65769,1,5.0
65770,2,4.0
65771,2,4.0
65773,1,4.0
65774,2,3.0
65779,1,4.0
65782,2,3.0
65783,1,5.0
65785,1,5.0
65788,1,4.0
65790,1,5.0
65793,1,4.0
65794,1,5.0
65802,1,3.0
65804,2,4.0
65809,1,3.0
65810,3,5.0
65812,1,2.0
65815,1,3.0
65816,5,4.0
65817,1,5.0
65818,1,5.0
65819,9,4.111111111111111
65820,1,5.0
65825,1,5.0
65826,1,4.0
65828,1,4.0
65829,1,5.0
65831,1,4.0
65833,2,3.5
65835,1,5.0
65840,2,4.0
65841,1,5.0
65842,1,4.0
65843,1,4.0
65844,1,4.0
65851,1,3.0
65854,2,4.0
65855,1,2.0
65860,1,4.0
65867,3,5.0
65868,1,1.0
65871,4,3.5
65874,4,3.25
65877,1,4.0
65880,1,5.0
65881,1,4.0
65883,1,4.0
65885,2,5.0
65889,1,5.0
65892,3,5.0
65895,1,4.0
65896,1,4.0
65898,2,3.0
65903,1,5.0
65905,2,4.0
65914,3,4.333333333333333
65915,1,5.0
65916,1,3.0
65919,1,5.0
65922,1,5.0
65924,1,1.0
65926,1,5.0
65930,2,3.0
65931,2,3.5
65932,1,1.0
65934,2,4.0
65939,4,3.5
65941,1,5.0
65946,2,3.5
65949,1,4.0
65950,1,5.0
65952,1,5.0
65953,1,4.0
65960,1,5.0
65964,1,3.0
65965,2,5.0
65966,2,4.0
65967,1,3.0
65969,1,5.0
65970,1,4.0
65975,1,5.0
65981,1,4.0
65982,1,1.0
65985,1,5.0
65990,1,4.0
65994,3,3.0
65996,1,5.0
66000,2,3.5
66001,1,5.0
66002,1,5.0
66003,4,4.0
66004,1,4.0
66006,1,4.0
66007,1,4.0
66008,3,3.3333333333333335
66011,2,4.0
66012,1,3.0
66014,1,5.0
66015,1,1.0
66017,1,5.0
66018,1,5.0
66019,2,5.0
66024,2,4.0
66028,1,3.0
66029,1,5.0
66032,1,5.0
66036,1,5.0
66038,1,5.0
66039,1,5.0
66041,1,4.0
66046,2,4.5
66050,1,5.0
66058,3,4.333333333333333
66059,4,3.0
66061,3,3.0
66070,1,4.0
66074,2,4.0
66080,1,2.0
66082,2,2.0
66083,1,4.0
66086,3,3.6666666666666665
66087,11,4.454545454545454
66088,5,4.6
66089,3,2.6666666666666665
66093,1,4.0
66094,1,5.0
66096,1,5.0
66099,1,4.0
66100,1,4.0
66110,1,3.0
66111,1,4.0
66116,1,5.0
66119,1,4.0
66127,1,5.0
66128,1,4.0
66133,1,4.0
66134,1,4.0
66135,2,5.0
66140,1,5.0
66141,1,4.0
66142,1,1.0
66145,1,5.0
66152,1,5.0
66159,1,5.0
66164,1,5.0
66168,1,5.0
66171,1,5.0
66172,2,5.0
66175,1,5.0
66178,1,4.0
66185,1,5.0
66188,4,5.0
66189,3,4.0
66191,2,4.0
66192,1,5.0
66194,1,5.0
66196,1,1.0
66198,1,5.0
66200,1,5.0
66210,3,3.3333333333333335
66211,2,4.5
66214,4,4.75
66221,3,4.0
66222,1,5.0
66223,2,4.5
66225,1,5.0
66227,1,4.0
66235,1,4.0
66237,1,5.0
66243,1,4.0
66244,1,3.0
66249,1,3.0
66251,1,1.0
66252,1,5.0
66257,1,2.0
66258,1,5.0
66259,1,5.0
66262,1,4.0
66263,1,5.0
66268,2,3.5
66270,1,5.0
66274,1,5.0
66275,1,4.0
66281,2,4.5
66283,1,4.0
66284,3,4.333333333333333
66286,1,5.0
66287,1,5.0
66293,1,5.0
66295,2,3.5
66299,1,4.0
66302,1,4.0
66307,1,5.0
66310,1,5.0
66311,4,3.75
66312,1,5.0
66316,1,4.0
66318,1,5.0
66321,1,5.0
66322,3,4.666666666666667
66323,1,5.0
66324,6,4.666666666666667
66325,1,3.0
66326,1,5.0
66328,5,4.6
66330,2,4.0
66333,2,5.0
66335,2,3.5
66338,1,5.0
66341,1,3.0
66343,3,4.333333333333333
66348,1,5.0
66350,1,5.0
66351,2,3.5
66352,1,5.0
66354,2,4.5
66355,2,5.0
66359,1,4.0
66360,4,3.0
66361,1,5.0
66366,1,5.0
66369,1,5.0
66372,1,5.0
66374,1,5.0
66376,2,4.0
66378,9,4.0
66379,1,5.0
66380,1,5.0
66381,1,1.0
66382,2,4.0
66383,1,3.0
66390,1,4.0
66393,3,4.666666666666667
66395,1,5.0
66397,1,5.0
66400,1,5.0
66403,1,5.0
66406,1,5.0
66408,1,5.0
66411,1,4.0
66412,1,4.0
66413,1,3.0
66415,1,4.0
66417,1,4.0
66424,3,4.0
66435,3,4.0
66438,2,3.0
66441,1,5.0
66444,2,4.0
66445,1,5.0
66446,1,5.0
66449,1,5.0
66452,1,5.0
66453,3,4.666666666666667
66454,7,3.5714285714285716
66458,2,5.0
66462,1,3.0
66464,1,5.0
66466,1,4.0
66472,1,2.0
66473,1,5.0
66474,1,5.0
66475,1,4.0
66477,3,4.333333333333333
66479,2,4.5
66481,1,5.0
66484,1,2.0
66488,1,5.0
66490,1,4.0
66491,1,5.0
66494,1,4.0
66499,2,2.5
66501,1,5.0
66507,1,4.0
66508,1,5.0
66510,1,4.0
66513,3,3.3333333333333335
66515,1,5.0
66523,2,4.0
66525,1,3.0
66532,2,3.5
66533,1,2.0
66536,1,5.0
66537,1,3.0
66538,1,5.0
66540,3,3.6666666666666665
66541,1,2.0
66547,2,3.0
66555,1,5.0
66556,1,3.0
66558,1,5.0
66560,1,5.0
66561,1,3.0
66563,1,3.0
66572,1,5.0
66573,1,5.0
66578,1,5.0
66579,2,5.0
66593,1,5.0
66597,1,5.0
66599,4,5.0
66608,1,5.0
66610,1,5.0
66614,1,3.0
66618,3,4.666666666666667
66619,1,4.0
66621,1,4.0
66622,1,5.0
66628,2,3.0
66632,1,3.0
66633,1,5.0
66634,1,5.0
66637,2,4.0
66638,2,5.0
66641,1,4.0
66646,1,5.0
66647,1,4.0
66649,1,5.0
66650,2,4.0
66652,3,4.0
66653,4,3.0
66657,1,5.0
66661,1,4.0
66664,1,2.0
66668,1,2.0
66671,1,1.0
66673,3,4.0
66674,1,5.0
66675,4,4.75
66681,1,5.0
66683,1,5.0
66684,7,4.285714285714286
66685,2,4.0
66687,2,2.5
66688,9,4.0
66690,5,4.8
66691,2,3.5
66694,11,4.2727272727272725
66695,4,3.75
66697,3,3.6666666666666665
66699,8,4.5
66701,3,3.0
66706,4,5.0
66710,2,4.5
66712,2,5.0
66713,2,4.5
66718,1,4.0
66721,2,5.0
66724,1,5.0
66725,1,5.0
66726,2,5.0
66728,1,4.0
66729,1,3.0
66730,1,5.0
66736,1,5.0
66737,1,5.0
66739,1,4.0
66740,1,4.0
66741,1,5.0
66742,1,4.0
66746,1,4.0
66747,2,2.0
66750,1,4.0
66752,1,5.0
66757,1,4.0
66761,1,5.0
66763,2,4.5
66767,1,4.0
66770,1,4.0
66771,3,4.666666666666667
66772,1,5.0
66773,3,4.333333333333333
66776,1,5.0
66777,1,3.0
66779,3,3.6666666666666665
66786,1,5.0
66789,1,5.0
66795,1,5.0
66800,1,5.0
66803,6,4.5
66807,1,4.0
66809,1,5.0
66810,1,5.0
66813,2,3.0
66817,1,5.0
66823,1,4.0
66826,1,5.0
66827,1,5.0
66828,1,5.0
66830,4,4.0
66832,1,4.0
66835,2,4.0
66836,1,5.0
66839,1,4.0
66842,3,2.3333333333333335
66843,2,3.0
66845,1,4.0
66847,1,5.0
66848,1,5.0
66849,1,4.0
66850,1,5.0
66856,2,4.0
66857,4,4.0
66859,2,3.0
66860,1,5.0
66863,1,1.0
66864,1,4.0
66866,1,5.0
66870,1,4.0
66872,1,5.0
66875,1,5.0
66877,1,5.0
66878,5,4.0
66880,1,4.0
66881,2,4.0
66885,11,4.181818181818182
66890,3,4.333333333333333
66891,2,4.5
66894,1,5.0
66899,2,4.0
66901,5,4.6
66902,1,5.0
66907,2,3.0
66913,1,5.0
66916,1,3.0
66919,1,5.0
66923,3,3.6666666666666665
66924,1,4.0
66925,1,3.0
66926,1,5.0
66930,1,5.0
66931,1,5.0
66933,2,4.0
66934,1,5.0
66938,1,5.0
66939,1,4.0
66941,3,4.666666666666667
66942,1,4.0
66943,1,3.0
66944,1,4.0
66946,1,5.0
66947,2,5.0
66948,4,4.5
66950,1,5.0
66954,1,4.0
66955,2,5.0
66956,1,5.0
66957,1,5.0
66958,1,4.0
66961,2,5.0
66963,1,3.0
66964,1,5.0
66965,1,4.0
66966,2,4.5
66967,1,5.0
66968,1,1.0
66970,2,4.0
66971,1,4.0
66973,1,4.0
66974,1,5.0
66976,2,5.0
66978,1,4.0
66979,6,4.333333333333333
66980,1,4.0
66982,1,5.0
66985,3,4.333333333333333
66986,2,4.0
66987,3,4.0
66988,3,5.0
66991,2,5.0
66993,3,4.0
66994,2,4.0
66995,2,5.0
66996,1,5.0
66998,1,4.0
67000,1,2.0
67011,2,5.0
67014,1,4.0
67016,1,5.0
67017,1,5.0
67019,1,4.0
67022,1,4.0
67029,2,3.0
67032,1,2.0
67035,2,5.0
67040,5,4.0
67041,1,4.0
67042,1,4.0
67047,1,5.0
67049,1,5.0
67051,1,4.0
67053,1,4.0
67057,1,1.0
67060,1,2.0
67061,1,5.0
67074,1,5.0
67076,1,3.0
67078,1,3.0
67079,1,3.0
67084,1,5.0
67085,3,4.0
67087,1,4.0
67092,1,5.0
67098,1,5.0
67100,1,5.0
67101,8,3.875
67102,1,5.0
67106,1,5.0
67107,1,5.0
67109,1,4.0
67110,1,4.0
67111,5,3.6
67113,1,5.0
67114,1,5.0
67118,2,5.0
67122,1,5.0
67124,2,5.0
67130,1,5.0
67132,1,4.0
67138,1,5.0
67139,1,4.0
67140,1,5.0
67141,3,3.6666666666666665
67142,2,4.5
67144,7,4.142857142857143
67145,1,5.0
67147,4,4.5
67151,1,4.0
67153,1,5.0
67155,1,4.0
67158,1,5.0
67161,1,5.0
67163,2,4.5
67165,2,4.0
67167,1,5.0
67169,1,5.0
67171,1,5.0
67172,1,3.0
67173,4,5.0
67174,14,4.571428571428571
67175,2,5.0
67182,2,5.0
67183,1,3.0
67185,1,4.0
67186,1,2.0
67190,1,5.0
67194,1,3.0
67200,1,4.0
67201,1,5.0
67204,1,3.0
67205,1,4.0
67207,1,4.0
67210,2,5.0
67211,2,4.5
67218,1,4.0
67227,3,2.6666666666666665
67229,1,4.0
67231,5,4.4
67233,1,5.0
67238,1,3.0
67239,1,4.0
67241,1,3.0
67244,6,4.833333333333333
67247,1,4.0
67249,1,2.0
67251,1,4.0
67256,1,5.0
67258,4,3.5
67268,1,3.0
67275,1,5.0
67276,2,5.0
67277,1,4.0
67278,1,5.0
67279,1,5.0
67281,3,5.0
67285,1,5.0
67288,1,5.0
67289,3,4.666666666666667
67295,1,4.0
67296,1,5.0
67302,1,5.0
67303,2,4.0
67304,1,5.0
67305,1,4.0
67306,1,4.0
67307,2,4.0
67308,1,5.0
67309,1,5.0
67314,2,4.0
67315,1,5.0
67317,1,3.0
67319,1,3.0
67321,3,5.0
67323,4,4.0
67325,2,3.0
67329,1,5.0
67330,1,4.0
67331,1,5.0
67332,4,3.75
67333,2,3.0
67335,4,4.75
67337,1,3.0
67338,1,4.0
67339,1,5.0
67341,1,4.0
67345,1,4.0
67348,1,4.0
67349,1,5.0
67350,1,4.0
67352,3,4.0
67353,2,5.0
67354,1,4.0
67356,3,4.666666666666667
67360,1,5.0
67361,1,4.0
67363,2,5.0
67364,1,5.0
67365,1,2.0
67366,1,5.0
67367,1,5.0
67368,1,5.0
67370,3,5.0
67375,3,3.6666666666666665
67381,1,5.0
67384,1,5.0
67385,1,5.0
67388,1,3.0
67391,1,1.0
67392,3,3.6666666666666665
67393,1,2.0
67396,1,5.0
67398,1,4.0
67400,3,4.0
67402,1,5.0
67404,1,3.0
67414,8,3.75
67417,1,5.0
67418,1,5.0
67420,1,5.0
67423,2,4.0
67426,1,5.0
67427,1,4.0
67429,1,5.0
67430,1,5.0
67431,1,5.0
67432,1,5.0
67434,2,4.0
67444,1,4.0
67446,1,5.0
67447,1,3.0
67448,1,4.0
67450,3,3.3333333333333335
67451,2,4.0
67454,1,3.0
67455,1,5.0
67456,1,4.0
67458,2,4.5
67459,5,4.0
67460,1,4.0
67461,1,5.0
67462,2,3.5
67464,1,5.0
67465,2,3.5
67471,2,2.0
67475,1,3.0
67477,1,5.0
67479,2,5.0
67481,4,3.75
67482,1,4.0
67483,1,3.0
67485,1,5.0
67486,1,5.0
67491,1,5.0
67495,1,5.0
67497,2,5.0
67498,1,5.0
67499,2,4.5
67501,4,3.25
67502,2,4.5
67505,1,3.0
67515,1,5.0
67518,1,4.0
67520,2,2.5
67521,1,5.0
67522,1,4.0
67523,1,3.0
67524,1,4.0
67529,2,3.5
67531,2,4.0
67538,1,3.0
67540,1,4.0
67542,1,3.0
67543,1,5.0
67545,1,4.0
67548,2,5.0
67549,1,3.0
67551,3,4.333333333333333
67553,1,5.0
67554,1,4.0
67555,1,4.0
67556,1,5.0
67558,2,3.0
67561,1,5.0
67567,1,5.0
67570,1,4.0
67571,2,5.0
67573,1,4.0
67578,1,4.0
67581,1,5.0
67585,1,5.0
67587,1,4.0
67588,1,4.0
67596,1,4.0
67597,1,5.0
67602,1,5.0
67603,2,4.0
67606,1,5.0
67609,2,4.5
67610,1,3.0
67614,1,4.0
67616,3,4.666666666666667
67618,1,4.0
67619,1,5.0
67620,1,5.0
67621,1,3.0
67622,1,5.0
67623,1,5.0
67625,1,4.0
67630,1,3.0
67631,1,4.0
67633,2,4.0
67634,1,4.0
67637,1,3.0
67638,2,4.5
67639,2,3.5
67643,2,3.0
67644,1,5.0
67648,1,4.0
67650,2,4.0
67654,2,2.5
67655,1,5.0
67666,1,4.0
67670,2,4.5
67676,1,5.0
67677,1,4.0
67678,1,5.0
67680,1,4.0
67692,1,4.0
67693,4,4.25
67694,2,5.0
67695,1,3.0
67696,1,3.0
67699,1,5.0
67700,2,4.5
67702,2,2.0
67704,1,1.0
67706,1,3.0
67707,1,4.0
67708,1,5.0
67710,1,5.0
67711,1,5.0
67714,1,5.0
67718,2,3.5
67719,4,4.25
67721,1,4.0
67724,5,4.4
67726,2,4.0
67729,3,4.333333333333333
67730,1,5.0
67732,2,4.0
67733,1,4.0
67734,1,4.0
67737,1,4.0
67739,1,5.0
67740,1,5.0
67744,1,4.0
67748,2,5.0
67752,1,4.0
67756,3,4.0
67759,1,1.0
67761,1,4.0
67762,2,5.0
67764,1,5.0
67768,3,4.0
67769,1,4.0
67770,1,5.0
67773,2,4.5
67775,1,5.0
67776,1,4.0
67777,1,5.0
67778,3,3.6666666666666665
67780,1,5.0
67781,1,5.0
67782,2,4.5
67783,1,5.0
67784,2,4.5
67786,1,5.0
67789,1,4.0
67791,1,4.0
67792,2,5.0
67793,1,3.0
67795,1,5.0
67796,1,5.0
67799,2,2.0
67801,1,2.0
67806,1,5.0
67813,1,4.0
67814,1,5.0
67816,5,3.8
67817,4,4.0
67819,1,5.0
67822,1,3.0
67824,6,4.5
67825,1,4.0
67829,1,5.0
67830,2,4.5
67831,1,5.0
67833,3,4.0
67835,1,4.0
67836,1,4.0
67842,1,5.0
67845,1,4.0
67846,1,3.0
67851,1,1.0
67853,1,4.0
67857,2,4.0
67859,1,4.0
67860,1,3.0
67861,4,4.75
67864,2,4.0
67865,2,3.0
67866,1,4.0
67868,3,3.6666666666666665
67870,1,5.0
67873,1,5.0
67876,1,3.0
67882,1,5.0
67883,2,4.0
67884,2,4.5
67886,1,5.0
67895,2,3.0
67899,2,3.0
67902,1,3.0
67909,3,4.333333333333333
67911,3,4.666666666666667
67913,1,3.0
67916,2,3.0
67926,1,5.0
67927,1,3.0
67928,1,5.0
67936,2,2.5
67937,1,5.0
67938,1,4.0
67942,1,5.0
67947,1,5.0
67948,1,5.0
67949,1,5.0
67950,3,4.333333333333333
67951,1,4.0
67952,8,4.625
67958,6,3.8333333333333335
67963,2,5.0
67964,3,5.0
67966,1,5.0
67967,1,5.0
67968,2,5.0
67970,1,4.0
67971,4,4.75
67979,1,4.0
67980,1,5.0
67981,1,1.0
67984,2,5.0
67985,1,5.0
67987,1,5.0
67990,1,5.0
67991,1,5.0
67996,1,4.0
67997,2,5.0
67999,1,4.0
68001,1,5.0
68003,1,3.0
68005,3,5.0
68007,4,4.0
68009,1,3.0
68011,1,4.0
68013,1,3.0
68014,1,5.0
68017,1,5.0
68020,1,3.0
68021,1,5.0
68022,2,4.5
68026,1,4.0
68027,1,3.0
68031,1,5.0
68032,2,5.0
68038,1,4.0
68039,1,5.0
68040,1,5.0
68042,4,4.5
68046,3,3.3333333333333335
68053,1,4.0
68055,1,5.0
68057,1,4.0
68058,1,5.0
68059,2,3.0
68062,1,4.0
68063,1,5.0
68066,1,5.0
68069,1,5.0
68071,1,5.0
68076,2,4.0
68081,2,4.5
68086,1,3.0
68087,2,4.0
68088,1,4.0
68092,1,3.0
68096,1,5.0
68098,1,5.0
68100,3,5.0
68101,1,5.0
68108,3,4.0
68109,2,4.0
68110,1,5.0
68115,1,5.0
68116,2,5.0
68119,2,3.0
68123,1,5.0
68126,1,4.0
68127,1,4.0
68129,1,5.0
68130,1,5.0
68132,2,3.5
68137,1,5.0
68141,1,5.0
68142,1,3.0
68144,1,4.0
68146,1,5.0
68154,2,4.0
68155,1,5.0
68157,1,5.0
68159,1,5.0
68161,2,4.0
68166,1,4.0
68167,1,5.0
68169,1,4.0
68171,1,4.0
68172,2,4.5
68173,1,4.0
68174,1,4.0
68175,1,5.0
68178,1,5.0
68180,1,5.0
68182,1,4.0
68184,2,5.0
68185,5,4.2
68190,1,4.0
68192,2,4.0
68200,3,4.0
68201,1,3.0
68206,2,5.0
68207,2,4.0
68209,1,4.0
68210,5,4.6
68212,1,5.0
68220,1,5.0
68222,1,5.0
68229,1,5.0
68230,3,5.0
68231,2,3.0
68233,3,4.333333333333333
68235,1,3.0
68239,2,4.5
68240,1,3.0
68242,2,4.0
68243,2,3.5
68244,1,5.0
68245,1,3.0
68250,1,4.0
68251,1,4.0
68252,1,4.0
68255,2,4.5
68257,4,2.75
68259,1,4.0
68260,2,4.0
68262,1,3.0
68264,2,5.0
68267,3,3.3333333333333335
68268,1,4.0
68269,1,4.0
68271,1,5.0
68275,1,5.0
68277,1,5.0
68281,1,4.0
68284,1,3.0
68286,1,5.0
68288,1,4.0
68292,2,4.5
68294,1,5.0
68295,1,4.0
68296,1,5.0
68298,1,5.0
68300,1,3.0
68301,1,5.0
68302,2,5.0
68306,1,4.0
68307,1,4.0
68308,1,5.0
68310,1,3.0
68311,1,4.0
68316,2,4.5
68317,1,3.0
68320,1,4.0
68322,2,5.0
68330,1,4.0
68333,1,2.0
68334,1,5.0
68336,1,5.0
68337,1,1.0
68338,3,4.666666666666667
68341,1,3.0
68346,1,5.0
68347,2,4.5
68348,1,5.0
68350,1,5.0
68353,1,5.0
68354,1,5.0
68356,1,2.0
68361,2,4.0
68371,1,5.0
68376,1,5.0
68377,1,5.0
68379,2,3.0
68380,1,4.0
68382,1,4.0
68386,1,4.0
68388,2,5.0
68391,2,3.0
68393,1,4.0
68394,1,4.0
68395,1,4.0
68396,1,5.0
68398,6,3.6666666666666665
68399,2,4.0
68402,1,4.0
68403,1,5.0
68404,1,5.0
68405,5,3.6
68406,1,4.0
68407,2,4.5
68413,1,5.0
68414,1,4.0
68422,1,4.0
68426,1,3.0
68427,2,4.5
68429,2,5.0
68432,1,3.0
68435,2,3.5
68444,1,4.0
68445,2,3.5
68447,1,3.0
68449,1,5.0
68450,4,5.0
68452,1,5.0
68453,1,5.0
68457,2,5.0
68458,1,5.0
68461,3,4.0
68462,1,4.0
68465,5,3.8
68470,1,1.0
68472,1,4.0
68480,3,4.333333333333333
68481,1,5.0
68482,1,5.0
68487,1,4.0
68489,1,5.0
68490,1,5.0
68493,1,4.0
68496,1,4.0
68497,2,4.5
68500,1,5.0
68501,1,3.0
68502,1,5.0
68504,1,4.0
68506,1,3.0
68507,1,4.0
68512,4,4.25
68513,1,5.0
68515,2,4.5
68516,1,4.0
68518,1,4.0
68527,1,5.0
68533,1,4.0
68534,1,3.0
68536,1,4.0
68539,1,4.0
68540,1,4.0
68541,1,5.0
68542,1,3.0
68543,3,3.6666666666666665
68544,1,5.0
68546,3,4.333333333333333
68549,2,4.5
68557,1,1.0
68562,1,2.0
68565,1,5.0
68566,2,4.0
68569,1,4.0
68578,1,4.0
68579,2,3.5
68587,1,5.0
68590,1,5.0
68592,3,3.0
68593,1,5.0
68600,1,3.0
68602,1,5.0
68604,2,5.0
68605,1,1.0
68606,1,4.0
68607,2,3.0
68613,1,4.0
68618,3,4.333333333333333
68619,1,4.0
68622,1,3.0
68623,1,4.0
68627,1,4.0
68631,1,4.0
68634,1,4.0
68636,1,5.0
68637,1,4.0
68638,1,5.0
68639,1,5.0
68640,2,4.0
68647,1,1.0
68649,1,2.0
68651,1,5.0
68653,1,4.0
68655,1,3.0
68660,1,4.0
68661,1,5.0
68662,1,4.0
68665,1,3.0
68666,2,4.0
68669,2,5.0
68676,1,4.0
68677,1,4.0
68678,1,5.0
68682,1,1.0
68683,13,3.923076923076923
68684,1,5.0
68685,2,4.5
68689,1,4.0
68690,2,5.0
68692,1,5.0
68695,1,4.0
68698,1,5.0
68700,1,5.0
68701,1,5.0
68707,1,5.0
68708,1,5.0
68709,1,5.0
68712,1,1.0
68714,2,5.0
68716,1,5.0
68719,1,5.0
68720,1,3.0
68721,1,4.0
68723,2,4.0
68726,1,4.0
68727,1,5.0
68729,1,5.0
68731,1,5.0
68733,1,5.0
68735,10,4.1
68737,2,4.0
68738,1,4.0
68742,1,5.0
68743,1,4.0
68745,1,4.0
68746,1,4.0
68747,1,4.0
68750,1,5.0
68751,5,4.8
68753,1,4.0
68755,1,5.0
68756,1,4.0
68757,1,3.0
68758,1,5.0
68759,2,5.0
68760,1,4.0
68762,1,5.0
68763,2,5.0
68765,5,4.8
68767,1,2.0
68772,2,2.5
68773,1,4.0
68774,1,5.0
68775,1,5.0
68776,1,3.0
68777,1,5.0
68779,1,5.0
68784,3,4.666666666666667
68786,1,4.0
68787,4,4.75
68788,2,5.0
68795,1,4.0
68796,1,5.0
68797,2,4.0
68808,1,5.0
68809,1,5.0
68812,1,5.0
68814,1,4.0
68815,2,3.0
68816,2,3.5
68817,2,3.5
68818,1,5.0
68819,1,4.0
68821,1,4.0
68825,1,1.0
68830,2,4.0
68833,1,2.0
68837,1,5.0
68839,1,5.0
68842,1,5.0
68844,2,4.0
68845,3,4.333333333333333
68846,2,5.0
68847,1,4.0
68848,1,5.0
68852,2,3.5
68853,1,3.0
68858,1,4.0
68863,1,4.0
68864,1,4.0
68867,1,5.0
68869,1,4.0
68872,1,1.0
68878,1,3.0
68880,1,4.0
68886,1,4.0
68887,1,4.0
68898,1,5.0
68902,1,5.0
68907,1,1.0
68908,3,4.0
68912,1,4.0
68913,5,5.0
68916,2,5.0
68918,1,5.0
68920,1,3.0
68921,1,5.0
68923,1,3.0
68926,1,5.0
68927,1,5.0
68931,1,5.0
68937,1,5.0
68944,1,5.0
68946,1,3.0
68948,1,5.0
68949,1,4.0
68950,1,5.0
68954,1,3.0
68957,1,5.0
68958,1,5.0
68962,1,5.0
68964,1,3.0
68970,2,5.0
68974,1,4.0
68976,1,4.0
68978,1,4.0
68980,1,4.0
68981,3,4.333333333333333
68984,1,4.0
68994,1,5.0
68995,1,5.0
69000,1,5.0
69006,1,5.0
69008,1,5.0
69009,1,5.0
69011,1,5.0
69013,2,4.5
69017,1,5.0
69023,1,5.0
69030,1,5.0
69034,3,3.3333333333333335
69035,1,4.0
69039,1,5.0
69040,2,1.0
69041,1,4.0
69044,2,4.0
69046,1,5.0
69047,1,4.0
69051,1,5.0
69058,2,3.5
69059,2,5.0
69060,1,5.0
69061,1,3.0
69062,2,4.0
69065,2,3.5
69067,1,4.0
69070,2,5.0
69072,1,5.0
69077,1,5.0
69085,3,5.0
69086,1,4.0
69091,2,5.0
69096,1,4.0
69104,1,5.0
69105,3,4.333333333333333
69109,1,5.0
69110,1,4.0
69111,1,4.0
69112,2,5.0
69114,3,3.3333333333333335
69117,2,4.0
69119,1,5.0
69125,1,5.0
69126,1,3.0
69127,1,5.0
69128,1,4.0
69129,1,5.0
69134,1,5.0
69136,1,3.0
69140,1,5.0
69145,1,5.0
69146,1,2.0
69147,1,4.0
69149,1,4.0
69151,1,5.0
69153,1,4.0
69154,1,4.0
69156,1,5.0
69158,1,5.0
69163,1,5.0
69165,1,4.0
69167,3,3.0
69171,1,5.0
69172,2,4.0
69174,1,5.0
69175,1,5.0
69179,1,3.0
69181,1,3.0
69183,4,4.75
69185,1,4.0
69192,4,5.0
69194,1,4.0
69196,2,5.0
69197,1,5.0
69199,1,5.0
69203,1,5.0
69204,1,5.0
69207,1,5.0
69208,1,4.0
69212,1,5.0
69213,1,3.0
69215,2,4.5
69216,1,4.0
69217,2,4.5
69218,2,4.0
69223,1,3.0
69225,1,3.0
69227,1,5.0
69229,1,5.0
69233,1,4.0
69234,1,5.0
69238,1,5.0
69239,4,3.25
69240,2,4.5
69242,1,5.0
69246,1,3.0
69247,1,5.0
69248,5,4.0
69250,1,4.0
69251,2,3.5
69252,1,3.0
69256,1,4.0
69257,3,3.3333333333333335
69259,1,5.0
69262,1,4.0
69263,1,3.0
69264,4,4.0
69265,1,3.0
69266,3,4.333333333333333
69267,2,4.0
69268,2,4.0
69272,2,4.5
69274,2,5.0
69280,1,1.0
69282,1,5.0
69285,4,4.5
69287,2,4.0
69288,2,4.5
69290,1,4.0
69292,1,2.0
69294,1,4.0
69296,2,5.0
69297,1,5.0
69299,1,3.0
69300,1,4.0
69302,2,3.0
69303,1,5.0
69304,2,4.0
69310,2,4.0
69311,1,5.0
69313,1,4.0
69314,2,4.5
69315,1,4.0
69319,2,5.0
69321,1,5.0
69322,1,4.0
69325,1,5.0
69328,2,5.0
69334,2,5.0
69338,2,5.0
69339,1,5.0
69340,1,5.0
69352,1,5.0
69354,1,3.0
69355,1,5.0
69356,1,4.0
69358,2,5.0
69360,1,2.0
69365,1,5.0
69366,4,4.5
69371,1,4.0
69372,1,3.0
69373,1,5.0
69374,3,4.666666666666667
69376,2,5.0
69379,1,4.0
69383,2,3.5
69391,3,5.0
69393,2,5.0
69395,1,5.0
69396,1,4.0
69402,2,3.5
69403,1,3.0
69412,1,5.0
69414,1,4.0
69415,1,4.0
69418,3,3.0
69419,2,3.5
69420,1,5.0
69421,1,4.0
69424,2,3.5
69425,2,4.0
69429,2,5.0
69431,1,5.0
69432,1,2.0
69435,3,1.6666666666666667
69436,1,5.0
69439,1,4.0
69440,5,3.6
69443,4,4.5
69444,2,2.5
69446,1,3.0
69449,1,5.0
69450,1,4.0
69452,1,5.0
69453,1,5.0
69454,1,5.0
69455,1,5.0
69456,4,4.75
69458,3,4.333333333333333
69459,1,5.0
69462,1,3.0
69463,2,3.0
69469,1,5.0
69473,2,3.5
69474,1,4.0
69476,2,5.0
69477,2,5.0
69478,1,5.0
69480,2,4.0
69481,1,4.0
69482,1,4.0
69483,1,4.0
69486,1,5.0
69488,1,5.0
69490,1,5.0
69494,1,5.0
69495,1,5.0
69498,1,5.0
69499,1,4.0
69500,1,4.0
69507,1,3.0
69511,1,2.0
69512,1,4.0
69515,1,5.0
69518,2,3.0
69519,1,3.0
69520,2,4.5
69521,1,3.0
69523,4,3.75
69524,1,5.0
69527,1,4.0
69529,1,5.0
69530,1,4.0
69531,1,3.0
69537,1,3.0
69540,1,3.0
69544,1,2.0
69548,4,3.25
69549,3,3.3333333333333335
69550,1,4.0
69551,5,4.2
69553,1,1.0
69554,1,4.0
69557,1,5.0
69561,1,5.0
69563,1,5.0
69564,1,3.0
69565,1,4.0
69566,1,4.0
69568,2,4.0
69571,4,3.75
69576,1,4.0
69578,1,3.0
69579,2,5.0
69580,1,3.0
69581,1,5.0
69584,2,4.0
69588,1,5.0
69589,1,4.0
69590,1,5.0
69593,1,4.0
69594,2,5.0
69595,1,1.0
69596,1,5.0
69597,1,4.0
69600,1,5.0
69601,2,4.5
69602,1,5.0
69603,6,4.5
69604,1,3.0
69614,1,5.0
69621,3,4.333333333333333
69630,1,3.0
69631,1,4.0
69635,1,5.0
69636,2,4.0
69637,1,5.0
69641,1,5.0
69644,1,5.0
69648,1,4.0
69650,2,1.0
69658,1,4.0
69659,1,3.0
69660,1,5.0
69661,1,4.0
69663,1,3.0
69666,1,4.0
69669,1,3.0
69671,1,4.0
69672,2,4.0
69674,3,4.333333333333333
69675,1,4.0
69676,1,5.0
69681,1,5.0
69685,1,5.0
69688,1,5.0
69689,1,3.0
69693,3,4.0
69694,2,5.0
69695,1,4.0
69700,1,5.0
69702,1,3.0
69703,1,5.0
69704,1,5.0
69705,5,4.6
69714,1,4.0
69715,1,5.0
69716,3,4.0
69720,1,5.0
69723,2,3.5
69726,3,2.3333333333333335
69727,2,5.0
69733,1,3.0
69742,2,3.5
69745,4,4.0
69746,1,4.0
69748,1,3.0
69750,2,4.0
69762,2,5.0
69765,1,5.0
69767,1,4.0
69769,1,5.0
69770,3,3.3333333333333335
69772,2,4.5
69773,1,5.0
69775,1,3.0
69776,2,4.5
69777,1,5.0
69780,1,4.0
69782,1,5.0
69796,1,3.0
69799,3,3.6666666666666665
69801,1,5.0
69802,1,4.0
69803,1,4.0
69806,1,5.0
69808,1,5.0
69809,2,5.0
69812,1,5.0
69814,2,4.5
69815,1,4.0
69816,2,5.0
69817,2,3.5
69821,2,4.5
69823,1,5.0
69829,1,3.0
69830,2,4.0
69831,1,5.0
69834,2,4.0
69837,11,4.090909090909091
69840,2,4.0
69841,5,4.6
69844,1,5.0
69845,1,4.0
69846,1,5.0
69848,1,5.0
69856,1,5.0
69859,2,4.0
69861,2,3.5
69862,1,4.0
69865,1,5.0
69869,1,4.0
69871,4,5.0
69877,1,4.0
69884,1,3.0
69888,1,1.0
69889,1,5.0
69897,5,4.0
69898,1,5.0
69901,1,4.0
69902,3,4.666666666666667
69904,1,4.0
69905,5,5.0
69908,1,5.0
69910,3,2.3333333333333335
69912,1,4.0
69919,1,5.0
69921,1,5.0
69923,2,4.0
69925,2,5.0
69931,1,4.0
69932,1,5.0
69934,1,5.0
69935,2,4.0
69937,1,5.0
69939,1,4.0
69940,1,5.0
69944,1,5.0
69946,1,5.0
69947,1,5.0
69950,1,5.0
69951,2,4.5
69954,1,5.0
69959,1,5.0
69960,1,3.0
69962,2,3.5
69963,1,4.0
69965,1,3.0
69966,2,5.0
69968,2,5.0
69969,2,5.0
69972,2,3.0
69978,1,4.0
69982,1,2.0
69984,2,5.0
69985,1,5.0
69994,1,5.0
69995,3,5.0
69996,1,1.0
69998,3,3.3333333333333335
69999,1,4.0
70000,1,5.0
70003,1,3.0
70004,1,5.0
70010,1,3.0
70011,1,2.0
70012,1,5.0
70013,1,4.0
70023,1,1.0
70025,1,3.0
70029,6,4.333333333333333
70031,2,5.0
70032,1,5.0
70033,1,4.0
70035,1,4.0
70037,1,5.0
70038,1,5.0
70041,1,3.0
70043,1,5.0
70044,3,3.6666666666666665
70051,2,4.5
70053,1,5.0
70054,1,4.0
70055,3,4.666666666666667
70057,3,4.0
70064,1,5.0
70065,1,1.0
70066,2,3.5
70073,1,4.0
70077,1,4.0
70078,2,4.5
70083,1,4.0
70085,1,5.0
70089,1,4.0
70090,1,5.0
70094,1,3.0
70095,2,3.5
70096,1,2.0
70100,1,3.0
70110,1,4.0
70112,1,4.0
70114,1,4.0
70120,1,5.0
70122,1,5.0
70128,1,4.0
70129,2,4.5
70132,1,5.0
70135,1,4.0
70136,1,5.0
70137,1,5.0
70140,2,4.0
70141,1,5.0
70143,1,4.0
70146,1,4.0
70147,1,5.0
70148,1,3.0
70150,2,5.0
70151,1,4.0
70152,1,3.0
70153,1,3.0
70155,2,4.0
70162,1,5.0
70165,2,4.5
70166,1,4.0
70167,1,3.0
70170,1,3.0
70173,5,3.4
70176,1,3.0
70180,1,3.0
70181,1,2.0
70182,1,4.0
70185,2,4.0
70188,2,4.5
70191,1,5.0
70194,2,5.0
70196,1,3.0
70197,1,4.0
70202,3,4.0
70204,1,4.0
70205,1,5.0
70214,1,4.0
70215,2,4.0
70222,3,4.0
70223,2,4.0
70224,1,5.0
70225,1,5.0
70229,2,3.0
70231,3,4.666666666666667
70234,1,5.0
70236,2,5.0
70237,6,4.333333333333333
70238,2,4.5
70241,1,5.0
70243,1,5.0
70247,1,5.0
70249,1,5.0
70257,2,4.0
70258,1,4.0
70259,1,3.0
70269,4,3.75
70273,1,5.0
70275,2,4.5
70276,1,4.0
70278,2,5.0
70279,1,5.0
70281,2,5.0
70282,1,3.0
70283,2,5.0
70286,5,3.8
70288,1,4.0
70290,1,5.0
70303,1,3.0
70307,2,4.5
70308,1,3.0
70309,1,1.0
70312,1,5.0
70313,4,4.5
70314,1,5.0
70315,3,4.333333333333333
70318,1,5.0
70323,2,4.0
70325,4,5.0
70326,1,5.0
70333,1,5.0
70334,7,4.428571428571429
70335,2,4.0
70336,1,3.0
70338,1,5.0
70339,1,4.0
70342,1,5.0
70347,1,5.0
70353,1,5.0
70355,1,5.0
70361,2,5.0
70362,2,4.5
70365,2,4.0
70366,1,4.0
70367,1,5.0
70374,1,4.0
70376,1,5.0
70377,2,3.0
70379,1,4.0
70380,2,4.0
70383,1,3.0
70385,1,4.0
70386,2,4.5
70392,2,4.5
70395,1,4.0
70396,3,3.6666666666666665
70398,5,4.0
70399,1,3.0
70401,1,4.0
70403,1,3.0
70408,3,3.0
70409,1,5.0
70411,1,5.0
70412,1,5.0
70413,3,4.666666666666667
70419,1,5.0
70420,1,2.0
70421,1,3.0
70422,1,5.0
70423,1,5.0
70429,1,4.0
70430,2,4.5
70433,2,4.5
70436,3,4.333333333333333
70438,1,5.0
70439,2,5.0
70444,1,4.0
70449,3,4.333333333333333
70452,1,5.0
70456,1,5.0
70457,1,3.0
70462,4,4.0
70465,1,5.0
70467,1,5.0
70473,1,5.0
70475,1,1.0
70477,1,5.0
70483,2,4.5
70484,4,4.0
70486,1,5.0
70488,1,3.0
70489,5,3.0
70491,2,2.5
70492,3,4.333333333333333
70493,1,2.0
70494,1,2.0
70497,1,1.0
70498,2,4.5
70503,5,3.6
70504,5,4.6
70505,1,5.0
70506,1,4.0
70509,1,4.0
70510,1,4.0
70511,1,5.0
70513,1,5.0
70514,1,5.0
70516,1,4.0
70520,2,3.5
70525,1,5.0
70529,1,2.0
70533,1,2.0
70543,1,5.0
70546,1,2.0
70547,2,3.0
70549,1,5.0
70550,1,4.0
70551,1,5.0
70552,1,2.0
70554,1,2.0
70555,1,5.0
70557,1,2.0
70560,1,4.0
70564,2,5.0
70567,3,4.0
70569,1,4.0
70571,1,5.0
70573,1,5.0
70580,1,5.0
70584,2,4.0
70588,1,5.0
70589,1,1.0
70590,1,4.0
70593,2,4.0
70594,1,5.0
70595,3,4.0
70599,1,3.0
70600,1,4.0
70601,1,4.0
70611,1,3.0
70614,2,5.0
70615,1,3.0
70619,1,5.0
70624,5,4.4
70627,2,3.5
70628,1,4.0
70633,3,3.3333333333333335
70636,1,4.0
70639,3,3.6666666666666665
70643,1,5.0
70647,1,3.0
70648,1,3.0
70650,2,5.0
70651,1,4.0
70653,1,4.0
70655,1,5.0
70656,1,5.0
70661,1,1.0
70662,1,3.0
70663,25,3.92
70667,1,5.0
70669,1,4.0
70671,1,5.0
70672,1,4.0
70679,3,2.6666666666666665
70683,1,4.0
70687,1,5.0
70689,1,2.0
70690,1,4.0
70691,1,3.0
70692,1,5.0
70695,3,5.0
70696,1,4.0
70698,1,5.0
70699,2,3.0
70700,1,2.0
70704,2,4.0
70706,1,1.0
70709,1,5.0
70713,2,3.0
70714,1,4.0
70717,1,5.0
70721,1,5.0
70722,1,3.0
70726,1,3.0
70727,3,4.0
70731,1,3.0
70732,1,4.0
70738,3,4.333333333333333
70739,2,4.0
70740,1,4.0
70741,1,5.0
70742,2,4.0
70746,4,4.0
70749,1,5.0
70751,8,4.125
70755,1,4.0
70761,2,4.5
70768,5,4.0
70773,1,4.0
70780,1,3.0
70781,1,4.0
70787,2,4.0
70789,2,3.5
70790,2,4.0
70792,2,4.0
70794,3,5.0
70796,1,4.0
70801,2,4.0
70802,4,4.25
70803,1,4.0
70805,2,5.0
70806,2,4.0
70807,2,4.0
70810,1,5.0
70811,3,5.0
70812,2,4.0
70819,1,4.0
70823,5,4.0
70826,1,4.0
70835,1,5.0
70836,2,4.0
70837,6,4.0
70838,1,3.0
70843,1,5.0
70846,1,5.0
70848,1,5.0
70851,2,3.5
70853,2,4.5
70854,4,3.75
70858,3,4.0
70859,2,5.0
70860,1,3.0
70862,1,4.0
70863,1,4.0
70864,1,5.0
70865,1,4.0
70867,3,3.6666666666666665
70868,1,4.0
70872,1,4.0
70877,1,3.0
70880,1,1.0
70885,1,5.0
70886,1,5.0
70891,1,5.0
70895,2,3.5
70899,1,3.0
70905,1,5.0
70906,1,5.0
70908,1,5.0
70910,1,4.0
70913,1,5.0
70916,3,5.0
70917,1,4.0
70918,1,5.0
70920,1,5.0
70930,1,5.0
70932,1,1.0
70933,1,5.0
70934,2,4.0
70935,1,5.0
70936,1,5.0
70939,1,4.0
70940,4,4.0
70945,1,5.0
70946,2,4.5
70955,3,3.0
70956,2,5.0
70957,1,5.0
70963,1,4.0
70965,1,3.0
70967,9,4.666666666666667
70969,1,5.0
70971,1,5.0
70975,2,5.0
70978,2,5.0
70982,1,5.0
70983,1,5.0
70985,2,3.0
70986,2,5.0
70987,2,4.0
70988,3,4.666666666666667
70994,1,3.0
70997,3,4.666666666666667
70999,2,4.0
71006,1,5.0
71007,2,4.0
71010,2,3.5
71015,3,3.6666666666666665
71018,1,4.0
71019,3,4.0
71021,1,4.0
71025,2,4.0
71026,1,5.0
71027,1,5.0
71028,1,5.0
71031,1,5.0
71032,1,3.0
71035,1,5.0
71036,1,5.0
71038,1,3.0
71041,2,4.0
71044,1,4.0
71047,1,4.0
71051,1,3.0
71055,2,3.5
71057,1,5.0
71072,2,1.0
71073,1,5.0
71074,1,5.0
71075,1,5.0
71079,3,4.0
71081,1,5.0
71082,1,5.0
71084,1,2.0
71085,1,2.0
71087,1,2.0
71089,4,4.25
71094,1,4.0
71096,1,5.0
71097,1,5.0
71098,1,4.0
71102,2,3.0
71107,2,4.5
71108,1,4.0
71111,3,3.6666666666666665
71113,4,4.75
71114,1,5.0
71119,2,3.0
71122,2,3.5
71123,1,4.0
71124,2,4.5
71125,1,5.0
71126,1,3.0
71130,1,4.0
71132,1,5.0
71136,1,5.0
71138,4,4.5
71140,1,5.0
71150,1,5.0
71152,1,4.0
71154,3,4.666666666666667
71155,1,5.0
71157,1,4.0
71161,4,4.5
71162,1,5.0
71163,1,3.0
71166,2,4.0
71168,1,4.0
71171,1,5.0
71173,2,5.0
71175,1,5.0
71176,2,5.0
71180,1,4.0
71181,1,5.0
71184,1,5.0
71185,1,5.0
71187,1,4.0
71188,1,2.0
71189,2,5.0
71192,2,3.0
71196,2,5.0
71199,1,3.0
71202,1,4.0
71205,1,4.0
71207,2,4.0
71208,1,4.0
71209,1,4.0
71214,1,4.0
71219,1,4.0
71220,1,5.0
71221,1,4.0
71224,1,4.0
71226,1,4.0
71232,1,4.0
71233,1,3.0
71234,1,5.0
71235,1,4.0
71237,1,5.0
71239,1,4.0
71240,2,5.0
71243,1,5.0
71248,1,4.0
71249,1,5.0
71250,1,4.0
71251,1,4.0
71253,2,4.0
71255,1,5.0
71256,1,5.0
71258,2,3.5
71266,1,5.0
71268,2,4.5
71269,2,4.0
71272,1,5.0
71274,1,4.0
71275,1,5.0
71276,3,3.3333333333333335
71277,1,2.0
71282,1,4.0
71284,2,3.0
71285,1,4.0
71290,2,5.0
71291,3,4.666666666666667
71296,1,4.0
71302,1,4.0
71308,3,3.3333333333333335
71309,1,5.0
71310,1,3.0
71311,1,5.0
71312,1,3.0
71313,2,3.5
71316,7,4.714285714285714
71323,1,5.0
71331,1,5.0
71332,1,4.0
71334,1,3.0
71335,1,5.0
71336,2,4.5
71340,2,3.0
71341,2,4.5
71342,1,5.0
71343,1,5.0
71344,1,4.0
71345,2,4.5
71347,2,3.5
71348,1,3.0
71351,1,4.0
71352,5,3.8
71353,1,3.0
71363,2,3.5
71369,1,4.0
71370,2,5.0
71371,4,4.25
71372,1,4.0
71373,1,4.0
71377,1,5.0
71378,1,5.0
71382,3,4.666666666666667
71384,2,4.0
71385,1,4.0
71386,2,5.0
71389,1,5.0
71394,1,3.0
71397,2,4.5
71398,2,4.5
71400,1,3.0
71412,1,4.0
71415,1,5.0
71416,2,4.5
71417,1,4.0
71422,2,3.5
71423,2,4.5
71424,3,3.6666666666666665
71426,1,3.0
71428,2,3.0
71429,1,1.0
71430,1,4.0
71431,1,5.0
71432,1,4.0
71435,2,4.0
71436,2,5.0
71440,1,4.0
71442,2,4.5
71443,1,5.0
71444,1,5.0
71448,1,4.0
71451,1,3.0
71453,1,5.0
71454,1,5.0
71456,3,3.6666666666666665
71463,1,3.0
71466,1,4.0
71467,1,5.0
71470,1,5.0
71472,1,3.0
71475,1,3.0
71477,1,4.0
71483,1,5.0
71486,1,5.0
71488,1,4.0
71489,2,3.5
71490,1,3.0
71493,1,4.0
71496,1,4.0
71498,2,3.5
71499,1,2.0
71503,1,5.0
71504,2,4.5
71510,4,3.5
71511,3,5.0
71513,1,5.0
71514,2,4.5
71516,1,5.0
71518,1,5.0
71519,1,4.0
71521,2,5.0
71527,5,3.4
71529,2,4.0
71530,1,4.0
71533,1,2.0
71534,1,3.0
71535,6,4.333333333333333
71538,1,5.0
71540,4,5.0
71542,2,4.0
71543,2,1.5
71546,1,5.0
71549,1,5.0
71556,1,4.0
71559,1,5.0
71560,4,4.5
71561,7,4.0
71562,2,4.5
71564,1,4.0
71566,1,5.0
71567,1,5.0
71568,1,4.0
71571,4,4.5
71572,1,5.0
71573,3,4.333333333333333
71575,1,5.0
71578,1,4.0
71579,2,4.0
71581,2,4.0
71582,1,4.0
71584,3,4.0
71585,1,5.0
71588,2,4.0
71589,1,4.0
71590,2,4.5
71596,3,4.333333333333333
71598,1,1.0
71600,1,4.0
71602,1,4.0
71608,1,4.0
71609,1,3.0
71610,1,5.0
71615,4,4.0
71616,1,3.0
71617,3,4.333333333333333
71619,2,2.5
71624,1,3.0
71626,2,4.0
71628,1,4.0
71629,3,4.0
71631,2,5.0
71632,4,4.0
71634,1,5.0
71636,1,5.0
71645,5,4.0
71646,1,3.0
71650,1,4.0
71652,1,3.0
71654,1,5.0
71655,1,5.0
71657,1,5.0
71658,1,5.0
71661,3,5.0
71664,1,3.0
71670,1,5.0
71675,1,4.0
71676,2,4.0
71677,2,3.0
71678,1,4.0
71682,1,5.0
71687,2,5.0
71689,4,4.25
71690,2,1.0
71691,1,5.0
71694,2,5.0
71698,1,4.0
71703,1,4.0
71705,3,5.0
71708,1,3.0
71709,1,4.0
71710,3,5.0
71711,3,4.333333333333333
71712,1,4.0
71713,1,5.0
71715,2,3.5
71716,4,4.5
71717,1,3.0
71719,1,4.0
71721,1,5.0
71722,2,4.0
71723,1,4.0
71724,1,5.0
71725,3,3.0
71727,1,3.0
71729,5,4.4
71730,1,5.0
71731,1,5.0
71732,1,4.0
71736,1,4.0
71739,2,4.5
71742,2,4.0
71750,2,4.0
71753,1,3.0
71756,2,4.0
71758,1,5.0
71760,1,3.0
71761,1,1.0
71763,1,5.0
71764,1,5.0
71767,2,5.0
71768,2,4.0
71769,1,5.0
71771,1,4.0
71774,5,4.6
71776,4,5.0
71778,1,4.0
71779,1,5.0
71788,1,5.0
71790,2,3.0
71794,1,3.0
71796,1,5.0
71797,2,4.0
71798,1,2.0
71804,1,5.0
71806,4,4.75
71808,2,5.0
71809,2,4.0
71812,2,5.0
71814,1,5.0
71816,3,4.666666666666667
71822,1,3.0
71823,2,5.0
71826,1,5.0
71832,1,5.0
71837,1,4.0
71838,1,5.0
71839,1,4.0
71840,1,5.0
71846,1,4.0
71848,1,4.0
71850,1,5.0
71852,1,5.0
71853,1,5.0
71855,1,4.0
71859,1,2.0
71860,1,4.0
71861,1,3.0
71870,1,4.0
71874,1,5.0
71876,2,4.5
71882,1,5.0
71883,1,4.0
71885,2,5.0
71886,1,4.0
71889,3,3.3333333333333335
71900,1,3.0
71904,1,5.0
71910,1,4.0
71914,2,4.0
71916,1,4.0
71920,2,4.0
71923,1,5.0
71925,1,5.0
71926,1,5.0
71927,1,4.0
71929,1,5.0
71930,1,5.0
71933,1,5.0
71943,1,2.0
71946,2,3.0
71947,2,3.5
71948,2,4.0
71949,1,2.0
71950,1,3.0
71951,4,5.0
71954,1,5.0
71957,1,5.0
71959,5,4.2
71960,1,1.0
71961,2,4.0
71966,1,5.0
71967,1,3.0
71969,2,3.0
71970,1,4.0
71972,1,5.0
71974,2,4.0
71981,3,4.666666666666667
71982,1,1.0
71984,1,5.0
71986,1,5.0
71989,1,5.0
71992,2,3.0
71994,1,3.0
71997,1,5.0
71998,1,4.0
72005,3,5.0
72008,1,5.0
72009,2,4.0
72013,1,4.0
72015,2,3.5
72016,1,3.0
72018,1,1.0
72021,1,5.0
72024,3,3.3333333333333335
72026,2,5.0
72029,1,5.0
72031,2,5.0
72032,1,4.0
72034,1,5.0
72035,3,4.333333333333333
72036,1,5.0
72037,1,5.0
72038,1,5.0
72040,2,5.0
72042,1,4.0
72044,1,5.0
72046,9,4.666666666666667
72047,4,3.75
72048,2,4.0
72058,2,1.5
72059,1,4.0
72061,1,5.0
72062,2,4.0
72063,1,5.0
72066,1,4.0
72068,1,5.0
72071,1,4.0
72073,6,3.6666666666666665
72075,1,4.0
72078,1,4.0
72079,1,5.0
72080,1,4.0
72081,1,1.0
72085,3,4.0
72086,1,5.0
72087,1,4.0
72089,1,4.0
72090,1,5.0
72091,1,1.0
72092,1,1.0
72097,1,5.0
72098,1,5.0
72099,1,4.0
72104,1,5.0
72105,4,4.75
72107,1,5.0
72108,3,3.3333333333333335
72116,2,3.5
72123,1,5.0
72126,1,4.0
72127,1,5.0
72129,2,4.0
72135,1,5.0
72137,2,2.5
72138,2,4.5
72139,1,4.0
72140,1,5.0
72141,1,4.0
72142,1,5.0
72144,1,3.0
72147,1,5.0
72148,1,5.0
72151,5,4.2
72153,1,5.0
72154,2,4.5
72156,1,5.0
72159,1,4.0
72162,1,5.0
72164,2,2.5
72169,2,3.5
72170,3,3.6666666666666665
72173,2,3.5
72179,1,3.0
72181,3,4.333333333333333
72183,1,5.0
72187,1,4.0
72190,2,3.5
72193,1,5.0
72202,3,4.0
72204,1,5.0
72208,5,4.4
72211,2,5.0
72218,1,3.0
72224,3,2.6666666666666665
72228,4,4.0
72235,1,3.0
72237,1,4.0
72239,1,5.0
72243,1,4.0
72246,1,3.0
72248,1,5.0
72249,3,3.6666666666666665
72258,1,3.0
72263,2,4.5
72264,1,4.0
72267,1,4.0
72268,1,4.0
72270,4,4.25
72272,1,5.0
72275,1,5.0
72277,2,4.0
72279,2,5.0
72282,1,5.0
72286,1,3.0
72289,1,4.0
72290,1,5.0
72291,1,5.0
72293,1,5.0
72294,1,5.0
72299,1,5.0
72300,1,5.0
72302,1,5.0
72303,1,5.0
72304,3,4.333333333333333
72306,2,4.0
72309,1,4.0
72311,1,4.0
72315,1,5.0
72321,1,4.0
72322,1,4.0
72324,1,5.0
72326,1,4.0
72328,2,5.0
72330,3,5.0
72333,1,1.0
72336,1,4.0
72337,1,4.0
72338,2,5.0
72339,1,3.0
72342,2,4.5
72344,1,5.0
72347,2,4.0
72351,2,4.5
72356,3,4.666666666666667
72358,1,5.0
72363,2,4.0
72367,3,4.666666666666667
72371,1,3.0
72372,1,5.0
72375,1,5.0
72379,1,1.0
72381,3,5.0
72382,2,4.0
72383,1,3.0
72384,1,5.0
72386,1,5.0
72387,1,4.0
72395,1,1.0
72396,3,4.333333333333333
72397,3,4.0
72399,2,4.0
72405,1,5.0
72407,1,5.0
72409,1,5.0
72414,1,4.0
72416,1,5.0
72417,1,4.0
72419,1,4.0
72420,14,3.7857142857142856
72425,1,5.0
72426,1,5.0
72427,2,4.5
72428,1,5.0
72431,1,5.0
72432,1,4.0
72435,1,5.0
72437,2,3.0
72438,1,5.0
72439,5,3.2
72440,1,1.0
72441,1,5.0
72442,1,2.0
72443,2,5.0
72447,1,4.0
72448,2,5.0
72452,1,5.0
72453,2,5.0
72454,1,3.0
72456,1,5.0
72457,1,5.0
72459,1,4.0
72461,1,5.0
72462,2,5.0
72463,1,4.0
72464,1,5.0
72465,1,4.0
72467,1,5.0
72468,1,5.0
72469,1,4.0
72479,1,4.0
72481,1,3.0
72482,1,5.0
72492,1,1.0
72493,2,4.5
72496,5,4.6
72497,2,4.5
72500,4,4.0
72501,1,5.0
72506,2,4.0
72507,1,5.0
72509,1,5.0
72510,2,3.0
72512,1,5.0
72519,1,2.0
72522,1,4.0
72523,1,3.0
72524,1,4.0
72525,1,5.0
72527,1,3.0
72529,1,5.0
72531,1,5.0
72532,1,4.0
72535,1,4.0
72538,1,4.0
72540,1,4.0
72543,1,5.0
72548,1,5.0
72549,1,4.0
72550,1,5.0
72555,1,4.0
72556,1,3.0
72557,1,4.0
72559,4,4.75
72560,1,5.0
72565,1,4.0
72566,4,3.75
72568,2,4.5
72569,3,4.666666666666667
72570,1,5.0
72575,1,4.0
72576,1,4.0
72581,1,5.0
72586,1,4.0
72589,1,5.0
72597,2,4.0
72598,2,5.0
72599,1,5.0
72601,1,4.0
72602,1,5.0
72603,1,4.0
72611,1,4.0
72616,1,2.0
72617,1,5.0
72618,3,4.0
72619,1,5.0
72620,2,3.5
72621,1,3.0
72623,1,5.0
72625,1,5.0
72630,2,4.5
72631,1,5.0
72632,2,3.5
72634,1,4.0
72635,6,4.0
72637,1,4.0
72638,1,5.0
72639,1,5.0
72642,1,1.0
72646,1,2.0
72650,2,5.0
72651,1,5.0
72652,2,3.0
72655,1,2.0
72660,1,5.0
72662,1,4.0
72663,1,5.0
72666,1,3.0
72669,1,5.0
72672,2,3.0
72674,1,5.0
72676,1,4.0
72679,1,5.0
72688,5,4.8
72691,2,3.0
72694,1,5.0
72697,5,4.8
72698,1,5.0
72703,4,3.0
72704,3,4.666666666666667
72705,1,2.0
72707,3,4.333333333333333
72710,1,4.0
72712,1,4.0
72715,1,3.0
72719,1,5.0
72722,2,4.5
72723,2,3.0
72724,2,4.0
72727,2,5.0
72730,1,5.0
72731,3,3.6666666666666665
72733,2,4.0
72734,1,3.0
72735,2,4.0
72738,1,5.0
72741,1,5.0
72742,1,5.0
72745,1,5.0
72746,1,3.0
72747,1,5.0
72750,1,3.0
72754,2,4.0
72757,1,3.0
72758,1,5.0
72759,3,4.0
72765,1,4.0
72766,2,5.0
72774,3,3.0
72775,1,5.0
72777,1,4.0
72780,2,3.5
72783,1,3.0
72787,1,4.0
72789,1,2.0
72790,1,5.0
72791,2,4.0
72792,2,4.0
72793,2,4.0
72799,1,5.0
72801,1,3.0
72802,1,4.0
72803,2,4.5
72804,2,5.0
72805,1,5.0
72807,2,5.0
72811,1,2.0
72813,5,4.4
72816,1,5.0
72820,1,5.0
72821,3,4.0
72824,1,5.0
72830,1,5.0
72832,2,5.0
72833,1,2.0
72844,1,5.0
72846,1,4.0
72848,1,5.0
72849,2,5.0
72850,1,5.0
72851,1,4.0
72852,1,4.0
72853,1,4.0
72855,1,5.0
72856,2,5.0
72863,2,5.0
72867,1,5.0
72873,1,4.0
72876,2,2.5
72881,1,2.0
72882,1,4.0
72888,1,5.0
72891,1,5.0
72892,1,1.0
72895,1,4.0
72896,2,2.0
72897,1,3.0
72898,2,5.0
72903,2,4.0
72907,2,4.5
72909,1,5.0
72910,1,5.0
72911,2,4.0
72912,1,5.0
72913,1,5.0
72916,1,3.0
72917,2,5.0
72922,3,3.3333333333333335
72923,1,4.0
72927,1,3.0
72932,1,4.0
72933,3,4.666666666666667
72934,1,5.0
72937,1,5.0
72940,1,5.0
72941,1,4.0
72942,2,3.5
72943,3,4.333333333333333
72946,1,5.0
72947,1,5.0
72951,1,5.0
72952,1,4.0
72953,1,5.0
72955,1,4.0
72958,1,4.0
72960,3,4.333333333333333
72961,4,4.0
72962,2,4.0
72964,1,4.0
72965,1,4.0
72969,1,4.0
72974,1,4.0
72980,1,5.0
72983,1,3.0
72985,1,5.0
72986,1,1.0
72987,1,3.0
72991,2,4.0
72996,1,5.0
73001,2,5.0
73002,2,4.0
73008,1,5.0
73009,1,4.0
73010,1,4.0
73012,1,5.0
73019,3,2.3333333333333335
73021,1,3.0
73022,1,5.0
73023,2,4.5
73025,1,5.0
73028,2,5.0
73030,1,5.0
73035,1,3.0
73036,1,5.0
73044,4,5.0
73050,1,4.0
73052,1,5.0
73053,4,4.0
73055,3,3.6666666666666665
73058,1,4.0
73059,2,4.0
73060,1,5.0
73063,1,5.0
73064,1,5.0
73067,1,5.0
73071,1,3.0
73077,3,3.6666666666666665
73082,1,5.0
73083,1,4.0
73084,1,4.0
73086,2,4.5
73089,1,5.0
73096,2,4.0
73098,1,4.0
73099,1,4.0
73103,1,4.0
73104,1,4.0
73106,1,5.0
73107,1,5.0
73111,1,5.0
73112,1,4.0
73118,1,4.0
73120,1,4.0
73121,3,4.333333333333333
73124,1,5.0
73126,1,2.0
73128,1,2.0
73131,1,4.0
73132,1,4.0
73133,1,5.0
73134,2,3.0
73135,1,5.0
73137,2,4.5
73141,2,4.0
73151,2,1.0
73154,2,5.0
73156,1,5.0
73159,2,4.5
73162,1,4.0
73163,1,3.0
73165,1,5.0
73170,1,5.0
73171,1,5.0
73172,3,4.333333333333333
73173,1,5.0
73174,1,3.0
73179,1,5.0
73183,1,5.0
73186,1,3.0
73188,1,3.0
73189,1,4.0
73197,2,2.0
73200,1,3.0
73201,3,4.0
73203,1,5.0
73210,1,3.0
73212,1,5.0
73221,1,5.0
73222,2,4.0
73225,1,4.0
73232,1,4.0
73234,2,3.0
73235,1,1.0
73238,1,5.0
73244,2,3.5
73245,1,5.0
73248,1,5.0
73250,1,4.0
73251,1,5.0
73254,2,3.0
73255,2,4.5
73258,1,4.0
73261,1,4.0
73269,2,4.5
73270,2,5.0
73271,3,4.0
73272,1,4.0
73274,1,4.0
73275,1,4.0
73277,2,3.5
73278,3,5.0
73279,9,4.111111111111111
73280,1,2.0
73281,1,4.0
73282,1,4.0
73284,1,5.0
73287,1,4.0
73289,2,5.0
73290,4,4.75
73291,1,2.0
73295,1,3.0
73307,1,5.0
73308,1,5.0
73309,1,3.0
73310,1,4.0
73312,2,4.5
73313,1,4.0
73316,4,4.25
73317,1,5.0
73319,1,4.0
73323,1,4.0
73324,1,4.0
73326,1,4.0
73327,1,3.0
73330,2,3.5
73333,1,4.0
73334,1,5.0
73335,2,4.5
73336,1,5.0
73337,1,4.0
73341,1,4.0
73342,3,4.0
73346,1,5.0
73348,1,5.0
73349,1,5.0
73351,1,4.0
73361,1,5.0
73365,1,3.0
73366,2,4.0
73367,1,5.0
73371,1,3.0
73372,1,4.0
73373,1,4.0
73374,2,5.0
73378,1,4.0
73379,1,5.0
73381,3,4.333333333333333
73382,2,3.5
73383,1,1.0
73384,1,3.0
73385,1,4.0
73386,1,4.0
73393,1,2.0
73397,2,3.0
73398,1,4.0
73400,1,3.0
73401,1,2.0
73402,1,5.0
73405,4,5.0
73407,2,4.0
73409,1,4.0
73410,1,5.0
73412,1,3.0
73413,1,4.0
73417,2,4.0
73419,2,4.5
73420,1,4.0
73421,1,4.0
73423,1,5.0
73424,1,5.0
73432,1,5.0
73438,2,5.0
73445,2,5.0
73448,1,4.0
73452,1,4.0
73456,1,5.0
73458,1,5.0
73460,1,5.0
73464,1,5.0
73467,2,2.0
73468,1,4.0
73472,1,5.0
73474,1,5.0
73477,1,4.0
73478,1,5.0
73479,1,4.0
73480,1,4.0
73481,1,4.0
73485,1,2.0
73486,2,5.0
73490,1,4.0
73491,1,5.0
73496,1,5.0
73500,1,4.0
73504,3,4.666666666666667
73505,1,4.0
73506,1,5.0
73509,4,4.5
73510,1,4.0
73511,1,5.0
73515,2,4.5
73516,1,5.0
73522,1,4.0
73524,1,2.0
73526,1,3.0
73530,1,5.0
73531,1,4.0
73533,1,5.0
73535,1,3.0
73536,3,4.0
73537,1,5.0
73544,1,3.0
73547,2,4.5
73548,1,5.0
73549,2,4.5
73551,1,4.0
73554,2,4.0
73555,2,2.0
73557,2,4.0
73558,1,5.0
73560,2,5.0
73563,5,3.8
73564,1,1.0
73565,1,5.0
73567,2,5.0
73568,2,3.5
73573,1,5.0
73575,2,4.0
73576,4,3.25
73578,1,3.0
73579,1,3.0
73580,1,5.0
73581,1,5.0
73584,2,4.5
73586,1,4.0
73589,4,4.25
73591,1,4.0
73595,1,3.0
73596,1,5.0
73602,1,2.0
73604,1,4.0
73605,1,5.0
73608,1,3.0
73610,1,5.0
73611,1,5.0
73615,1,4.0
73618,2,5.0
73622,1,4.0
73626,4,4.5
73632,1,4.0
73633,2,4.0
73637,1,5.0
73640,1,4.0
73644,1,4.0
73646,2,4.5
73648,1,5.0
73650,1,5.0
73652,1,5.0
73653,2,3.0
73655,1,4.0
73657,1,4.0
73658,1,4.0
73661,1,4.0
73664,1,5.0
73667,1,5.0
73670,1,5.0
73671,2,4.5
73672,1,5.0
73674,2,5.0
73676,1,4.0
73677,1,4.0
73679,1,5.0
73681,2,3.5
73682,1,5.0
73683,2,5.0
73684,9,4.555555555555555
73685,1,4.0
73686,2,2.0
73687,1,5.0
73691,1,5.0
73692,1,4.0
73696,1,4.0
73697,3,4.666666666666667
73698,5,4.0
73699,1,5.0
73700,1,5.0
73701,1,4.0
73702,1,5.0
73709,1,4.0
73711,1,4.0
73713,5,4.0
73714,2,5.0
73715,5,4.8
73716,2,4.5
73720,3,4.666666666666667
73724,2,4.0
73725,2,5.0
73726,2,3.5
73728,2,3.0
73731,1,5.0
73732,2,4.0
73733,2,4.5
73740,1,5.0
73746,1,5.0
73747,1,4.0
73751,3,4.333333333333333
73752,11,4.090909090909091
73753,1,3.0
73754,1,4.0
73759,2,4.0
73760,2,2.5
73761,1,5.0
73764,1,4.0
73771,1,5.0
73772,1,5.0
73773,4,4.0
73775,2,5.0
73776,4,4.25
73779,1,4.0
73783,2,4.5
73786,3,4.0
73788,2,4.0
73790,1,1.0
73793,1,5.0
73796,2,3.5
73797,2,5.0
73799,1,4.0
73801,1,4.0
73804,1,5.0
73808,2,5.0
73815,1,5.0
73816,2,4.5
73819,1,4.0
73821,1,5.0
73824,1,5.0
73826,3,4.333333333333333
73828,1,4.0
73833,2,3.0
73835,1,3.0
73837,1,4.0
73839,2,5.0
73841,1,4.0
73845,2,5.0
73847,1,4.0
73848,1,4.0
73849,1,5.0
73852,2,5.0
73857,1,5.0
73861,1,3.0
73862,2,5.0
73866,2,5.0
73869,1,3.0
73871,1,5.0
73877,1,3.0
73879,1,5.0
73880,1,4.0
73881,2,4.5
73885,3,3.6666666666666665
73886,1,3.0
73888,1,1.0
73890,1,2.0
73891,1,5.0
73892,1,5.0
73894,1,5.0
73896,3,5.0
73897,3,5.0
73898,1,5.0
73901,1,3.0
73905,1,5.0
73907,3,4.333333333333333
73909,1,5.0
73910,3,5.0
73912,1,2.0
73913,1,5.0
73917,4,4.5
73925,1,3.0
73931,1,5.0
73934,1,5.0
73938,1,5.0
73939,1,2.0
73942,1,5.0
73943,1,4.0
73944,1,5.0
73945,2,4.0
73948,1,3.0
73949,1,5.0
73951,1,4.0
73954,1,2.0
73956,1,4.0
73957,3,4.0
73958,1,4.0
73960,2,3.0
73961,1,4.0
73963,1,4.0
73965,2,5.0
73967,1,5.0
73968,2,2.0
73970,2,4.5
73973,2,4.5
73978,1,4.0
73979,3,4.666666666666667
73980,1,5.0
73983,2,4.5
73985,1,5.0
73987,1,5.0
73989,2,5.0
73995,1,3.0
73999,1,5.0
74001,1,4.0
74002,2,4.5
74003,4,5.0
74008,1,5.0
74010,1,4.0
74011,1,4.0
74017,2,4.5
74018,1,3.0
74019,1,3.0
74024,1,4.0
74027,1,4.0
74029,1,4.0
74031,1,5.0
74032,1,5.0
74034,1,4.0
74036,2,3.5
74042,1,5.0
74043,1,5.0
74044,3,4.333333333333333
74046,1,4.0
74047,2,5.0
74048,1,5.0
74049,1,5.0
74050,2,4.0
74052,1,4.0
74054,1,4.0
74059,3,3.6666666666666665
74061,2,4.5
74062,3,5.0
74064,1,4.0
74065,4,4.25
74069,1,5.0
74071,1,5.0
74073,2,5.0
74078,1,4.0
74080,2,4.0
74084,1,5.0
74085,1,5.0
74091,1,5.0
74096,1,5.0
74100,1,4.0
74102,2,4.0
74104,1,4.0
74109,1,3.0
74114,1,3.0
74116,1,3.0
74117,1,5.0
74120,2,5.0
74125,1,4.0
74126,1,5.0
74127,1,5.0
74128,1,5.0
74130,1,5.0
74138,3,4.0
74140,1,3.0
74141,1,5.0
74142,1,4.0
74145,1,5.0
74148,1,5.0
74149,1,5.0
74150,1,5.0
74153,1,3.0
74155,1,4.0
74157,1,3.0
74159,2,4.0
74160,1,5.0
74161,1,4.0
74164,1,4.0
74166,2,4.5
74168,1,3.0
74170,2,4.5
74171,1,5.0
74172,3,4.0
74174,1,5.0
74176,3,3.6666666666666665
74178,1,3.0
74185,1,3.0
74188,1,5.0
74193,2,4.0
74199,1,4.0
74201,1,5.0
74202,1,4.0
74203,1,5.0
74208,2,4.0
74210,1,4.0
74211,1,4.0
74213,3,3.6666666666666665
74215,2,4.0
74216,3,5.0
74217,2,5.0
74219,2,3.5
74221,2,4.5
74228,2,4.0
74231,1,3.0
74238,1,2.0
74240,1,5.0
74245,1,3.0
74250,2,5.0
74252,3,3.6666666666666665
74253,2,4.0
74254,1,5.0
74258,1,5.0
74259,1,5.0
74263,1,5.0
74264,1,4.0
74266,1,5.0
74267,2,4.0
74270,1,4.0
74271,1,3.0
74272,1,5.0
74275,1,5.0
74276,1,4.0
74281,1,5.0
74282,3,5.0
74283,1,5.0
74287,2,5.0
74290,2,3.0
74292,1,5.0
74293,1,3.0
74294,1,5.0
74295,2,4.0
74303,1,5.0
74307,1,5.0
74311,8,4.0
74312,1,3.0
74313,1,4.0
74315,1,5.0
74316,1,5.0
74317,2,4.0
74319,2,5.0
74324,1,5.0
74328,1,3.0
74330,2,3.5
74331,1,5.0
74332,1,5.0
74340,2,4.5
74342,1,4.0
74343,1,3.0
74344,2,3.5
74347,1,3.0
74349,3,4.333333333333333
74351,3,5.0
74352,2,4.0
74353,1,5.0
74354,2,3.5
74355,3,4.0
74356,1,5.0
74358,1,5.0
74359,1,4.0
74360,1,2.0
74362,3,4.0
74364,1,4.0
74365,2,3.5
74366,1,5.0
74369,1,2.0
74370,1,5.0
74373,1,5.0
74376,2,4.5
74377,1,5.0
74380,1,5.0
74382,2,4.0
74386,2,4.0
74387,1,5.0
74389,1,5.0
74392,3,3.3333333333333335
74393,1,4.0
74394,1,4.0
74395,2,4.0
74397,1,5.0
74402,2,5.0
74403,1,5.0
74406,1,4.0
74409,1,5.0
74410,2,5.0
74412,1,5.0
74413,1,2.0
74414,1,5.0
74415,1,5.0
74417,2,5.0
74418,1,3.0
74422,4,4.0
74425,1,4.0
74426,2,4.5
74428,1,3.0
74429,6,4.166666666666667
74432,1,5.0
74433,1,5.0
74435,1,3.0
74439,1,4.0
74442,1,4.0
74443,1,5.0
74445,1,4.0
74446,4,3.5
74447,1,4.0
74450,1,5.0
74452,1,5.0
74457,2,4.0
74458,1,3.0
74460,1,5.0
74461,1,5.0
74467,1,5.0
74468,1,3.0
74471,1,4.0
74472,1,3.0
74474,1,5.0
74477,1,3.0
74487,1,5.0
74488,1,4.0
74490,2,2.5
74492,1,1.0
74493,1,5.0
74494,1,5.0
74495,2,4.0
74496,1,5.0
74498,2,2.0
74499,1,3.0
74500,2,5.0
74503,2,4.5
74505,1,4.0
74506,2,3.5
74509,2,5.0
74511,1,4.0
74515,2,4.0
74516,1,5.0
74520,1,3.0
74521,1,5.0
74526,1,4.0
74532,1,2.0
74544,1,5.0
74545,2,5.0
74547,4,4.25
74549,6,4.666666666666667
74551,1,5.0
74554,1,3.0
74555,1,5.0
74556,1,3.0
74559,1,4.0
74561,1,5.0
74570,1,5.0
74573,1,5.0
74579,1,5.0
74588,1,5.0
74589,1,3.0
74593,1,1.0
74595,1,5.0
74603,1,4.0
74605,1,4.0
74608,1,4.0
74609,1,5.0
74611,1,5.0
74612,3,3.6666666666666665
74613,1,5.0
74619,2,4.0
74620,1,4.0
74622,1,5.0
74624,1,4.0
74628,1,3.0
74634,2,3.5
74636,1,3.0
74637,1,4.0
74646,1,3.0
74648,3,3.6666666666666665
74649,1,4.0
74655,1,4.0
74656,1,2.0
74658,1,3.0
74659,1,4.0
74660,2,5.0
74662,1,5.0
74666,2,3.5
74667,1,5.0
74671,2,4.0
74672,2,5.0
74673,1,5.0
74677,1,3.0
74678,1,5.0
74683,2,4.5
74685,2,4.5
74686,7,3.857142857142857
74687,1,4.0
74691,1,4.0
74698,2,4.5
74699,2,4.5
74701,2,5.0
74702,2,4.5
74705,1,4.0
74710,1,3.0
74713,1,3.0
74714,2,4.5
74717,2,3.0
74724,1,5.0
74725,2,4.0
74726,2,3.5
74734,2,2.5
74735,1,4.0
74736,1,4.0
74740,1,5.0
74746,3,4.0
74748,2,4.0
74749,1,4.0
74755,2,4.0
74756,1,5.0
74757,1,5.0
74759,1,5.0
74760,1,5.0
74761,1,5.0
74763,3,3.6666666666666665
74765,1,4.0
74769,1,5.0
74771,1,5.0
74772,1,4.0
74777,3,3.6666666666666665
74782,1,4.0
74783,2,3.5
74786,6,4.833333333333333
74787,1,5.0
74792,1,5.0
74794,1,4.0
74795,4,4.75
74798,1,4.0
74799,1,3.0
74800,2,4.0
74801,1,4.0
74803,2,5.0
74804,2,4.0
74806,1,5.0
74809,1,5.0
74810,1,5.0
74819,1,4.0
74822,3,4.333333333333333
74825,1,4.0
74826,3,4.0
74827,1,5.0
74828,4,3.25
74832,2,4.5
74840,1,5.0
74842,1,4.0
74843,1,5.0
74845,1,4.0
74846,2,4.0
74852,2,3.5
74853,1,5.0
74855,1,3.0
74856,2,4.0
74857,1,3.0
74864,2,3.5
74865,1,5.0
74868,3,3.6666666666666665
74870,1,3.0
74871,1,4.0
74875,2,3.5
74878,1,5.0
74884,1,2.0
74886,1,2.0
74887,1,4.0
74888,1,4.0
74891,1,5.0
74893,1,3.0
74894,2,4.0
74896,3,4.0
74897,1,4.0
74898,9,4.0
74901,6,3.6666666666666665
74902,1,2.0
74903,1,2.0
74906,1,5.0
74908,1,5.0
74912,1,4.0
74913,1,2.0
74915,1,5.0
74919,1,3.0
74922,1,4.0
74928,1,4.0
74929,1,2.0
74930,3,5.0
74932,1,4.0
74934,1,3.0
74938,2,3.0
74939,1,5.0
74941,1,3.0
74951,1,1.0
74952,1,3.0
74953,1,5.0
74955,1,4.0
74956,1,5.0
74958,1,5.0
74959,1,4.0
74963,4,4.25
74964,1,4.0
74972,1,4.0
74977,1,5.0
74978,2,3.5
74979,1,5.0
74983,2,4.0
74986,2,5.0
74990,1,5.0
74992,1,5.0
74995,1,4.0
75001,1,5.0
75009,1,5.0
75010,1,4.0
75011,1,5.0
75012,2,1.0
75014,2,4.0
75015,1,4.0
75019,1,5.0
75021,1,5.0
75022,1,4.0
75023,1,5.0
75028,4,3.25
75029,2,1.0
75031,1,3.0
75034,1,4.0
75040,1,5.0
75041,3,2.6666666666666665
75045,1,3.0
75048,1,4.0
75049,3,4.0
75051,4,4.5
75059,1,5.0
75064,1,3.0
75065,1,4.0
75066,2,3.5
75067,1,4.0
75069,1,5.0
75071,2,3.0
75072,3,4.666666666666667
75074,1,4.0
75075,1,5.0
75077,1,4.0
75079,1,5.0
75083,2,4.0
75084,3,4.666666666666667
75085,1,3.0
75092,3,3.3333333333333335
75094,1,3.0
75096,1,5.0
75098,1,5.0
75105,3,3.6666666666666665
75107,1,5.0
75111,1,5.0
75112,2,5.0
75114,1,4.0
75117,1,5.0
75118,1,5.0
75120,1,5.0
75125,1,4.0
75135,1,5.0
75136,2,5.0
75138,1,4.0
75139,1,4.0
75140,1,2.0
75142,1,5.0
75147,1,3.0
75150,2,4.0
75151,1,3.0
75153,1,4.0
75156,1,5.0
75157,1,4.0
75160,1,4.0
75161,1,4.0
75164,1,5.0
75169,3,5.0
75170,6,4.666666666666667
75173,1,3.0
75175,2,4.5
75177,2,5.0
75178,1,4.0
75179,1,2.0
75183,1,5.0
75189,2,4.0
75195,1,5.0
75196,3,3.3333333333333335
75197,1,4.0
75198,1,5.0
75201,3,4.333333333333333
75202,1,4.0
75204,1,4.0
75205,2,5.0
75208,1,4.0
75209,1,4.0
75212,1,5.0
75213,2,5.0
75214,1,5.0
75216,3,3.3333333333333335
75223,1,5.0
75224,2,4.0
75226,2,5.0
75229,2,4.0
75231,1,5.0
75233,1,5.0
75236,1,4.0
75239,1,4.0
75240,1,5.0
75241,1,4.0
75245,1,4.0
75246,1,4.0
75247,2,4.5
75248,2,3.0
75251,1,4.0
75259,1,4.0
75260,1,5.0
75267,1,5.0
75270,12,4.666666666666667
75271,1,5.0
75272,2,4.5
75274,1,4.0
75276,1,4.0
75277,1,4.0
75280,1,5.0
75282,1,4.0
75283,1,4.0
75284,5,3.8
75285,1,4.0
75291,2,3.5
75293,2,5.0
75294,1,5.0
75300,2,3.0
75301,1,5.0
75304,1,5.0
75306,1,5.0
75307,1,4.0
75308,1,5.0
75309,2,3.5
75311,1,5.0
75312,1,4.0
75315,2,3.0
75316,1,3.0
75321,4,5.0
75323,1,5.0
75326,1,5.0
75328,1,5.0
75332,2,5.0
75338,1,5.0
75343,2,3.5
75346,1,4.0
75347,1,3.0
75350,2,5.0
75352,1,5.0
75357,1,5.0
75358,1,5.0
75361,1,3.0
75362,2,5.0
75367,2,5.0
75368,1,5.0
75371,1,5.0
75381,3,4.333333333333333
75383,1,5.0
75386,1,3.0
75388,1,5.0
75390,1,4.0
75394,1,4.0
75395,1,5.0
75396,1,5.0
75398,1,5.0
75402,1,5.0
75403,1,5.0
75406,1,4.0
75408,1,3.0
75409,2,3.0
75410,1,3.0
75411,1,5.0
75412,3,4.666666666666667
75414,1,5.0
75417,1,5.0
75420,2,5.0
75421,1,5.0
75424,1,4.0
75426,1,4.0
75429,1,4.0
75431,2,4.0
75436,1,5.0
75438,1,2.0
75440,1,5.0
75443,1,3.0
75446,2,3.5
75448,2,5.0
75449,2,4.5
75450,1,5.0
75457,1,5.0
75458,1,3.0
75461,1,3.0
75463,1,5.0
75464,3,3.3333333333333335
75467,3,4.333333333333333
75471,1,4.0
75473,1,5.0
75474,1,4.0
75478,4,4.25
75481,1,5.0
75483,2,3.0
75488,1,5.0
75489,1,4.0
75490,1,4.0
75492,2,1.0
75493,4,4.0
75499,1,4.0
75502,2,5.0
75506,1,4.0
75511,1,3.0
75512,1,4.0
75513,1,3.0
75515,1,4.0
75516,1,4.0
75528,1,5.0
75532,2,5.0
75533,1,3.0
75536,2,2.0
75537,2,5.0
75539,3,3.6666666666666665
75540,2,5.0
75541,2,5.0
75542,1,3.0
75544,1,4.0
75546,1,5.0
75547,1,5.0
75551,1,4.0
75552,1,3.0
75553,1,5.0
75556,1,4.0
75558,2,4.5
75561,1,5.0
75562,1,5.0
75563,1,5.0
75570,1,4.0
75579,1,5.0
75583,1,5.0
75586,1,4.0
75587,1,5.0
75588,1,5.0
75589,1,3.0
75591,1,4.0
75598,2,4.0
75599,1,4.0
75602,1,4.0
75612,1,3.0
75613,1,5.0
75614,1,4.0
75618,4,4.25
75619,1,3.0
75621,1,4.0
75622,1,5.0
75627,1,4.0
75628,2,5.0
75630,3,4.0
75634,1,5.0
75637,5,5.0
75646,1,3.0
75647,2,5.0
75648,1,4.0
75653,1,5.0
75654,1,4.0
75656,1,4.0
75657,2,3.0
75659,1,5.0
75660,2,3.5
75661,1,5.0
75663,6,4.0
75664,1,5.0
75668,1,5.0
75671,1,2.0
75672,1,3.0
75673,1,4.0
75675,7,3.857142857142857
75676,1,5.0
75682,3,3.0
75683,1,5.0
75686,4,4.25
75688,4,4.5
75694,1,5.0
75699,1,2.0
75705,1,5.0
75706,1,3.0
75708,4,3.75
75710,5,3.2
75712,2,3.0
75713,1,4.0
75715,1,5.0
75716,3,5.0
75717,1,3.0
75719,1,4.0
75720,1,4.0
75722,2,4.0
75726,2,4.0
75727,2,4.5
75728,1,5.0
75732,3,3.6666666666666665
75733,1,5.0
75737,1,4.0
75745,1,3.0
75746,2,4.5
75747,1,5.0
75748,1,5.0
75751,2,4.5
75754,1,5.0
75757,1,4.0
75758,1,2.0
75764,1,5.0
75765,1,5.0
75768,1,3.0
75773,1,1.0
75775,1,5.0
75779,1,4.0
75781,1,4.0
75783,1,5.0
75784,1,5.0
75785,1,3.0
75787,1,5.0
75793,1,4.0
75794,1,5.0
75799,2,3.5
75800,3,4.0
75804,6,4.666666666666667
75806,1,3.0
75808,2,5.0
75809,6,4.333333333333333
75813,1,3.0
75815,1,4.0
75818,1,3.0
75820,1,1.0
75821,1,3.0
75823,2,5.0
75824,2,5.0
75828,1,4.0
75829,1,3.0
75830,1,4.0
75841,1,5.0
75842,2,5.0
75845,1,5.0
75850,1,4.0
75852,1,5.0
75854,1,4.0
75857,2,4.0
75859,1,4.0
75860,1,4.0
75861,1,1.0
75866,2,3.5
75871,1,2.0
75874,2,3.5
75883,1,5.0
75886,1,4.0
75889,1,5.0
75890,3,4.666666666666667
75892,1,5.0
75893,2,5.0
75896,1,5.0
75897,1,4.0
75898,2,4.5
75904,2,4.5
75905,1,5.0
75909,3,3.6666666666666665
75910,1,5.0
75911,1,5.0
75913,1,5.0
75914,1,4.0
75916,2,5.0
75922,1,5.0
75923,1,3.0
75926,1,4.0
75927,2,2.5
75933,1,3.0
75934,2,4.5
75935,1,5.0
75936,1,2.0
75941,1,3.0
75942,1,5.0
75944,1,5.0
75950,1,5.0
75953,1,5.0
75965,1,4.0
75969,1,5.0
75971,1,5.0
75972,1,5.0
75973,1,5.0
75974,1,4.0
75976,1,5.0
75981,1,5.0
75984,1,4.0
75985,3,4.666666666666667
75986,3,4.0
75987,2,5.0
75989,1,5.0
75993,1,3.0
75998,1,4.0
75999,1,5.0
76000,2,3.0
76006,1,4.0
76008,1,3.0
76009,1,5.0
76012,2,5.0
76015,1,5.0
76016,1,3.0
76017,1,1.0
76023,2,3.5
76025,1,5.0
76026,1,5.0
76027,2,2.0
76029,1,1.0
76034,1,3.0
76037,1,4.0
76038,1,5.0
76039,1,5.0
76041,1,2.0
76045,1,4.0
76046,1,4.0
76047,1,5.0
76049,1,4.0
76052,1,5.0
76053,1,4.0
76054,1,3.0
76059,2,3.0
76063,1,5.0
76064,2,3.0
76065,1,5.0
76067,2,4.5
76070,2,3.0
76072,2,5.0
76075,6,3.8333333333333335
76077,1,4.0
76078,2,3.0
76079,1,4.0
76080,2,4.0
76081,1,5.0
76083,1,4.0
76084,1,4.0
76086,1,4.0
76088,3,4.0
76090,2,5.0
76095,4,2.75
76096,1,5.0
76097,1,3.0
76098,1,5.0
76099,1,4.0
76100,2,4.0
76101,1,4.0
76102,1,5.0
76105,1,5.0
76106,3,4.666666666666667
76108,2,5.0
76111,1,5.0
76112,4,3.0
76113,4,4.5
76114,1,1.0
76117,1,5.0
76118,2,3.0
76120,1,4.0
76122,1,1.0
76126,1,3.0
76127,1,4.0
76129,1,2.0
76132,5,5.0
76133,1,3.0
76137,1,5.0
76138,1,5.0
76141,2,4.0
76142,1,4.0
76144,1,4.0
76149,1,4.0
76151,2,3.5
76152,1,4.0
76156,1,3.0
76159,1,4.0
76164,1,5.0
76165,1,5.0
76168,1,3.0
76169,2,3.5
76171,2,4.5
76174,1,4.0
76175,1,5.0
76179,1,4.0
76180,4,4.75
76184,1,5.0
76185,1,5.0
76188,1,4.0
76190,1,3.0
76192,1,3.0
76197,1,5.0
76204,2,3.0
76208,1,5.0
76214,1,2.0
76216,1,4.0
76217,4,3.75
76219,1,3.0
76223,2,4.0
76224,5,4.0
76227,1,5.0
76232,2,3.0
76240,1,4.0
76243,4,4.75
76244,1,5.0
76246,1,4.0
76247,3,5.0
76249,1,3.0
76251,1,4.0
76252,1,3.0
76253,2,5.0
76255,1,5.0
76256,1,2.0
76257,1,5.0
76261,2,3.0
76263,1,5.0
76265,1,5.0
76270,1,5.0
76275,1,4.0
76276,1,2.0
76277,1,4.0
76279,2,5.0
76281,2,5.0
76283,1,5.0
76288,1,4.0
76289,1,4.0
76290,2,5.0
76292,1,4.0
76293,1,5.0
76297,1,5.0
76298,1,5.0
76299,1,4.0
76300,1,5.0
76302,2,5.0
76306,1,3.0
76307,1,5.0
76309,1,5.0
76312,1,3.0
76318,1,4.0
76319,1,3.0
76320,1,3.0
76322,3,4.666666666666667
76323,1,5.0
76326,2,5.0
76327,1,4.0
76328,1,5.0
76329,1,5.0
76331,1,5.0
76332,1,4.0
76341,1,5.0
76346,1,4.0
76348,1,3.0
76350,1,5.0
76352,1,4.0
76354,1,5.0
76356,1,5.0
76358,1,4.0
76359,1,5.0
76363,2,4.0
76365,1,5.0
76366,1,4.0
76370,1,5.0
76373,1,5.0
76375,1,4.0
76377,1,3.0
76378,1,4.0
76380,1,2.0
76382,1,5.0
76383,1,3.0
76384,1,5.0
76385,1,5.0
76389,4,3.0
76390,1,5.0
76393,2,4.5
76394,1,5.0
76399,1,5.0
76402,1,3.0
76403,3,4.666666666666667
76404,1,3.0
76407,3,3.6666666666666665
76408,1,4.0
76410,1,4.0
76411,2,5.0
76412,2,4.0
76415,1,5.0
76417,1,2.0
76418,1,3.0
76419,1,3.0
76431,1,1.0
76433,1,5.0
76438,2,3.0
76442,2,2.0
76444,2,3.5
76449,1,4.0
76450,3,4.666666666666667
76451,1,3.0
76455,1,5.0
76456,1,5.0
76457,1,1.0
76460,1,5.0
76462,1,4.0
76465,1,5.0
76467,2,4.5
76471,1,5.0
76472,1,4.0
76473,1,3.0
76477,2,4.5
76478,1,3.0
76481,1,5.0
76482,3,4.666666666666667
76487,2,5.0
76491,1,4.0
76492,2,4.0
76498,1,4.0
76499,1,4.0
76500,1,4.0
76501,1,4.0
76502,1,3.0
76505,1,5.0
76508,1,4.0
76510,1,5.0
76511,1,3.0
76527,2,4.5
76529,1,5.0
76532,1,3.0
76533,1,5.0
76534,2,3.0
76535,1,4.0
76538,1,4.0
76539,1,5.0
76543,1,4.0
76546,1,4.0
76547,1,1.0
76548,1,5.0
76549,1,4.0
76550,1,4.0
76557,1,4.0
76564,2,4.5
76565,1,4.0
76574,2,4.0
76577,2,5.0
76583,1,5.0
76585,2,4.0
76586,1,5.0
76588,2,3.5
76589,1,4.0
76593,2,4.0
76597,1,3.0
76598,2,5.0
76601,1,4.0
76602,1,5.0
76603,1,3.0
76605,1,5.0
76607,15,4.4
76608,2,4.0
76611,2,5.0
76617,1,2.0
76618,1,3.0
76626,1,4.0
76627,2,4.0
76629,2,4.0
76630,2,3.5
76634,1,4.0
76646,3,3.6666666666666665
76647,1,1.0
76650,1,4.0
76657,1,5.0
76658,1,5.0
76660,1,5.0
76662,6,4.166666666666667
76665,1,3.0
76666,1,4.0
76672,1,4.0
76673,4,5.0
76675,2,4.0
76686,2,4.0
76688,3,4.333333333333333
76691,4,4.0
76695,1,3.0
76696,1,5.0
76697,1,3.0
76699,1,4.0
76700,1,3.0
76701,3,4.666666666666667
76705,1,3.0
76706,1,4.0
76708,1,5.0
76710,2,4.0
76711,1,5.0
76715,5,3.6
76723,1,5.0
76725,5,4.2
76729,1,5.0
76732,2,3.5
76734,1,3.0
76736,2,3.5
76737,2,4.0
76739,1,4.0
76744,2,5.0
76746,1,2.0
76749,1,3.0
76750,1,4.0
76751,3,4.333333333333333
76752,1,5.0
76754,1,5.0
76762,2,4.5
76765,1,5.0
76766,1,1.0
76770,1,4.0
76771,2,5.0
76772,2,4.0
76773,1,5.0
76775,1,4.0
76777,1,3.0
76779,1,5.0
76783,1,4.0
76784,1,5.0
76788,4,4.0
76789,1,2.0
76791,1,4.0
76794,1,5.0
76795,2,3.5
76796,1,5.0
76797,1,4.0
76800,1,5.0
76801,1,4.0
76803,4,4.5
76804,1,4.0
76806,1,5.0
76809,1,5.0
76810,1,5.0
76812,1,2.0
76814,1,5.0
76815,1,4.0
76817,1,4.0
76819,9,4.444444444444445
76824,1,4.0
76826,1,1.0
76827,1,4.0
76828,1,4.0
76831,3,5.0
76832,3,4.333333333333333
76833,2,5.0
76839,3,4.333333333333333
76840,1,5.0
76841,2,3.5
76842,1,4.0
76843,1,4.0
76844,3,3.6666666666666665
76847,1,4.0
76848,3,4.333333333333333
76849,1,5.0
76850,1,3.0
76853,1,5.0
76857,1,5.0
76859,3,4.666666666666667
76861,3,3.0
76862,2,3.0
76869,1,3.0
76870,1,4.0
76872,4,5.0
76875,2,3.5
76880,5,4.6
76883,1,4.0
76885,1,4.0
76888,2,3.5
76890,8,4.75
76897,1,1.0
76900,1,4.0
76901,1,5.0
76902,1,4.0
76904,1,5.0
76905,6,4.5
76907,1,4.0
76909,3,5.0
76910,2,4.0
76911,1,4.0
76914,1,4.0
76915,1,5.0
76919,1,4.0
76921,1,5.0
76922,1,4.0
76925,1,3.0
76926,2,4.0
76936,1,4.0
76940,2,4.0
76941,1,5.0
76942,1,5.0
76945,3,4.333333333333333
76946,3,4.0
76947,2,2.5
76953,1,3.0
76954,1,3.0
76955,3,3.0
76956,1,2.0
76958,2,3.0
76961,1,5.0
76963,4,3.0
76965,7,4.142857142857143
76968,4,4.25
76970,1,2.0
76975,2,3.0
76977,1,4.0
76978,1,4.0
76979,1,3.0
76980,1,3.0
76982,2,3.0
76984,1,4.0
76985,1,4.0
76987,1,5.0
76988,1,3.0
76989,1,5.0
76994,1,5.0
76995,1,4.0
76998,1,4.0
76999,1,5.0
77001,3,5.0
77004,2,4.5
77006,1,4.0
77009,3,4.0
77012,2,5.0
77024,1,4.0
77025,1,5.0
77026,1,5.0
77031,2,4.5
77032,1,5.0
77043,1,3.0
77044,2,4.5
77045,1,4.0
77048,1,4.0
77049,1,5.0
77051,2,4.5
77052,1,4.0
77057,3,4.666666666666667
77058,1,4.0
77059,1,4.0
77060,1,5.0
77061,1,3.0
77071,2,4.0
77074,1,3.0
77075,3,4.333333333333333
77078,1,5.0
77080,1,5.0
77084,3,4.666666666666667
77088,1,2.0
77093,1,5.0
77094,1,4.0
77095,1,4.0
77096,2,4.0
77097,1,3.0
77099,3,4.333333333333333
77102,2,3.5
77103,1,5.0
77104,1,3.0
77105,3,4.666666666666667
77112,1,5.0
77116,10,4.0
77118,1,2.0
77121,1,4.0
77122,4,4.75
77124,1,5.0
77125,2,5.0
77128,1,5.0
77129,1,5.0
77131,1,3.0
77135,1,5.0
77137,1,5.0
77138,1,4.0
77143,1,4.0
77145,3,4.333333333333333
77147,1,5.0
77150,1,4.0
77151,1,4.0
77159,1,5.0
77160,1,4.0
77161,1,4.0
77165,1,5.0
77166,3,5.0
77167,2,4.0
77168,2,4.5
77169,1,4.0
77172,3,4.666666666666667
77173,1,5.0
77175,2,4.0
77181,2,4.0
77183,1,4.0
77186,3,3.0
77190,1,5.0
77191,1,5.0
77194,1,4.0
77197,1,4.0
77199,1,4.0
77202,1,4.0
77207,2,4.5
77208,2,5.0
77210,2,4.0
77211,5,4.4
77213,1,5.0
77215,2,5.0
77216,2,4.0
77217,2,3.0
77218,2,5.0
77222,3,5.0
77223,1,4.0
77224,1,4.0
77226,1,5.0
77228,1,3.0
77231,1,5.0
77232,1,4.0
77234,3,4.333333333333333
77236,1,5.0
77237,1,4.0
77239,1,5.0
77241,1,3.0
77243,2,4.0
77245,1,4.0
77246,1,5.0
77247,3,5.0
77248,1,4.0
77254,1,4.0
77255,2,4.0
77256,2,4.0
77257,2,4.5
77261,1,4.0
77262,2,3.5
77264,1,4.0
77265,3,4.0
77267,1,4.0
77269,2,3.5
77271,1,5.0
77276,1,3.0
77277,2,4.0
77278,1,5.0
77284,1,5.0
77285,1,5.0
77286,1,5.0
77293,1,4.0
77295,1,5.0
77296,1,4.0
77297,3,5.0
77299,1,5.0
77300,1,4.0
77302,4,4.5
77303,1,5.0
77306,3,4.333333333333333
77307,1,3.0
77311,1,5.0
77315,1,4.0
77316,1,4.0
77317,1,3.0
77320,1,5.0
77326,1,5.0
77327,1,5.0
77328,3,4.333333333333333
77333,1,5.0
77340,1,4.0
77341,4,3.5
77342,1,5.0
77347,1,5.0
77348,1,4.0
77350,2,4.5
77351,2,5.0
77352,3,4.0
77353,1,5.0
77354,1,5.0
77357,1,5.0
77358,1,4.0
77359,3,4.666666666666667
77360,1,1.0
77367,2,4.0
77369,3,5.0
77370,1,5.0
77371,1,4.0
77376,1,4.0
77377,1,5.0
77378,2,5.0
77381,1,3.0
77383,3,3.6666666666666665
77385,1,5.0
77386,1,5.0
77389,9,4.333333333333333
77390,1,4.0
77391,1,5.0
77393,1,5.0
77394,1,1.0
77396,2,3.0
77399,1,4.0
77400,1,4.0
77401,1,4.0
77402,1,5.0
77403,1,4.0
77404,1,4.0
77405,1,5.0
77410,1,5.0
77411,1,5.0
77413,1,5.0
77416,1,5.0
77419,1,5.0
77420,1,5.0
77421,1,2.0
77422,1,4.0
77423,1,5.0
77426,6,4.333333333333333
77428,1,5.0
77431,1,5.0
77433,1,4.0
77440,2,5.0
77446,1,4.0
77450,2,4.0
77452,1,3.0
77458,2,5.0
77459,1,2.0
77469,1,5.0
77471,2,4.5
77477,3,3.6666666666666665
77478,2,3.5
77480,1,3.0
77481,1,4.0
77483,1,4.0
77484,1,5.0
77486,1,3.0
77491,2,5.0
77492,2,4.0
77495,2,4.5
77497,1,4.0
77500,1,5.0
77501,1,5.0
77502,2,5.0
77505,2,5.0
77506,1,5.0
77507,6,4.833333333333333
77508,1,5.0
77509,1,1.0
77511,1,2.0
77515,1,5.0
77516,3,4.333333333333333
77518,1,4.0
77519,1,4.0
77520,4,4.25
77521,2,4.5
77524,1,5.0
77526,1,3.0
77527,2,3.0
77529,1,4.0
77534,1,4.0
77536,1,4.0
77539,6,4.666666666666667
77541,2,5.0
77542,1,5.0
77543,2,3.5
77544,2,5.0
77545,1,5.0
77546,1,5.0
77550,1,5.0
77554,1,4.0
77556,1,4.0
77558,1,3.0
77562,1,4.0
77568,1,5.0
77574,1,4.0
77577,1,5.0
77581,1,4.0
77583,1,5.0
77584,1,5.0
77585,1,3.0
77586,1,4.0
77588,1,5.0
77590,1,5.0
77593,2,4.0
77594,1,5.0
77596,1,3.0
77599,2,3.5
77600,4,3.5
77601,1,3.0
77605,1,5.0
77606,1,4.0
77609,3,4.666666666666667
77612,1,2.0
77617,1,5.0
77621,1,5.0
77623,1,4.0
77624,1,4.0
77625,2,5.0
77626,1,5.0
77634,1,5.0
77635,1,2.0
77639,8,4.375
77645,1,5.0
77649,1,5.0
77650,1,4.0
77654,1,5.0
77655,5,4.0
77657,1,5.0
77659,2,4.5
77660,1,4.0
77662,9,4.555555555555555
77663,1,4.0
77665,1,5.0
77667,2,5.0
77668,1,5.0
77669,1,4.0
77670,1,5.0
77673,1,4.0
77674,1,4.0
77675,1,4.0
77676,1,4.0
77678,1,4.0
77679,1,3.0
77680,1,3.0
77687,2,4.0
77689,1,5.0
77692,1,5.0
77694,1,4.0
77696,1,2.0
77697,1,4.0
77698,1,4.0
77700,2,4.0
77702,1,4.0
77703,1,4.0
77709,1,2.0
77710,1,3.0
77711,1,5.0
77714,1,3.0
77715,1,5.0
77716,1,4.0
77717,7,3.4285714285714284
77719,1,2.0
77720,3,4.333333333333333
77723,2,5.0
77727,1,5.0
77728,1,4.0
77733,3,4.0
77735,6,3.6666666666666665
77736,1,4.0
77738,1,5.0
77741,1,4.0
77749,1,5.0
77751,3,4.0
77756,2,4.0
77760,1,4.0
77761,1,5.0
77766,1,4.0
77772,1,5.0
77773,1,4.0
77779,1,5.0
77780,1,5.0
77781,1,4.0
77784,1,5.0
77786,1,5.0
77787,14,3.9285714285714284
77793,1,5.0
77794,1,3.0
77799,1,5.0
77803,2,4.0
77808,1,4.0
77809,1,4.0
77811,1,4.0
77812,1,4.0
77814,4,3.75
77818,1,5.0
77819,1,4.0
77825,1,3.0
77828,1,5.0
77831,1,4.0
77832,1,4.0
77834,3,4.0
77838,3,3.6666666666666665
77840,1,5.0
77842,1,5.0
77843,1,3.0
77846,7,4.142857142857143
77847,1,5.0
77848,2,4.5
77849,2,4.0
77850,1,4.0
77854,1,4.0
77856,1,4.0
77858,1,4.0
77867,1,3.0
77869,1,5.0
77873,1,4.0
77876,3,5.0
77886,1,5.0
77887,1,4.0
77888,1,5.0
77890,1,5.0
77891,1,4.0
77893,1,4.0
77894,1,5.0
77899,1,5.0
77902,1,5.0
77906,1,3.0
77907,1,5.0
77910,2,5.0
77912,1,5.0
77913,1,5.0
77914,1,4.0
77918,1,3.0
77920,1,3.0
77921,2,4.0
77923,3,2.3333333333333335
77929,4,3.25
77930,1,5.0
77931,1,4.0
77932,1,5.0
77934,1,5.0
77946,1,4.0
77947,1,3.0
77948,1,5.0
77951,1,5.0
77957,1,4.0
77959,1,4.0
77961,1,5.0
77965,2,3.5
77966,1,4.0
77970,4,5.0
77974,1,5.0
77978,1,2.0
77983,1,4.0
77984,1,3.0
77985,1,4.0
77989,1,5.0
77990,2,4.5
77991,1,1.0
77999,1,3.0
78003,2,5.0
78004,1,4.0
78005,1,3.0
78007,2,4.5
78008,1,5.0
78009,2,4.5
78010,1,2.0
78011,1,5.0
78013,1,2.0
78015,2,4.0
78018,1,3.0
78020,1,5.0
78022,2,4.0
78026,4,4.25
78030,2,4.5
78036,1,5.0
78040,2,4.5
78042,1,5.0
78051,1,3.0
78053,1,3.0
78054,2,4.5
78057,2,3.0
78062,1,4.0
78066,1,5.0
78068,1,4.0
78070,2,5.0
78071,6,4.0
78072,1,4.0
78077,2,5.0
78082,2,4.5
78084,1,4.0
78085,1,5.0
78088,1,5.0
78091,1,5.0
78092,1,5.0
78094,1,4.0
78102,2,5.0
78103,1,5.0
78104,2,4.0
78105,1,5.0
78106,3,4.0
78110,1,5.0
78111,2,5.0
78114,2,4.0
78118,1,4.0
78119,2,4.5
78121,1,5.0
78122,1,5.0
78131,1,3.0
78135,1,2.0
78137,3,4.333333333333333
78139,2,2.0
78140,1,4.0
78142,1,5.0
78145,1,3.0
78146,1,4.0
78147,3,5.0
78148,3,3.3333333333333335
78149,1,5.0
78150,1,5.0
78155,1,5.0
78160,2,4.0
78161,1,4.0
78163,1,4.0
78174,3,3.3333333333333335
78177,1,4.0
78187,5,4.2
78188,1,1.0
78189,1,5.0
78193,3,4.0
78194,4,4.25
78196,2,5.0
78197,1,5.0
78198,1,5.0
78200,2,5.0
78201,1,3.0
78202,1,4.0
78204,3,3.6666666666666665
78210,6,3.8333333333333335
78220,1,5.0
78221,1,5.0
78222,1,5.0
78224,7,4.285714285714286
78225,1,3.0
78227,1,4.0
78231,1,4.0
78235,1,5.0
78237,1,5.0
78239,2,3.0
78241,1,1.0
78242,1,5.0
78243,1,5.0
78245,1,4.0
78248,1,4.0
78249,1,5.0
78254,1,1.0
78257,1,5.0
78259,1,5.0
78261,1,4.0
78262,1,1.0
78266,2,3.5
78267,1,4.0
78273,2,5.0
78274,1,3.0
78278,3,4.666666666666667
78279,1,5.0
78280,1,2.0
78283,5,4.6
78285,1,4.0
78286,1,4.0
78287,1,4.0
78288,1,2.0
78289,2,4.0
78301,1,5.0
78305,2,4.0
78307,2,4.0
78318,1,4.0
78319,1,5.0
78321,1,5.0
78323,1,4.0
78324,3,5.0
78325,1,4.0
78327,1,4.0
78330,1,3.0
78338,3,5.0
78343,2,5.0
78349,1,4.0
78350,5,3.8
78354,1,4.0
78359,1,5.0
78362,1,4.0
78363,2,3.5
78366,1,5.0
78367,3,4.666666666666667
78368,1,4.0
78369,1,3.0
78371,2,4.0
78373,2,3.5
78377,2,5.0
78384,3,4.333333333333333
78385,15,4.466666666666667
78386,4,4.5
78387,1,5.0
78388,1,4.0
78393,6,4.5
78394,1,4.0
78397,1,5.0
78398,1,5.0
78399,3,3.0
78402,2,2.5
78403,2,2.5
78405,2,5.0
78407,1,4.0
78411,2,5.0
78414,1,5.0
78416,1,5.0
78417,1,4.0
78418,6,4.333333333333333
78423,1,5.0
78424,1,4.0
78427,1,3.0
78429,1,3.0
78431,3,5.0
78435,1,4.0
78436,1,5.0
78440,2,3.5
78441,1,5.0
78443,1,2.0
78448,1,4.0
78453,1,3.0
78455,2,5.0
78456,2,3.5
78459,1,5.0
78461,2,3.0
78462,4,4.75
78463,6,5.0
78466,3,4.333333333333333
78468,3,5.0
78470,1,3.0
78471,1,5.0
78474,1,3.0
78475,1,5.0
78477,2,4.5
78480,1,4.0
78481,2,4.0
78485,1,5.0
78487,1,5.0
78490,3,4.333333333333333
78495,1,3.0
78496,1,5.0
78503,10,4.6
78504,2,4.0
78505,1,5.0
78506,3,4.0
78511,2,1.0
78512,1,5.0
78513,1,5.0
78516,1,4.0
78517,9,4.0
78519,1,1.0
78521,1,1.0
78522,1,4.0
78524,1,4.0
78525,3,5.0
78527,1,5.0
78532,1,2.0
78535,2,4.0
78536,2,4.0
78538,2,5.0
78541,1,3.0
78542,1,5.0
78547,1,2.0
78548,1,5.0
78551,1,4.0
78554,5,4.8
78556,1,5.0
78557,1,2.0
78559,6,4.0
78560,1,5.0
78564,1,1.0
78579,3,3.6666666666666665
78583,1,5.0
78584,1,4.0
78585,1,5.0
78588,1,3.0
78592,1,3.0
78596,3,4.0
78597,1,5.0
78599,4,4.0
78601,2,5.0
78604,2,4.0
78610,3,5.0
78611,1,4.0
78614,3,4.666666666666667
78619,1,4.0
78620,2,5.0
78625,4,2.0
78627,2,4.0
78628,1,4.0
78629,1,4.0
78630,1,1.0
78633,2,5.0
78636,1,3.0
78637,1,5.0
78640,2,4.5
78644,2,4.0
78645,2,5.0
78649,2,3.5
78651,1,5.0
78653,3,4.666666666666667
78659,1,5.0
78664,1,5.0
78665,1,5.0
78669,3,4.333333333333333
78673,3,4.0
78674,3,4.0
78675,3,4.666666666666667
78677,1,4.0
78679,1,5.0
78684,1,4.0
78687,2,5.0
78689,2,5.0
78690,1,5.0
78693,1,5.0
78694,2,5.0
78695,2,3.0
78697,1,5.0
78702,1,5.0
78706,1,5.0
78710,3,4.666666666666667
78711,1,5.0
78715,1,5.0
78721,1,3.0
78725,1,4.0
78726,2,4.0
78729,1,4.0
78731,2,4.0
78732,1,5.0
78734,1,3.0
78735,1,4.0
78738,2,5.0
78740,1,4.0
78745,1,5.0
78746,1,3.0
78750,3,4.666666666666667
78751,4,5.0
78752,1,4.0
78755,1,4.0
78756,2,5.0
78757,1,3.0
78758,1,5.0
78760,1,5.0
78761,1,4.0
78764,3,3.3333333333333335
78766,1,5.0
78767,1,4.0
78770,1,5.0
78773,1,5.0
78774,2,4.0
78777,1,3.0
78778,1,5.0
78781,1,5.0
78782,1,5.0
78784,1,5.0
78786,1,2.0
78794,1,4.0
78795,1,4.0
78799,1,5.0
78802,1,5.0
78804,1,5.0
78806,1,3.0
78809,1,5.0
78810,1,5.0
78812,1,5.0
78816,1,5.0
78819,2,3.0
78822,1,4.0
78825,1,4.0
78828,2,4.5
78829,1,5.0
78832,3,4.333333333333333
78834,1,5.0
78838,1,3.0
78839,2,5.0
78841,1,5.0
78843,1,5.0
78844,1,4.0
78849,2,4.5
78850,5,3.6
78851,2,3.5
78854,3,4.333333333333333
78855,2,4.0
78859,1,4.0
78869,1,5.0
78873,1,4.0
78878,1,5.0
78879,1,4.0
78880,1,5.0
78881,2,3.0
78884,1,4.0
78886,1,5.0
78889,1,5.0
78894,1,4.0
78896,1,5.0
78898,1,5.0
78899,1,5.0
78900,1,5.0
78908,1,5.0
78913,1,5.0
78915,1,5.0
78916,1,3.0
78918,1,4.0
78919,1,4.0
78922,1,5.0
78926,2,4.5
78927,1,1.0
78928,2,4.5
78930,2,4.5
78931,1,5.0
78932,1,4.0
78934,2,4.0
78937,1,1.0
78940,1,5.0
78941,1,5.0
78944,1,3.0
78945,3,3.6666666666666665
78946,1,5.0
78950,3,3.6666666666666665
78954,1,1.0
78955,4,4.5
78961,2,5.0
78962,1,4.0
78967,1,4.0
78968,1,5.0
78971,1,4.0
78972,1,5.0
78973,1,3.0
78975,1,5.0
78978,1,5.0
78979,2,3.5
78980,1,5.0
78986,1,5.0
78989,2,5.0
78990,1,4.0
78992,1,5.0
78995,1,5.0
78998,2,5.0
79001,1,4.0
79002,1,4.0
79004,1,5.0
79005,1,3.0
79007,3,4.333333333333333
79008,2,4.5
79009,5,4.2
79011,1,4.0
79015,1,3.0
79017,3,4.333333333333333
79019,1,4.0
79022,1,3.0
79024,1,3.0
79025,2,4.5
79026,2,4.0
79027,1,3.0
79031,1,5.0
79033,1,4.0
79041,2,1.0
79044,1,5.0
79047,1,5.0
79048,1,3.0
79049,1,5.0
79055,1,5.0
79056,1,4.0
79061,1,3.0
79063,1,3.0
79066,1,5.0
79067,1,5.0
79068,1,5.0
79069,1,5.0
79072,1,5.0
79073,1,5.0
79076,2,5.0
79077,1,2.0
79080,4,4.5
79083,2,3.5
79084,1,2.0
79085,1,5.0
79086,1,4.0
79090,1,3.0
79091,3,4.0
79093,2,5.0
79096,1,4.0
79098,1,4.0
79100,1,4.0
79102,1,5.0
79103,1,5.0
79106,1,5.0
79110,2,4.0
79113,1,5.0
79114,1,2.0
79118,1,5.0
79120,1,3.0
79121,3,3.6666666666666665
79122,2,5.0
79123,1,5.0
79124,1,4.0
79129,2,5.0
79130,2,3.5
79132,4,5.0
79135,1,3.0
79136,2,4.0
79138,1,5.0
79146,1,5.0
79147,1,5.0
79148,2,5.0
79152,3,3.6666666666666665
79153,3,2.3333333333333335
79154,3,5.0
79155,2,4.0
79158,1,4.0
79161,1,3.0
79163,2,4.0
79167,1,5.0
79169,1,1.0
79170,1,5.0
79174,2,5.0
79182,1,5.0
79183,1,3.0
79184,3,3.3333333333333335
79185,1,1.0
79186,1,5.0
79190,1,5.0
79191,1,4.0
79194,1,4.0
79196,1,3.0
79199,3,4.666666666666667
79200,2,4.0
79201,1,5.0
79202,4,3.0
79204,2,4.0
79205,1,5.0
79206,1,5.0
79207,1,5.0
79208,2,2.0
79210,1,5.0
79211,1,4.0
79212,2,3.5
79214,2,5.0
79217,1,4.0
79220,1,3.0
79222,1,3.0
79224,1,5.0
79225,1,5.0
79227,1,5.0
79228,1,5.0
79233,1,5.0
79237,1,5.0
79239,1,4.0
79240,2,4.0
79241,1,4.0
79244,2,3.5
79245,2,3.0
79247,1,4.0
79250,2,4.0
79259,1,5.0
79265,1,4.0
79266,2,5.0
79267,1,4.0
79270,1,3.0
79273,1,5.0
79277,1,2.0
79278,1,4.0
79283,1,5.0
79286,1,4.0
79287,1,3.0
79288,1,3.0
79289,3,4.333333333333333
79291,1,5.0
79292,3,4.333333333333333
79293,1,4.0
79295,1,1.0
79298,1,3.0
79299,1,4.0
79307,1,5.0
79308,1,5.0
79310,1,3.0
79312,1,5.0
79313,2,5.0
79316,1,4.0
79325,4,4.25
79326,1,3.0
79328,1,5.0
79329,1,5.0
79332,2,4.5
79335,1,5.0
79338,1,2.0
79339,1,5.0
79340,1,3.0
79342,2,4.5
79346,2,3.0
79347,1,3.0
79350,1,4.0
79352,1,3.0
79353,1,3.0
79355,1,3.0
79357,1,5.0
79362,1,5.0
79363,1,5.0
79371,2,3.0
79372,1,3.0
79375,6,5.0
79376,1,3.0
79380,1,3.0
79381,1,4.0
79385,1,4.0
79389,2,4.0
79390,1,5.0
79393,1,5.0
79394,2,4.0
79397,1,5.0
79398,1,5.0
79402,2,4.0
79403,1,4.0
79405,4,4.75
79406,1,3.0
79410,1,4.0
79418,3,5.0
79420,1,4.0
79421,3,5.0
79425,1,4.0
79426,2,4.0
79428,1,4.0
79430,1,5.0
79432,1,5.0
79435,1,3.0
79436,1,5.0
79438,1,4.0
79446,1,5.0
79447,2,3.5
79449,1,5.0
79450,1,5.0
79452,2,4.5
79453,1,5.0
79456,1,3.0
79458,2,4.0
79465,1,5.0
79467,1,1.0
79468,1,3.0
79472,6,3.6666666666666665
79473,2,5.0
79481,3,4.333333333333333
79482,1,4.0
79483,1,4.0
79485,3,3.6666666666666665
79488,3,3.0
79490,1,5.0
79494,3,5.0
79496,1,5.0
79497,2,4.5
79502,1,4.0
79505,1,3.0
79510,2,5.0
79517,2,4.0
79520,4,4.0
79521,1,5.0
79522,2,4.0
79523,1,3.0
79525,2,4.5
79529,3,5.0
79531,1,5.0
79533,1,4.0
79535,1,4.0
79536,1,3.0
79537,3,3.3333333333333335
79538,2,3.0
79540,1,5.0
79545,2,5.0
79548,1,5.0
79549,1,1.0
79552,2,3.0
79553,1,5.0
79555,1,4.0
79556,1,5.0
79557,1,5.0
79559,2,4.0
79562,2,4.0
79566,1,5.0
79568,2,3.5
79569,3,4.0
79571,2,4.5
79572,1,5.0
79577,5,4.6
79581,10,4.2
79582,1,4.0
79583,1,4.0
79585,2,3.0
79588,1,5.0
79589,1,5.0
79590,3,3.6666666666666665
79592,1,4.0
79599,1,4.0
79600,6,3.6666666666666665
79601,3,3.3333333333333335
79603,1,5.0
79604,1,5.0
79613,3,5.0
79614,1,4.0
79617,3,3.0
79618,6,4.166666666666667
79620,2,4.0
79621,1,2.0
79624,2,5.0
79625,1,5.0
79626,1,5.0
79631,1,5.0
79635,1,5.0
79636,3,4.666666666666667
79638,2,4.0
79639,1,5.0
79643,1,5.0
79646,1,5.0
79648,2,4.0
79651,2,5.0
79653,1,5.0
79656,1,4.0
79657,1,5.0
79660,1,5.0
79663,1,3.0
79666,1,5.0
79669,2,3.5
79670,1,5.0
79673,1,5.0
79675,1,3.0
79676,2,3.5
79680,1,4.0
79682,1,5.0
79690,1,3.0
79691,2,5.0
79692,5,3.2
79697,1,4.0
79700,3,4.333333333333333
79702,6,5.0
79703,1,5.0
79709,3,3.6666666666666665
79711,1,5.0
79714,1,4.0
79715,1,5.0
79718,1,4.0
79721,3,4.0
79722,3,4.666666666666667
79723,1,5.0
79726,1,5.0
79727,1,4.0
79730,1,5.0
79733,1,4.0
79735,1,3.0
79738,1,4.0
79739,1,4.0
79742,2,4.5
79747,1,4.0
79748,1,3.0
79749,1,4.0
79750,2,4.5
79751,2,5.0
79752,4,4.25
79753,1,3.0
79754,3,4.0
79761,1,3.0
79762,3,4.666666666666667
79763,1,4.0
79764,1,5.0
79768,4,3.5
79770,2,4.5
79773,2,4.5
79774,2,4.0
79775,5,4.4
79777,1,3.0
79778,1,5.0
79780,1,5.0
79781,1,5.0
79783,1,4.0
79787,5,4.6
79788,1,5.0
79789,1,4.0
79791,1,5.0
79793,1,5.0
79794,1,5.0
79796,1,4.0
79802,1,4.0
79805,1,3.0
79806,1,5.0
79811,1,5.0
79813,1,2.0
79814,2,4.0
79816,3,4.666666666666667
79818,3,3.6666666666666665
79825,1,4.0
79827,1,4.0
79832,1,3.0
79833,1,5.0
79834,1,4.0
79835,1,2.0
79843,2,4.0
79845,1,3.0
79846,1,4.0
79847,1,5.0
79849,1,5.0
79850,1,4.0
79852,2,4.0
79855,9,4.222222222222222
79856,2,4.0
79864,1,5.0
79870,1,5.0
79871,1,4.0
79873,3,4.333333333333333
79875,3,3.3333333333333335
79881,1,5.0
79882,1,5.0
79883,1,3.0
79884,1,5.0
79886,2,2.5
79891,1,5.0
79895,4,4.5
79896,1,4.0
79897,1,4.0
79899,1,4.0
79900,1,2.0
79901,2,3.0
79903,1,5.0
79904,2,1.0
79907,1,4.0
79908,2,4.0
79909,1,2.0
79910,1,4.0
79911,3,5.0
79924,1,5.0
79925,1,4.0
79926,2,3.5
79928,1,5.0
79931,2,5.0
79934,5,3.2
79935,1,5.0
79942,2,3.0
79943,2,4.0
79946,1,5.0
79948,1,5.0
79949,2,4.0
79950,1,5.0
79951,1,2.0
79952,1,3.0
79954,1,5.0
79957,1,4.0
79959,2,4.5
79960,1,3.0
79962,1,3.0
79965,1,4.0
79968,3,3.0
79969,1,5.0
79970,1,5.0
79971,2,4.0
79973,1,5.0
79975,2,5.0
79977,1,3.0
79978,1,4.0
79980,1,1.0
79982,1,3.0
79983,1,5.0
79984,1,1.0
79985,1,5.0
79988,1,1.0
79991,1,3.0
79993,1,5.0
79995,1,4.0
79996,1,2.0
79997,1,5.0
80002,4,3.75
80004,1,3.0
80011,4,4.0
80012,4,3.5
80014,1,2.0
80018,1,4.0
80022,4,4.5
80024,1,4.0
80025,2,4.0
80026,1,5.0
80027,1,5.0
80028,1,5.0
80032,1,3.0
80033,1,5.0
80034,2,3.0
80035,3,4.666666666666667
80036,1,1.0
80039,1,2.0
80040,2,4.0
80041,1,5.0
80044,1,5.0
80048,1,5.0
80049,1,5.0
80050,1,5.0
80054,1,5.0
80056,1,5.0
80057,7,4.428571428571429
80068,1,4.0
80075,2,2.0
80077,1,5.0
80079,4,2.5
80080,1,4.0
80081,1,5.0
80083,1,3.0
80084,2,5.0
80085,3,4.666666666666667
80086,2,4.0
80090,1,3.0
80091,1,3.0
80093,1,5.0
80095,1,4.0
80108,1,3.0
80109,1,2.0
80110,2,5.0
80113,1,5.0
80114,1,5.0
80117,1,5.0
80121,1,5.0
80124,1,4.0
80125,1,4.0
80127,1,5.0
80130,2,4.0
80142,1,4.0
80149,1,5.0
80150,1,5.0
80151,2,4.0
80152,2,4.0
80157,2,4.5
80158,2,5.0
80160,1,3.0
80161,1,5.0
80164,4,4.25
80169,1,4.0
80170,4,2.75
80171,2,4.5
80174,2,4.0
80175,1,1.0
80177,5,5.0
80185,2,3.5
80187,3,5.0
80189,1,5.0
80191,1,5.0
80198,1,3.0
80199,3,3.3333333333333335
80201,1,5.0
80202,1,4.0
80204,1,5.0
80205,2,5.0
80207,2,3.5
80211,1,5.0
80212,3,4.333333333333333
80213,1,4.0
80214,1,5.0
80215,1,3.0
80217,1,5.0
80221,2,5.0
80222,5,3.8
80223,2,3.5
80225,1,4.0
80227,1,5.0
80232,1,5.0
80236,2,2.5
80237,1,4.0
80238,1,4.0
80239,2,5.0
80242,1,5.0
80243,1,5.0
80246,1,4.0
80250,4,3.0
80254,2,3.0
80255,1,5.0
80260,3,4.333333333333333
80261,1,5.0
80263,6,5.0
80266,1,3.0
80267,2,4.5
80268,1,5.0
80271,1,4.0
80273,1,3.0
80275,2,3.5
80278,1,5.0
80282,1,4.0
80287,5,4.4
80289,1,4.0
80291,2,3.0
80292,1,4.0
80293,2,5.0
80294,2,4.0
80295,3,4.0
80297,1,4.0
80298,1,4.0
80299,7,3.7142857142857144
80300,2,5.0
80301,1,5.0
80302,1,5.0
80303,4,4.5
80309,1,4.0
80311,2,2.0
80315,3,5.0
80316,1,4.0
80317,1,4.0
80318,1,4.0
80319,2,4.0
80324,1,3.0
80327,1,4.0
80333,1,5.0
80335,3,4.666666666666667
80336,1,5.0
80341,1,5.0
80342,1,5.0
80343,1,4.0
80348,1,4.0
80353,1,4.0
80354,1,4.0
80358,3,3.0
80360,1,5.0
80361,2,3.0
80363,1,5.0
80364,1,4.0
80367,1,4.0
80368,1,5.0
80369,1,5.0
80370,1,5.0
80375,1,5.0
80376,1,5.0
80378,2,5.0
80379,1,5.0
80380,1,5.0
80382,1,4.0
80383,1,4.0
80387,1,4.0
80389,9,3.888888888888889
80393,1,4.0
80394,1,4.0
80396,1,5.0
80398,2,5.0
80402,4,4.5
80403,2,5.0
80406,1,5.0
80407,1,1.0
80409,2,4.0
80416,1,4.0
80425,1,5.0
80427,3,4.0
80429,1,5.0
80430,1,4.0
80432,1,4.0
80435,1,3.0
80436,1,5.0
80437,1,5.0
80439,1,2.0
80442,1,5.0
80443,1,1.0
80446,1,5.0
80451,1,5.0
80453,1,4.0
80467,2,5.0
80468,1,4.0
80471,1,3.0
80472,1,5.0
80473,1,5.0
80474,1,3.0
80476,1,5.0
80478,2,4.5
80481,1,5.0
80486,1,5.0
80487,1,5.0
80488,1,4.0
80489,1,4.0
80496,1,4.0
80497,5,4.4
80498,1,4.0
80501,1,5.0
80503,1,5.0
80505,1,4.0
80506,1,5.0
80509,1,5.0
80512,1,4.0
80518,1,5.0
80526,1,3.0
80529,1,3.0
80534,1,5.0
80539,1,3.0
80540,1,4.0
80545,1,3.0
80547,1,4.0
80550,1,5.0
80554,1,5.0
80555,6,4.333333333333333
80556,1,4.0
80559,1,5.0
80563,1,4.0
80566,1,2.0
80567,1,5.0
80568,1,5.0
80570,1,3.0
80571,1,5.0
80573,2,4.0
80575,1,4.0
80578,1,5.0
80581,1,5.0
80583,1,5.0
80585,2,4.5
80586,1,4.0
80587,1,4.0
80588,1,4.0
80589,1,5.0
80592,7,4.571428571428571
80596,6,5.0
80602,1,5.0
80606,1,4.0
80615,1,5.0
80616,1,3.0
80619,1,4.0
80620,1,4.0
80621,1,4.0
80623,1,3.0
80627,1,4.0
80628,3,3.6666666666666665
80633,1,5.0
80634,1,5.0
80635,1,2.0
80637,1,2.0
80639,1,3.0
80642,1,2.0
80644,1,5.0
80645,8,4.625
80647,1,5.0
80650,6,4.0
80652,1,3.0
80656,1,4.0
80658,3,4.333333333333333
80659,1,3.0
80660,2,3.5
80661,1,1.0
80665,1,4.0
80667,4,5.0
80668,1,5.0
80669,1,4.0
80670,2,4.0
80672,1,5.0
80675,1,4.0
80678,1,1.0
80682,4,5.0
80684,1,1.0
80687,4,3.75
80689,1,3.0
80690,1,4.0
80695,2,5.0
80698,1,5.0
80700,2,4.0
80703,1,5.0
80706,1,3.0
80711,3,4.0
80713,1,5.0
80718,1,2.0
80722,3,4.0
80726,2,4.0
80728,1,4.0
80729,1,5.0
80736,1,3.0
80740,2,3.5
80746,2,4.5
80747,1,4.0
80748,4,4.5
80750,1,5.0
80753,2,3.0
80754,2,5.0
80758,1,4.0
80762,1,3.0
80766,1,5.0
80768,1,3.0
80771,3,4.0
80774,2,5.0
80775,3,4.333333333333333
80776,1,5.0
80777,2,4.0
80778,2,5.0
80783,1,4.0
80785,1,4.0
80786,2,3.5
80790,1,4.0
80794,1,3.0
80797,2,2.0
80798,2,4.0
80799,1,5.0
80800,1,4.0
80802,1,4.0
80803,1,4.0
80812,1,4.0
80815,1,4.0
80817,1,5.0
80818,1,5.0
80820,1,4.0
80821,1,4.0
80825,1,5.0
80826,2,3.5
80829,1,4.0
80831,1,4.0
80832,1,4.0
80839,1,5.0
80840,1,5.0
80841,1,1.0
80842,1,5.0
80847,1,5.0
80848,1,5.0
80850,1,4.0
80851,1,5.0
80854,1,4.0
80863,1,4.0
80865,1,5.0
80867,1,5.0
80870,1,5.0
80873,1,3.0
80875,2,5.0
80878,1,4.0
80879,1,5.0
80882,2,4.0
80886,2,3.0
80890,1,4.0
80893,2,5.0
80896,2,5.0
80902,1,4.0
80905,1,4.0
80906,2,3.5
80907,1,3.0
80908,1,5.0
80915,1,4.0
80917,1,5.0
80918,1,4.0
80919,3,3.3333333333333335
80920,1,5.0
80923,2,4.5
80925,1,4.0
80930,1,5.0
80937,1,4.0
80940,1,5.0
80941,1,2.0
80944,1,4.0
80945,1,3.0
80946,1,3.0
80947,2,4.5
80948,2,4.5
80954,2,5.0
80956,1,5.0
80959,1,5.0
80969,1,5.0
80970,1,5.0
80973,1,5.0
80975,1,4.0
80978,1,5.0
80979,1,2.0
80980,1,5.0
80981,1,5.0
80983,1,3.0
80984,1,5.0
80985,2,5.0
80987,1,5.0
80995,1,3.0
80999,1,4.0
81000,1,4.0
81001,1,4.0
81002,1,3.0
81003,3,4.0
81005,1,3.0
81008,1,4.0
81009,2,5.0
81015,1,1.0
81017,1,5.0
81021,1,5.0
81022,1,5.0
81026,1,4.0
81027,3,3.0
81029,6,3.6666666666666665
81033,2,5.0
81034,1,4.0
81035,5,3.8
81036,2,5.0
81038,1,4.0
81041,1,4.0
81042,1,5.0
81043,1,4.0
81045,1,4.0
81047,1,4.0
81049,1,3.0
81051,2,4.0
81052,1,5.0
81054,1,5.0
81056,1,4.0
81057,1,4.0
81058,1,5.0
81059,1,5.0
81063,2,2.5
81066,1,4.0
81067,1,5.0
81068,4,4.5
81072,1,5.0
81074,1,4.0
81075,3,4.333333333333333
81078,1,5.0
81082,2,4.0
81083,2,4.5
81090,1,5.0
81091,6,3.5
81092,1,5.0
81097,2,5.0
81099,2,4.0
81100,2,2.0
81102,3,4.333333333333333
81103,3,5.0
81104,1,4.0
81107,3,4.333333333333333
81111,1,5.0
81112,4,4.0
81115,1,5.0
81120,1,5.0
81121,1,5.0
81125,1,5.0
81128,1,5.0
81131,2,4.0
81135,1,5.0
81139,1,3.0
81144,1,5.0
81145,2,3.5
81149,1,3.0
81154,4,4.0
81157,1,2.0
81161,1,5.0
81163,7,4.142857142857143
81175,2,4.5
81176,1,2.0
81177,1,3.0
81180,1,5.0
81181,1,1.0
81185,2,3.0
81190,1,5.0
81193,2,4.0
81196,1,5.0
81197,2,5.0
81201,2,3.5
81204,1,1.0
81206,3,3.3333333333333335
81207,2,5.0
81210,1,3.0
81226,2,5.0
81227,1,4.0
81231,1,4.0
81232,1,5.0
81233,2,4.0
81235,2,4.0
81236,1,5.0
81238,1,3.0
81241,1,5.0
81242,1,4.0
81243,1,5.0
81245,4,3.75
81246,1,3.0
81247,2,3.0
81249,4,4.5
81251,4,4.25
81252,1,4.0
81255,1,4.0
81257,4,3.0
81259,1,4.0
81260,1,4.0
81262,1,4.0
81263,4,4.75
81268,1,5.0
81271,1,5.0
81272,5,4.6
81273,2,3.5
81274,1,5.0
81275,4,4.0
81279,1,4.0
81280,1,1.0
81285,1,4.0
81286,1,4.0
81287,6,3.8333333333333335
81288,1,5.0
81290,1,3.0
81291,1,5.0
81293,6,3.6666666666666665
81294,1,3.0
81298,2,4.5
81303,2,4.5
81309,1,4.0
81312,1,4.0
81317,1,2.0
81319,1,5.0
81323,1,5.0
81324,1,4.0
81326,3,4.333333333333333
81328,1,4.0
81331,1,4.0
81332,3,3.6666666666666665
81337,1,4.0
81342,1,5.0
81343,1,5.0
81344,1,5.0
81345,2,4.5
81349,4,4.5
81351,1,4.0
81352,1,5.0
81353,1,5.0
81354,7,4.285714285714286
81360,1,5.0
81361,1,4.0
81364,1,4.0
81368,1,5.0
81371,1,5.0
81374,1,4.0
81376,1,3.0
81377,1,4.0
81385,1,5.0
81386,4,4.75
81389,1,4.0
81391,1,5.0
81392,1,3.0
81405,1,5.0
81406,2,5.0
81407,2,4.0
81411,1,5.0
81412,1,4.0
81415,2,5.0
81424,2,4.0
81425,1,3.0
81427,1,5.0
81428,2,4.0
81433,1,5.0
81435,1,4.0
81436,1,5.0
81451,1,4.0
81456,3,5.0
81457,1,5.0
81459,1,4.0
81460,2,3.0
81464,1,3.0
81471,1,5.0
81474,2,4.5
81475,1,2.0
81478,1,4.0
81479,1,5.0
81480,1,5.0
81481,2,3.5
81485,1,5.0
81486,1,3.0
81488,1,1.0
81492,1,4.0
81493,1,5.0
81494,1,4.0
81497,1,3.0
81498,1,4.0
81503,1,5.0
81505,1,5.0
81506,1,5.0
81509,1,5.0
81510,2,5.0
81512,1,5.0
81514,1,3.0
81522,1,5.0
81523,1,5.0
81524,3,4.333333333333333
81525,2,5.0
81530,1,3.0
81531,1,5.0
81534,2,4.0
81535,1,3.0
81538,2,4.0
81539,2,5.0
81540,1,5.0
81542,1,5.0
81543,1,5.0
81545,1,4.0
81551,1,3.0
81552,1,1.0
81553,1,5.0
81561,2,4.0
81565,2,3.0
81569,1,5.0
81581,1,2.0
81583,1,4.0
81585,2,4.5
81586,1,4.0
81587,1,5.0
81588,1,5.0
81589,1,4.0
81590,1,5.0
81592,2,4.0
81596,1,4.0
81605,1,5.0
81608,2,5.0
81611,1,5.0
81612,1,4.0
81619,3,4.666666666666667
81621,2,3.5
81623,1,3.0
81625,1,5.0
81629,1,5.0
81630,1,4.0
81632,1,5.0
81633,1,2.0
81638,1,3.0
81640,1,3.0
81641,1,5.0
81642,2,2.5
81643,1,3.0
81646,1,3.0
81647,2,5.0
81648,1,5.0
81650,3,3.3333333333333335
81651,1,3.0
81654,1,5.0
81655,2,4.5
81656,2,3.5
81658,1,3.0
81662,1,1.0
81663,1,2.0
81664,1,1.0
81665,2,4.5
81666,1,3.0
81668,1,5.0
81669,2,5.0
81674,2,4.0
81675,1,5.0
81676,1,4.0
81677,3,3.3333333333333335
81678,3,4.333333333333333
81684,4,3.0
81686,1,5.0
81690,1,3.0
81693,5,3.2
81697,1,5.0
81698,3,5.0
81702,1,3.0
81705,1,5.0
81706,2,5.0
81712,1,1.0
81713,2,5.0
81714,3,4.666666666666667
81717,2,4.5
81720,1,4.0
81722,3,3.3333333333333335
81724,4,3.5
81725,1,5.0
81726,1,4.0
81728,1,5.0
81732,1,4.0
81733,1,4.0
81734,4,4.25
81737,1,4.0
81740,2,3.5
81741,1,4.0
81742,4,3.25
81745,1,4.0
81749,2,4.5
81750,1,5.0
81752,1,2.0
81753,1,1.0
81756,1,5.0
81761,1,5.0
81766,1,4.0
81770,1,3.0
81771,1,4.0
81774,6,4.0
81777,1,4.0
81780,1,4.0
81783,1,3.0
81784,3,4.666666666666667
81786,1,4.0
81788,1,4.0
81790,1,5.0
81797,1,3.0
81799,2,5.0
81801,1,4.0
81804,1,4.0
81805,1,5.0
81806,1,3.0
81807,2,4.0
81810,1,5.0
81813,1,4.0
81814,1,5.0
81815,1,5.0
81816,3,4.0
81818,1,5.0
81819,1,3.0
81822,2,5.0
81824,3,3.6666666666666665
81825,2,4.0
81826,1,3.0
81827,2,4.0
81828,1,5.0
81829,3,4.666666666666667
81830,2,3.5
81832,2,4.5
81834,1,5.0
81835,1,5.0
81836,1,5.0
81840,1,4.0
81843,1,5.0
81844,1,5.0
81845,1,4.0
81846,2,4.5
81849,2,5.0
81851,1,4.0
81852,2,3.0
81853,2,3.5
81854,1,5.0
81855,1,4.0
81857,1,4.0
81859,1,3.0
81860,3,4.0
81863,1,4.0
81865,1,2.0
81867,2,5.0
81870,2,5.0
81876,1,3.0
81877,1,5.0
81878,1,5.0
81879,1,5.0
81880,2,5.0
81885,1,4.0
81886,5,4.8
81892,2,5.0
81894,2,3.5
81901,1,5.0
81902,1,1.0
81904,1,4.0
81906,1,5.0
81907,2,4.0
81913,3,3.6666666666666665
81914,1,3.0
81915,4,4.0
81917,1,5.0
81923,3,4.0
81924,4,3.75
81929,3,5.0
81930,1,2.0
81932,3,4.333333333333333
81933,1,5.0
81934,1,5.0
81936,1,5.0
81941,1,5.0
81942,2,5.0
81944,1,4.0
81949,1,4.0
81955,1,3.0
81957,1,5.0
81959,1,5.0
81965,1,2.0
81966,2,3.5
81972,1,1.0
81978,1,5.0
81979,1,5.0
81980,1,5.0
81981,1,5.0
81985,1,5.0
81998,4,4.0
82000,2,2.0
82001,2,2.5
82004,1,4.0
82005,1,3.0
82012,2,4.5
82013,1,5.0
82014,1,4.0
82017,1,3.0
82018,2,5.0
82020,2,5.0
82023,2,5.0
82024,1,4.0
82025,5,2.8
82026,1,3.0
82027,1,4.0
82028,5,3.8
82033,1,5.0
82034,2,2.5
82035,1,5.0
82040,1,3.0
82041,1,5.0
82042,2,4.5
82044,1,4.0
82045,1,4.0
82047,1,4.0
82048,1,5.0
82049,2,4.0
82050,7,3.4285714285714284
82051,1,4.0
82057,1,5.0
82060,1,4.0
82063,1,4.0
82065,1,5.0
82066,1,5.0
82068,1,4.0
82069,1,5.0
82070,1,4.0
82072,1,5.0
82075,1,4.0
82076,2,4.0
82079,4,4.25
82084,2,4.0
82086,1,4.0
82087,1,5.0
82088,1,4.0
82092,1,4.0
82093,1,4.0
82094,1,5.0
82096,2,4.0
82097,1,5.0
82099,1,5.0
82102,1,5.0
82103,2,5.0
82107,1,4.0
82108,3,4.0
82109,1,4.0
82114,4,4.0
82115,1,5.0
82117,5,3.2
82121,1,2.0
82125,1,4.0
82127,1,4.0
82132,4,4.25
82133,1,5.0
82135,1,5.0
82136,1,5.0
82140,1,4.0
82141,2,5.0
82142,2,4.5
82146,2,4.5
82148,1,5.0
82149,2,3.5
82152,3,4.0
82153,5,4.0
82154,1,3.0
82157,2,3.0
82159,1,4.0
82165,1,4.0
82168,1,4.0
82169,1,4.0
82170,2,4.5
82171,2,5.0
82172,1,4.0
82174,1,4.0
82175,1,5.0
82176,3,4.666666666666667
82178,1,3.0
82187,3,3.6666666666666665
82189,7,4.428571428571429
82190,1,5.0
82192,2,3.0
82197,1,4.0
82198,2,4.5
82199,1,5.0
82201,2,5.0
82202,1,5.0
82203,2,5.0
82204,1,5.0
82206,2,5.0
82208,1,5.0
82209,2,4.5
82213,2,5.0
82215,1,1.0
82221,1,3.0
82224,3,4.666666666666667
82225,1,4.0
82228,1,5.0
82229,1,2.0
82236,1,5.0
82242,1,3.0
82243,1,4.0
82245,1,5.0
82246,1,5.0
82250,1,4.0
82252,1,4.0
82253,1,5.0
82255,1,4.0
82258,2,5.0
82260,1,5.0
82262,1,5.0
82267,1,4.0
82272,1,5.0
82274,2,4.0
82275,1,4.0
82277,1,4.0
82278,1,4.0
82280,1,5.0
82281,2,3.0
82282,1,1.0
82283,1,5.0
82284,1,2.0
82285,2,4.0
82287,1,4.0
82291,2,4.0
82294,3,3.3333333333333335
82296,1,5.0
82297,1,5.0
82298,2,5.0
82300,1,5.0
82301,4,3.25
82304,1,5.0
82305,1,5.0
82313,1,4.0
82324,1,4.0
82325,2,5.0
82328,2,5.0
82331,1,4.0
82332,1,5.0
82335,1,5.0
82337,2,4.0
82339,4,4.25
82340,1,4.0
82342,2,3.5
82343,1,5.0
82347,1,3.0
82351,1,1.0
82354,1,5.0
82362,1,5.0
82363,3,4.666666666666667
82369,4,5.0
82374,2,3.5
82376,1,5.0
82378,2,5.0
82384,1,5.0
82392,1,4.0
82393,2,4.5
82395,1,5.0
82397,1,3.0
82399,1,5.0
82402,3,4.666666666666667
82403,1,2.0
82404,2,4.0
82411,5,3.2
82412,1,5.0
82414,1,5.0
82415,1,5.0
82416,1,5.0
82417,1,2.0
82420,1,5.0
82424,2,4.0
82426,1,4.0
82427,2,5.0
82428,8,4.25
82431,2,3.0
82433,1,5.0
82441,1,4.0
82443,1,2.0
82446,1,1.0
82447,1,2.0
82448,1,4.0
82451,1,5.0
82452,1,5.0
82456,1,5.0
82463,1,5.0
82466,1,2.0
82468,1,5.0
82470,1,5.0
82471,1,4.0
82472,2,5.0
82473,3,5.0
82475,1,4.0
82476,3,4.0
82478,2,3.5
82479,1,5.0
82480,1,3.0
82481,4,4.0
82482,1,4.0
82483,1,5.0
82485,1,1.0
82488,2,3.0
82491,2,4.5
82501,1,5.0
82502,1,5.0
82511,1,4.0
82514,1,5.0
82516,1,4.0
82518,3,3.6666666666666665
82521,1,5.0
82522,1,4.0
82526,1,5.0
82533,3,4.333333333333333
82534,1,5.0
82535,1,4.0
82537,1,5.0
82541,3,4.333333333333333
82543,3,5.0
82545,1,5.0
82546,1,4.0
82548,1,4.0
82549,1,5.0
82550,1,3.0
82554,3,5.0
82555,1,5.0
82561,1,5.0
82563,2,5.0
82567,1,3.0
82568,2,3.5
82569,1,5.0
82570,1,4.0
82571,2,4.0
82572,1,4.0
82576,1,4.0
82580,1,5.0
82583,1,3.0
82584,1,4.0
82587,1,3.0
82588,1,4.0
82589,1,4.0
82592,1,2.0
82595,1,4.0
82601,1,4.0
82602,1,3.0
82603,1,5.0
82604,9,3.888888888888889
82607,1,5.0
82609,2,4.0
82612,4,4.5
82616,1,4.0
82618,1,5.0
82620,1,5.0
82621,1,2.0
82623,1,5.0
82633,2,4.0
82634,6,3.8333333333333335
82636,3,4.333333333333333
82637,1,4.0
82639,1,4.0
82640,1,4.0
82642,2,4.0
82644,4,4.75
82647,2,5.0
82648,2,3.0
82649,1,3.0
82650,1,5.0
82651,1,4.0
82652,1,5.0
82654,2,4.0
82655,1,3.0
82656,2,3.5
82659,1,5.0
82660,1,5.0
82663,1,5.0
82665,1,5.0
82668,1,5.0
82676,3,3.0
82677,1,5.0
82678,1,3.0
82680,2,4.0
82681,1,4.0
82683,1,5.0
82685,1,4.0
82690,1,5.0
82694,1,3.0
82696,1,4.0
82701,2,4.0
82704,3,4.333333333333333
82705,1,5.0
82707,2,5.0
82709,1,4.0
82716,1,5.0
82723,3,4.0
82726,1,4.0
82731,1,4.0
82732,1,4.0
82734,2,5.0
82735,1,4.0
82736,2,3.5
82737,1,5.0
82738,3,4.666666666666667
82743,2,5.0
82746,2,3.0
82748,1,5.0
82749,1,4.0
82750,1,4.0
82754,1,5.0
82756,1,4.0
82757,1,5.0
82758,1,1.0
82761,1,5.0
82762,1,4.0
82764,1,1.0
82765,1,4.0
82768,1,5.0
82769,1,3.0
82771,1,5.0
82777,1,3.0
82778,5,4.4
82784,4,4.5
82786,3,4.333333333333333
82790,2,5.0
82793,1,1.0
82794,1,5.0
82795,1,4.0
82798,1,4.0
82800,1,4.0
82802,1,4.0
82804,1,4.0
82805,1,5.0
82806,1,5.0
82812,1,5.0
82813,1,5.0
82814,2,5.0
82819,2,4.0
82820,1,4.0
82822,1,5.0
82823,4,5.0
82824,2,4.5
82825,2,3.0
82829,1,4.0
82831,1,3.0
82834,2,5.0
82835,1,3.0
82837,4,3.75
82839,1,4.0
82843,1,2.0
82844,6,3.8333333333333335
82846,5,4.0
82852,1,5.0
82853,1,4.0
82856,1,4.0
82857,3,5.0
82859,2,4.0
82864,1,5.0
82866,3,4.666666666666667
82868,1,5.0
82873,1,5.0
82875,1,5.0
82882,1,4.0
82883,1,5.0
82886,1,2.0
82888,2,4.5
82889,1,3.0
82891,1,5.0
82893,1,3.0
82895,1,4.0
82896,1,3.0
82897,1,5.0
82899,2,4.5
82904,1,5.0
82907,1,5.0
82914,2,5.0
82916,1,5.0
82918,2,3.5
82926,1,5.0
82928,1,4.0
82929,1,4.0
82932,1,5.0
82935,2,5.0
82936,1,5.0
82937,1,5.0
82938,1,5.0
82939,1,5.0
82942,1,3.0
82946,1,4.0
82951,2,4.5
82952,1,4.0
82954,3,4.0
82956,2,3.5
82957,6,4.5
82961,2,3.5
82968,2,4.5
82972,2,5.0
82975,1,4.0
82976,1,4.0
82979,1,4.0
82980,2,4.5
82981,1,5.0
82983,1,4.0
82987,8,4.5
82990,1,4.0
82998,1,3.0
83000,2,5.0
83002,1,5.0
83009,1,5.0
83012,2,5.0
83015,1,4.0
83018,1,5.0
83020,1,5.0
83021,1,5.0
83022,1,5.0
83024,1,5.0
83026,1,5.0
83027,2,4.0
83029,4,4.75
83032,1,4.0
83033,1,5.0
83034,6,5.0
83035,1,1.0
83036,1,5.0
83041,1,2.0
83044,2,3.0
83050,1,4.0
83054,4,5.0
83056,1,3.0
83059,2,5.0
83061,1,4.0
83064,1,4.0
83065,1,4.0
83066,1,3.0
83073,1,5.0
83074,1,1.0
83080,2,3.0
83081,4,3.5
83082,2,5.0
83083,1,4.0
83085,2,4.0
83087,1,5.0
83088,1,5.0
83091,1,4.0
83092,1,5.0
83094,7,3.7142857142857144
83095,1,3.0
83096,1,3.0
83099,3,4.666666666666667
83101,1,4.0
83105,1,3.0
83107,3,4.333333333333333
83112,2,5.0
83113,1,5.0
83117,2,5.0
83118,1,4.0
83119,1,5.0
83120,2,4.5
83121,1,5.0
83126,2,4.0
83127,1,5.0
83130,1,5.0
83135,3,5.0
83136,3,4.0
83137,1,5.0
83139,1,3.0
83146,4,4.25
83148,1,5.0
83150,3,5.0
83151,2,4.0
83154,2,3.0
83158,1,3.0
83159,2,5.0
83164,3,5.0
83165,1,4.0
83166,3,3.6666666666666665
83167,2,3.5
83168,1,4.0
83171,4,4.25
83174,1,3.0
83178,3,4.666666666666667
83182,1,5.0
83185,1,3.0
83186,2,4.5
83187,3,4.0
83191,1,5.0
83192,2,3.0
83202,1,4.0
83203,1,4.0
83204,1,4.0
83205,1,5.0
83207,1,5.0
83209,3,3.6666666666666665
83210,1,4.0
83218,1,4.0
83220,1,5.0
83222,2,1.0
83223,1,5.0
83224,4,3.75
83227,1,4.0
83228,2,4.5
83229,1,5.0
83234,1,5.0
83238,1,1.0
83244,2,4.0
83245,2,3.5
83249,1,4.0
83251,1,4.0
83254,1,5.0
83260,1,4.0
83264,1,4.0
83265,1,5.0
83269,1,5.0
83270,1,3.0
83276,3,4.0
83278,2,5.0
83281,1,4.0
83286,2,4.0
83297,1,5.0
83301,3,4.666666666666667
83303,1,5.0
83305,1,5.0
83310,3,5.0
83311,2,3.5
83316,4,3.5
83317,1,5.0
83318,1,3.0
83322,1,5.0
83324,8,3.75
83331,1,5.0
83332,1,5.0
83333,1,3.0
83335,1,1.0
83336,5,4.2
83338,5,3.2
83343,1,5.0
83345,1,1.0
83348,5,4.8
83349,2,3.0
83350,3,4.333333333333333
83354,6,4.333333333333333
83357,1,4.0
83364,3,5.0
83365,1,4.0
83368,1,4.0
83372,1,5.0
83375,2,3.5
83382,1,5.0
83396,1,5.0
83397,2,5.0
83401,3,4.666666666666667
83402,1,5.0
83403,1,3.0
83404,1,5.0
83407,1,3.0
83412,1,4.0
83417,1,5.0
83422,1,5.0
83430,5,4.0
83432,1,5.0
83434,3,4.666666666666667
83435,1,5.0
83436,2,4.0
83437,1,5.0
83439,1,2.0
83441,1,4.0
83445,1,2.0
83447,1,5.0
83448,3,5.0
83451,1,1.0
83455,1,5.0
83457,1,5.0
83458,1,5.0
83459,1,4.0
83464,1,4.0
83466,33,3.484848484848485
83472,1,5.0
83475,1,2.0
83477,1,3.0
83480,2,2.5
83481,1,4.0
83485,11,4.818181818181818
83486,1,5.0
83491,2,5.0
83492,1,4.0
83501,1,3.0
83504,1,5.0
83508,4,3.75
83515,1,4.0
83517,1,4.0
83526,2,3.5
83529,1,2.0
83530,1,4.0
83531,1,4.0
83532,1,5.0
83535,1,2.0
83537,1,3.0
83539,3,3.6666666666666665
83540,1,4.0
83541,2,4.0
83544,1,5.0
83547,1,5.0
83548,1,5.0
83549,1,4.0
83550,3,5.0
83551,1,5.0
83552,1,5.0
83555,1,4.0
83562,1,5.0
83566,1,4.0
83569,1,5.0
83572,2,5.0
83574,1,4.0
83575,1,5.0
83578,1,4.0
83583,2,4.0
83585,2,4.5
83587,1,5.0
83588,2,3.0
83590,3,3.3333333333333335
83591,3,4.0
83592,1,5.0
83593,5,3.2
83594,1,4.0
83596,1,4.0
83598,1,3.0
83602,1,4.0
83604,1,3.0
83605,1,4.0
83606,2,4.0
83611,2,4.0
83612,1,5.0
83615,1,3.0
83616,4,4.25
83619,1,5.0
83626,1,5.0
83627,2,5.0
83628,2,4.0
83632,2,3.5
83633,3,4.0
83634,2,3.0
83635,1,4.0
83636,1,4.0
83644,1,5.0
83645,1,3.0
83647,1,5.0
83650,1,5.0
83651,2,4.0
83652,1,5.0
83653,1,4.0
83659,1,5.0
83661,2,5.0
83662,1,5.0
83665,1,3.0
83668,4,4.0
83671,1,4.0
83675,1,3.0
83678,1,5.0
83682,1,3.0
83683,1,4.0
83689,1,3.0
83691,1,3.0
83692,1,5.0
83695,1,4.0
83697,1,4.0
83698,1,5.0
83700,1,4.0
83701,1,4.0
83704,1,4.0
83714,1,5.0
83719,1,5.0
83722,1,3.0
83726,1,4.0
83728,1,5.0
83730,1,4.0
83733,2,5.0
83737,6,4.0
83742,2,4.5
83745,1,3.0
83747,1,5.0
83750,1,5.0
83751,2,5.0
83757,4,4.25
83759,1,4.0
83762,1,5.0
83764,2,3.0
83765,1,5.0
83767,2,3.0
83773,1,5.0
83780,1,5.0
83783,1,4.0
83785,3,3.6666666666666665
83786,1,4.0
83788,1,4.0
83789,1,5.0
83791,1,5.0
83792,1,4.0
83795,1,5.0
83796,1,3.0
83800,1,5.0
83811,1,5.0
83812,1,3.0
83813,1,5.0
83814,1,4.0
83816,2,5.0
83821,1,5.0
83822,1,5.0
83823,1,5.0
83833,1,2.0
83834,1,5.0
83841,1,5.0
83845,1,5.0
83850,5,4.4
83855,2,5.0
83856,2,5.0
83858,1,4.0
83860,1,5.0
83864,1,5.0
83868,2,5.0
83870,1,2.0
83872,1,5.0
83873,1,5.0
83874,2,5.0
83879,3,3.3333333333333335
83881,1,5.0
83882,1,5.0
83883,1,3.0
83885,1,3.0
83887,2,4.0
83888,2,3.0
83893,1,5.0
83894,1,5.0
83896,1,5.0
83900,2,4.5
83901,2,4.0
83904,5,4.4
83905,2,5.0
83915,1,5.0
83917,2,3.5
83921,1,4.0
83928,1,5.0
83930,1,4.0
83931,1,4.0
83933,1,3.0
83941,1,1.0
83942,1,5.0
83945,1,2.0
83946,1,3.0
83947,1,4.0
83948,1,5.0
83949,1,5.0
83954,1,3.0
83956,2,4.0
83957,1,4.0
83963,2,3.5
83973,1,4.0
83974,1,5.0
83975,2,5.0
83976,1,5.0
83977,1,4.0
83978,2,3.0
83979,1,4.0
83985,1,4.0
83986,1,3.0
83987,1,3.0
83989,1,5.0
83990,2,4.0
83994,1,3.0
83997,1,3.0
84001,2,4.5
84002,2,4.0
84003,1,4.0
84004,2,4.5
84005,2,5.0
84006,1,5.0
84008,1,5.0
84010,1,5.0
84014,1,4.0
84015,3,4.333333333333333
84016,1,3.0
84021,2,2.5
84023,2,4.0
84025,2,4.0
84028,1,3.0
84029,2,5.0
84032,1,1.0
84033,1,4.0
84036,1,5.0
84037,1,4.0
84038,1,5.0
84039,1,5.0
84041,1,5.0
84042,1,5.0
84043,2,4.5
84044,1,5.0
84049,1,3.0
84050,1,4.0
84052,2,2.5
84054,6,4.666666666666667
84056,2,3.0
84057,2,5.0
84058,1,4.0
84062,1,5.0
84066,1,5.0
84071,1,4.0
84072,1,2.0
84078,1,4.0
84079,1,5.0
84080,2,3.0
84082,1,4.0
84084,1,4.0
84085,1,5.0
84086,3,3.3333333333333335
84087,4,4.5
84090,1,1.0
84091,1,3.0
84094,1,4.0
84095,1,5.0
84096,3,3.0
84097,1,3.0
84102,1,4.0
84103,1,5.0
84104,2,4.5
84109,1,5.0
84110,1,3.0
84113,1,3.0
84114,3,4.666666666666667
84115,1,5.0
84118,1,5.0
84120,1,4.0
84121,1,5.0
84131,1,3.0
84132,2,4.5
84133,4,3.25
84146,3,5.0
84147,2,4.5
84150,2,4.5
84151,1,5.0
84152,1,5.0
84154,1,5.0
84157,1,5.0
84159,1,3.0
84160,3,4.0
84162,3,4.0
84164,1,1.0
84167,2,4.5
84168,2,4.0
84174,1,3.0
84176,1,5.0
84177,2,5.0
84181,2,4.5
84182,1,5.0
84185,3,4.0
84186,1,4.0
84187,1,3.0
84189,1,4.0
84200,1,3.0
84201,1,5.0
84202,1,4.0
84203,1,4.0
84204,1,5.0
84205,1,5.0
84207,2,4.5
84210,1,4.0
84213,1,5.0
84214,1,1.0
84217,1,2.0
84221,1,2.0
84224,3,5.0
84228,1,5.0
84230,2,5.0
84237,1,4.0
84240,1,3.0
84241,1,4.0
84244,1,3.0
84245,1,4.0
84246,1,5.0
84249,1,5.0
84253,1,1.0
84257,1,4.0
84259,1,5.0
84260,1,4.0
84262,2,4.0
84263,1,5.0
84268,1,4.0
84271,2,4.5
84275,2,4.5
84277,1,4.0
84279,1,4.0
84286,1,4.0
84287,1,5.0
84288,2,4.0
84296,1,3.0
84298,1,3.0
84300,1,5.0
84303,1,5.0
84305,1,4.0
84308,1,5.0
84314,1,4.0
84315,1,4.0
84316,2,5.0
84319,2,4.5
84320,1,4.0
84323,2,4.0
84324,1,3.0
84325,1,3.0
84326,1,4.0
84327,2,4.5
84330,3,3.6666666666666665
84331,1,5.0
84337,1,5.0
84338,1,5.0
84340,2,3.0
84343,1,5.0
84347,1,4.0
84348,2,5.0
84351,2,4.5
84353,1,5.0
84357,2,5.0
84358,2,4.5
84363,1,4.0
84366,3,3.6666666666666665
84373,2,4.0
84374,1,4.0
84377,1,3.0
84379,1,5.0
84380,1,5.0
84382,1,4.0
84390,1,3.0
84391,1,5.0
84392,1,5.0
84395,1,5.0
84396,1,5.0
84399,4,4.0
84400,2,4.5
84402,2,4.0
84403,1,5.0
84410,1,5.0
84411,1,4.0
84414,1,5.0
84416,1,4.0
84421,1,4.0
84424,1,5.0
84428,2,3.5
84429,1,5.0
84431,1,4.0
84436,1,5.0
84444,1,1.0
84446,2,4.0
84450,2,3.5
84453,2,4.0
84454,1,4.0
84457,4,4.0
84459,1,4.0
84466,1,4.0
84467,1,5.0
84468,1,5.0
84470,1,5.0
84472,1,4.0
84474,1,4.0
84476,2,5.0
84478,2,4.5
84479,1,4.0
84480,5,4.6
84482,1,5.0
84487,2,4.5
84490,1,5.0
84496,1,5.0
84497,1,2.0
84509,1,4.0
84510,1,5.0
84511,1,5.0
84513,1,5.0
84514,1,4.0
84515,1,5.0
84519,1,5.0
84521,1,5.0
84522,1,5.0
84523,1,4.0
84527,1,5.0
84531,1,5.0
84534,1,4.0
84538,1,4.0
84541,1,3.0
84544,1,5.0
84546,1,1.0
84547,5,3.2
84549,3,5.0
84550,2,3.0
84557,1,4.0
84558,1,4.0
84560,1,4.0
84562,1,4.0
84565,1,4.0
84566,1,3.0
84569,1,4.0
84572,1,4.0
84576,3,4.0
84585,1,4.0
84587,1,3.0
84591,3,3.0
84593,1,5.0
84595,2,3.5
84596,1,4.0
84597,3,4.666666666666667
84598,1,4.0
84601,1,5.0
84604,1,3.0
84606,3,4.333333333333333
84607,1,5.0
84608,1,5.0
84612,1,1.0
84614,1,4.0
84621,2,3.5
84623,1,5.0
84624,1,5.0
84625,1,2.0
84631,5,3.2
84634,3,4.0
84635,1,4.0
84647,1,4.0
84648,1,5.0
84649,2,4.0
84650,1,3.0
84651,2,5.0
84652,2,5.0
84655,1,4.0
84657,1,5.0
84658,1,4.0
84659,1,4.0
84662,1,3.0
84671,1,3.0
84676,1,4.0
84679,1,2.0
84682,2,4.0
84683,2,5.0
84684,1,4.0
84686,2,4.5
84688,1,1.0
84689,1,3.0
84690,1,3.0
84691,1,3.0
84695,2,3.5
84697,2,4.5
84698,1,5.0
84699,1,5.0
84700,4,4.25
84701,1,3.0
84704,1,2.0
84705,2,4.5
84711,1,1.0
84717,1,5.0
84718,1,4.0
84722,1,5.0
84734,1,5.0
84736,1,3.0
84740,1,5.0
84743,1,4.0
84746,1,1.0
84754,2,4.5
84756,1,4.0
84764,1,4.0
84767,1,5.0
84768,1,4.0
84770,1,5.0
84775,2,4.5
84783,1,4.0
84785,1,4.0
84788,2,3.5
84789,1,4.0
84790,1,4.0
84792,1,3.0
84794,1,3.0
84796,1,5.0
84797,2,5.0
84799,2,5.0
84801,1,2.0
84805,2,5.0
84808,1,3.0
84809,1,5.0
84816,1,4.0
84819,1,5.0
84823,1,5.0
84824,2,4.0
84828,2,4.5
84834,1,5.0
84836,1,5.0
84838,1,4.0
84840,12,3.4166666666666665
84842,40,3.75
84845,2,5.0
84850,1,5.0
84854,3,4.0
84856,1,2.0
84859,1,5.0
84861,7,3.7142857142857144
84868,2,5.0
84870,1,5.0
84875,9,3.7777777777777777
84877,9,4.0
84879,1,5.0
84880,5,4.2
84881,5,4.2
84884,1,5.0
84885,1,5.0
84886,1,4.0
84887,3,3.6666666666666665
84888,5,4.0
84891,9,4.555555555555555
84894,1,5.0
84902,1,5.0
84904,1,5.0
84905,1,4.0
84907,1,4.0
84908,5,3.8
84909,1,1.0
84912,1,5.0
84919,1,3.0
84922,1,5.0
84923,2,5.0
84926,1,5.0
84928,6,3.6666666666666665
84929,2,2.0
84931,1,2.0
84933,2,4.0
84935,1,5.0
84936,1,5.0
84950,1,4.0
84951,1,4.0
84955,1,5.0
84972,1,5.0
84973,1,5.0
84974,3,3.3333333333333335
84975,1,4.0
84979,2,4.0
84983,3,4.0
84984,1,4.0
84986,1,5.0
84988,1,4.0
84996,1,1.0
85000,1,3.0
85002,1,5.0
85006,1,3.0
85011,2,2.5
85014,1,5.0
85016,1,2.0
85017,1,5.0
85018,2,4.0
85019,3,4.333333333333333
85021,1,3.0
85022,1,4.0
85024,1,4.0
85036,1,4.0
85051,2,4.0
85055,1,2.0
85059,1,5.0
85060,1,4.0
85063,1,5.0
85065,1,3.0
85067,2,5.0
85071,1,4.0
85072,2,4.5
85074,1,5.0
85076,1,4.0
85077,2,5.0
85080,1,4.0
85081,1,3.0
85087,1,4.0
85088,1,4.0
85091,1,5.0
85092,2,5.0
85094,1,5.0
85096,2,4.5
85098,1,5.0
85100,2,4.5
85103,1,4.0
85104,2,4.5
85105,1,4.0
85106,1,3.0
85108,1,4.0
85113,1,5.0
85116,1,1.0
85118,1,5.0
85122,1,5.0
85124,1,4.0
85126,1,3.0
85127,1,5.0
85128,1,5.0
85129,2,5.0
85130,2,5.0
85131,1,5.0
85132,1,5.0
85135,1,4.0
85137,1,4.0
85138,1,3.0
85141,4,4.75
85142,1,4.0
85143,1,4.0
85148,2,4.0
85152,1,5.0
85162,3,2.3333333333333335
85163,1,4.0
85165,1,3.0
85169,1,5.0
85173,1,5.0
85174,1,5.0
85183,2,2.5
85188,1,4.0
85189,1,5.0
85191,1,4.0
85193,1,5.0
85195,1,4.0
85199,1,5.0
85201,1,4.0
85203,10,4.0
85204,1,5.0
85206,1,5.0
85208,1,5.0
85213,1,4.0
85215,2,5.0
85216,1,4.0
85217,3,4.666666666666667
85220,7,4.571428571428571
85223,1,5.0
85225,4,4.5
85227,4,3.75
85229,1,5.0
85237,2,5.0
85239,1,5.0
85242,2,4.0
85243,4,5.0
85247,1,4.0
85248,1,5.0
85255,1,3.0
85261,2,5.0
85265,1,5.0
85267,1,5.0
85268,1,5.0
85269,1,5.0
85271,1,5.0
85278,1,5.0
85281,2,3.5
85284,2,4.0
85287,1,4.0
85289,1,3.0
85291,1,5.0
85293,1,3.0
85294,1,5.0
85297,1,5.0
85299,1,5.0
85302,1,5.0
85305,2,4.5
85307,3,4.333333333333333
85310,1,5.0
85316,2,5.0
85319,1,5.0
85321,1,5.0
85323,1,2.0
85325,1,5.0
85327,1,5.0
85328,1,3.0
85329,1,5.0
85330,4,3.75
85334,1,2.0
85335,1,4.0
85336,2,3.5
85337,2,5.0
85338,1,1.0
85343,1,3.0
85345,1,5.0
85346,2,5.0
85350,2,3.5
85351,1,5.0
85356,1,4.0
85357,2,3.5
85358,1,5.0
85363,1,3.0
85365,1,3.0
85370,2,3.5
85374,1,5.0
85380,1,4.0
85381,1,4.0
85389,1,5.0
85391,2,4.0
85393,1,4.0
85394,2,4.5
85397,1,4.0
85398,1,5.0
85399,2,4.0
85404,3,3.3333333333333335
85408,2,3.5
85419,1,5.0
85422,4,4.5
85423,1,5.0
85425,1,4.0
85428,3,4.666666666666667
85429,1,3.0
85430,1,5.0
85431,1,3.0
85433,1,2.0
85436,1,4.0
85438,1,4.0
85440,1,5.0
85441,1,3.0
85443,1,4.0
85444,1,5.0
85450,2,4.0
85451,1,5.0
85459,1,5.0
85465,1,3.0
85467,1,5.0
85468,1,5.0
85469,1,5.0
85470,1,4.0
85477,1,4.0
85479,1,5.0
85480,1,5.0
85481,1,5.0
85486,1,5.0
85487,1,2.0
85489,1,3.0
85493,1,4.0
85494,2,5.0
85495,1,3.0
85496,1,4.0
85497,1,4.0
85499,3,3.6666666666666665
85500,2,4.0
85501,5,4.6
85502,1,4.0
85503,1,5.0
85504,2,5.0
85505,3,5.0
85508,1,2.0
85513,1,5.0
85514,1,5.0
85516,3,4.666666666666667
85517,1,4.0
85520,4,4.25
85521,1,3.0
85525,1,5.0
85529,1,3.0
85532,1,5.0
85533,1,2.0
85537,1,4.0
85543,1,4.0
85544,1,5.0
85549,1,4.0
85553,1,3.0
85559,1,2.0
85562,1,3.0
85563,1,5.0
85564,1,5.0
85566,2,5.0
85567,1,2.0
85570,1,5.0
85575,1,3.0
85579,1,5.0
85580,1,4.0
85581,3,4.666666666666667
85584,1,4.0
85585,4,4.75
85586,1,5.0
85589,1,4.0
85593,1,5.0
85594,1,4.0
85595,1,2.0
85597,3,3.3333333333333335
85604,1,5.0
85607,1,4.0
85608,1,4.0
85609,1,4.0
85613,1,5.0
85615,2,5.0
85623,2,4.5
85628,1,4.0
85629,1,5.0
85634,1,5.0
85635,1,5.0
85636,1,5.0
85638,1,5.0
85642,2,4.0
85644,2,5.0
85645,2,3.5
85646,1,3.0
85647,2,3.0
85650,1,5.0
85651,1,3.0
85652,1,5.0
85653,2,3.5
85654,1,3.0
85655,1,5.0
85656,1,4.0
85657,1,4.0
85661,1,5.0
85663,1,5.0
85669,1,4.0
85670,1,4.0
85682,1,3.0
85685,1,5.0
85695,1,4.0
85696,3,4.666666666666667
85697,1,5.0
85702,2,4.0
85704,2,4.5
85705,1,4.0
85706,3,4.333333333333333
85712,1,2.0
85713,1,4.0
85715,1,5.0
85717,1,5.0
85721,2,4.5
85729,1,3.0
85736,1,4.0
85739,2,5.0
85740,1,5.0
85741,1,5.0
85742,2,3.5
85761,1,5.0
85771,6,4.166666666666667
85772,1,5.0
85775,1,4.0
85776,1,5.0
85778,1,3.0
85783,1,5.0
85784,1,4.0
85785,1,2.0
85786,4,4.0
85790,1,5.0
85792,1,4.0
85793,6,4.333333333333333
85795,1,5.0
85798,1,5.0
85804,3,4.0
85807,1,5.0
85812,4,3.5
85814,1,4.0
85815,5,4.0
85817,1,1.0
85819,1,4.0
85822,1,3.0
85824,1,5.0
85825,1,5.0
85826,1,5.0
85827,1,5.0
85828,2,4.0
85830,1,4.0
85831,1,4.0
85832,3,5.0
85836,3,4.666666666666667
85839,1,5.0
85841,1,4.0
85843,1,4.0
85845,2,3.0
85847,10,4.1
85849,1,5.0
85850,1,4.0
85851,1,2.0
85857,1,4.0
85859,2,3.5
85860,3,4.666666666666667
85862,1,4.0
85871,1,5.0
85878,1,3.0
85879,2,3.5
85882,1,5.0
85888,1,5.0
85889,1,5.0
85890,1,4.0
85891,1,5.0
85896,1,3.0
85899,1,2.0
85900,2,4.0
85902,4,3.5
85906,1,5.0
85907,1,5.0
85908,1,5.0
85909,1,5.0
85910,1,3.0
85913,1,5.0
85914,1,5.0
85916,2,3.0
85918,1,2.0
85919,1,4.0
85922,2,5.0
85926,1,5.0
85927,2,4.0
85930,2,3.5
85931,1,4.0
85934,1,2.0
85938,1,1.0
85940,1,4.0
85942,1,5.0
85943,1,5.0
85945,1,5.0
85950,1,5.0
85952,5,4.6
85954,1,5.0
85955,2,5.0
85956,1,5.0
85958,1,5.0
85960,2,4.5
85966,1,4.0
85970,1,4.0
85972,1,4.0
85973,1,4.0
85977,1,5.0
85979,1,5.0
85980,1,5.0
85981,1,4.0
85982,1,5.0
85984,1,5.0
85985,1,2.0
85987,1,3.0
85988,1,5.0
85995,1,4.0
85997,1,5.0
86001,1,4.0
86003,1,5.0
86009,2,4.0
86012,1,4.0
86015,1,5.0
86019,1,3.0
86021,7,4.142857142857143
86027,1,4.0
86032,1,3.0
86033,1,5.0
86035,1,5.0
86043,1,2.0
86046,2,5.0
86047,1,5.0
86049,1,4.0
86051,1,4.0
86052,1,5.0
86054,6,4.666666666666667
86057,1,5.0
86060,1,5.0
86068,1,5.0
86069,1,4.0
86071,1,4.0
86083,3,4.333333333333333
86092,1,5.0
86093,1,4.0
86094,2,4.5
86096,2,4.0
86100,1,2.0
86101,1,5.0
86103,1,3.0
86107,1,5.0
86117,1,5.0
86119,1,5.0
86123,2,4.5
86126,1,3.0
86127,2,3.5
86128,1,5.0
86129,1,4.0
86132,1,4.0
86133,1,4.0
86143,2,3.5
86147,2,4.5
86149,1,3.0
86152,1,3.0
86154,1,4.0
86156,1,5.0
86158,1,5.0
86161,1,5.0
86165,1,4.0
86167,2,5.0
86170,1,4.0
86171,1,5.0
86173,1,3.0
86174,1,2.0
86179,1,4.0
86182,1,5.0
86189,1,4.0
86193,1,5.0
86196,1,5.0
86199,1,4.0
86207,1,3.0
86210,3,5.0
86211,1,4.0
86215,1,3.0
86216,1,4.0
86218,2,3.0
86220,1,5.0
86221,1,4.0
86224,1,3.0
86225,3,4.0
86227,2,5.0
86229,1,4.0
86231,2,3.0
86236,1,3.0
86239,1,3.0
86241,2,4.5
86243,4,4.5
86244,2,5.0
86245,1,5.0
86250,1,4.0
86251,1,4.0
86258,2,4.0
86267,1,5.0
86268,1,5.0
86271,2,4.5
86273,1,3.0
86274,1,5.0
86275,1,5.0
86276,1,5.0
86277,1,2.0
86278,1,5.0
86282,1,4.0
86283,1,5.0
86284,1,5.0
86286,1,5.0
86288,1,3.0
86289,2,5.0
86290,3,5.0
86293,1,5.0
86298,1,5.0
86300,1,4.0
86302,3,3.3333333333333335
86305,2,4.0
86306,1,3.0
86313,1,5.0
86314,2,5.0
86316,1,3.0
86317,2,4.0
86318,2,4.5
86321,1,5.0
86322,1,5.0
86323,11,4.0
86329,1,4.0
86332,6,3.3333333333333335
86333,1,5.0
86336,1,5.0
86338,1,5.0
86345,1,5.0
86346,1,5.0
86348,3,3.6666666666666665
86349,1,4.0
86350,3,4.333333333333333
86355,2,4.0
86356,1,3.0
86357,1,1.0
86360,4,4.0
86361,1,5.0
86362,1,5.0
86363,1,2.0
86367,1,3.0
86368,4,4.25
86369,1,4.0
86370,3,4.333333333333333
86375,1,5.0
86384,1,5.0
86389,2,5.0
86395,3,4.0
86398,2,5.0
86399,1,4.0
86400,2,3.0
86405,1,4.0
86406,2,4.0
86407,4,3.0
86408,1,5.0
86409,2,4.0
86411,1,5.0
86414,1,5.0
86422,1,3.0
86424,1,4.0
86427,3,3.6666666666666665
86430,1,4.0
86431,1,3.0
86436,1,5.0
86437,2,3.0
86445,1,4.0
86447,1,5.0
86448,1,4.0
86452,2,4.5
86458,3,4.333333333333333
86459,1,5.0
86461,1,4.0
86467,1,3.0
86470,1,3.0
86471,2,3.5
86480,1,3.0
86486,1,5.0
86488,1,4.0
86489,1,4.0
86490,2,4.0
86491,1,4.0
86494,2,4.0
86495,2,5.0
86497,2,4.5
86506,2,3.0
86509,1,3.0
86510,4,3.0
86512,1,4.0
86519,1,4.0
86520,2,3.5
86523,1,5.0
86532,1,5.0
86534,4,4.0
86535,1,3.0
86537,4,4.5
86538,6,4.5
86539,3,4.666666666666667
86542,2,4.5
86545,1,5.0
86550,1,5.0
86551,4,3.25
86559,3,3.0
86564,2,2.5
86566,1,4.0
86567,4,4.0
86570,2,4.5
86576,1,4.0
86579,1,4.0
86580,3,4.333333333333333
86581,2,5.0
86587,1,3.0
86589,2,4.5
86594,1,4.0
86597,1,4.0
86598,1,3.0
86600,1,2.0
86603,1,5.0
86609,3,4.666666666666667
86611,1,1.0
86612,1,5.0
86614,2,2.5
86619,2,4.5
86625,1,4.0
86631,1,5.0
86633,2,4.5
86634,1,5.0
86636,1,5.0
86640,6,4.666666666666667
86647,1,5.0
86655,2,4.0
86656,1,5.0
86662,2,4.5
86665,1,1.0
86667,1,5.0
86670,2,4.0
86671,1,4.0
86681,2,4.5
86682,3,3.6666666666666665
86683,1,5.0
86684,3,4.666666666666667
86686,2,4.5
86691,1,5.0
86699,1,3.0
86701,4,4.5
86702,1,4.0
86705,1,5.0
86706,1,5.0
86708,2,2.0
86710,1,1.0
86715,1,4.0
86721,3,4.333333333333333
86722,3,3.6666666666666665
86724,2,3.5
86726,1,3.0
86729,2,4.5
86734,1,5.0
86737,1,5.0
86738,1,4.0
86739,2,3.5
86742,1,5.0
86747,7,3.857142857142857
86750,1,5.0
86751,1,4.0
86757,2,2.5
86762,1,4.0
86765,5,4.2
86766,1,5.0
86769,1,5.0
86770,1,1.0
86772,3,3.3333333333333335
86775,1,5.0
86778,1,4.0
86779,1,5.0
86784,1,4.0
86785,2,3.0
86787,2,5.0
86788,2,2.5
86791,1,5.0
86792,1,5.0
86794,1,4.0
86797,1,5.0
86803,2,3.0
86804,1,5.0
86810,1,3.0
86815,1,5.0
86816,1,4.0
86826,1,4.0
86828,1,5.0
86830,1,4.0
86832,2,4.5
86837,1,3.0
86844,1,5.0
86848,1,4.0
86851,2,4.0
86856,2,3.5
86860,1,5.0
86861,2,3.0
86874,1,4.0
86877,3,2.3333333333333335
86880,2,3.0
86881,6,3.3333333333333335
86883,1,3.0
86884,2,5.0
86887,1,5.0
86895,1,5.0
86896,1,5.0
86900,2,4.0
86905,1,5.0
86907,1,4.0
86909,1,4.0
86911,1,1.0
86913,1,4.0
86914,1,5.0
86918,2,5.0
86919,1,5.0
86921,3,3.3333333333333335
86927,1,5.0
86928,1,5.0
86934,1,5.0
86945,1,5.0
86946,2,5.0
86955,1,5.0
86971,2,3.5
86977,1,5.0
86983,1,5.0
86984,1,5.0
86985,4,4.0
86992,1,5.0
86999,1,1.0
87000,2,5.0
87001,1,5.0
87002,1,5.0
87006,2,2.5
87008,1,5.0
87013,1,4.0
87014,1,3.0
87015,4,4.75
87016,1,3.0
87021,1,5.0
87022,1,4.0
87023,5,4.2
87024,1,5.0
87025,1,5.0
87036,2,5.0
87039,1,4.0
87043,1,5.0
87044,3,4.666666666666667
87045,1,5.0
87049,4,4.25
87052,1,3.0
87053,1,2.0
87055,1,4.0
87068,1,5.0
87069,1,4.0
87070,1,4.0
87075,1,5.0
87078,1,5.0
87081,1,5.0
87082,4,4.5
87084,1,5.0
87087,1,4.0
87092,1,5.0
87093,3,4.0
87094,1,4.0
87095,1,4.0
87100,4,3.0
87103,2,5.0
87107,1,4.0
87110,1,4.0
87112,1,5.0
87114,5,5.0
87118,1,2.0
87120,2,5.0
87122,1,4.0
87123,3,4.0
87128,2,4.0
87132,1,5.0
87135,2,4.5
87140,1,3.0
87141,2,5.0
87145,1,4.0
87150,1,3.0
87152,1,4.0
87157,1,5.0
87158,1,5.0
87159,1,3.0
87163,1,5.0
87170,1,4.0
87173,1,4.0
87177,6,4.166666666666667
87178,1,3.0
87181,1,3.0
87182,1,5.0
87184,1,4.0
87185,1,5.0
87186,1,4.0
87189,4,4.0
87191,1,5.0
87193,4,4.0
87196,1,4.0
87198,2,5.0
87199,3,3.3333333333333335
87200,1,5.0
87202,3,4.333333333333333
87203,1,4.0
87205,2,4.0
87206,2,3.0
87208,3,4.666666666666667
87213,1,5.0
87215,1,5.0
87218,1,4.0
87229,2,3.0
87233,2,4.5
87235,1,5.0
87237,1,5.0
87240,1,4.0
87247,2,4.0
87248,1,5.0
87251,1,4.0
87252,1,5.0
87254,1,5.0
87255,1,4.0
87257,1,1.0
87259,1,2.0
87260,3,4.666666666666667
87268,1,5.0
87276,1,3.0
87280,1,5.0
87282,1,3.0
87283,3,5.0
87285,2,4.5
87289,1,4.0
87292,1,4.0
87302,1,4.0
87304,1,4.0
87306,2,4.0
87307,3,4.666666666666667
87308,1,5.0
87309,1,5.0
87310,1,5.0
87313,2,5.0
87320,1,2.0
87324,1,5.0
87326,1,5.0
87328,1,5.0
87334,1,4.0
87335,1,5.0
87345,1,5.0
87357,2,4.5
87359,1,3.0
87361,2,4.5
87363,2,4.5
87365,2,4.0
87369,1,5.0
87370,5,4.6
87374,1,4.0
87376,1,5.0
87387,4,4.0
87394,1,5.0
87399,1,5.0
87401,1,5.0
87402,1,5.0
87411,1,5.0
87413,1,5.0
87420,1,5.0
87430,1,2.0
87443,1,5.0
87444,4,5.0
87445,1,4.0
87450,1,4.0
87453,1,5.0
87456,1,5.0
87462,3,5.0
87463,1,3.0
87465,1,3.0
87468,1,4.0
87470,1,4.0
87484,3,4.333333333333333
87486,1,5.0
87490,2,4.5
87491,1,3.0
87498,1,5.0
87501,2,4.0
87502,9,4.777777777777778
87506,1,5.0
87510,1,4.0
87516,3,5.0
87527,1,4.0
87528,1,4.0
87532,1,4.0
87536,1,4.0
87538,1,4.0
87541,1,4.0
87542,1,4.0
87551,2,5.0
87556,9,3.3333333333333335
87559,1,4.0
87560,1,5.0
87561,1,5.0
87563,1,3.0
87566,1,4.0
87567,1,3.0
87570,1,4.0
87576,3,4.333333333333333
87578,4,4.25
87581,2,4.5
87582,1,5.0
87584,1,4.0
87585,1,4.0
87587,1,1.0
87589,1,4.0
87592,1,4.0
87596,1,5.0
87598,1,5.0
87600,1,5.0
87602,1,4.0
87606,1,5.0
87607,1,4.0
87611,2,4.5
87612,2,5.0
87617,1,5.0
87618,2,5.0
87619,1,3.0
87622,2,4.5
87626,2,5.0
87627,1,4.0
87631,4,4.0
87635,1,5.0
87641,1,5.0
87642,4,4.25
87646,2,5.0
87655,2,2.0
87656,1,5.0
87657,1,1.0
87658,1,4.0
87659,6,4.333333333333333
87661,6,4.166666666666667
87670,1,5.0
87671,3,5.0
87672,4,3.75
87676,1,4.0
87678,1,4.0
87680,5,4.0
87682,2,4.0
87683,1,5.0
87692,2,4.5
87693,1,5.0
87694,1,4.0
87695,1,4.0
87704,2,2.5
87708,1,4.0
87709,1,5.0
87710,1,5.0
87711,1,4.0
87713,2,3.0
87719,1,5.0
87723,1,5.0
87724,1,4.0
87733,1,2.0
87734,1,5.0
87739,3,3.0
87740,5,4.2
87745,2,3.0
87749,2,5.0
87753,3,5.0
87755,1,5.0
87756,1,5.0
87765,4,3.25
87769,2,4.0
87770,4,4.75
87771,1,4.0
87772,1,4.0
87775,1,4.0
87776,1,4.0
87777,1,5.0
87780,3,5.0
87781,1,5.0
87784,1,5.0
87785,1,4.0
87792,1,5.0
87795,5,4.6
87810,1,5.0
87812,1,5.0
87814,1,4.0
87815,1,5.0
87823,1,5.0
87826,1,4.0
87827,1,4.0
87835,1,5.0
87837,2,4.0
87844,1,4.0
87846,1,5.0
87848,1,5.0
87852,1,5.0
87853,1,5.0
87857,1,4.0
87861,2,4.0
87875,2,4.5
87878,1,5.0
87879,1,5.0
87880,1,2.0
87883,1,5.0
87884,1,4.0
87889,1,5.0
87891,1,3.0
87894,2,4.0
87899,1,4.0
87901,1,5.0
87902,1,4.0
87904,1,5.0
87907,1,4.0
87908,1,4.0
87910,2,5.0
87911,1,5.0
87913,1,3.0
87922,2,5.0
87924,1,5.0
87926,1,3.0
87932,2,5.0
87935,1,3.0
87937,1,4.0
87940,1,5.0
87941,1,4.0
87947,1,4.0
87948,5,3.6
87951,1,3.0
87952,3,4.0
87954,1,5.0
87956,1,1.0
87957,1,4.0
87958,1,5.0
87962,3,4.333333333333333
87963,3,4.666666666666667
87964,2,4.0
87974,1,5.0
87979,1,5.0
87985,2,4.0
87989,1,4.0
87992,1,5.0
87993,2,5.0
87996,2,4.5
87997,3,3.6666666666666665
88001,2,4.5
88002,1,3.0
88003,1,5.0
88004,1,5.0
88027,1,3.0
88028,2,4.0
88030,2,4.0
88032,1,5.0
88035,1,5.0
88037,2,5.0
88042,1,5.0
88049,6,4.5
88053,1,4.0
88057,1,4.0
88058,1,1.0
88065,1,4.0
88067,1,4.0
88071,1,4.0
88075,1,2.0
88076,1,4.0
88078,2,5.0
88085,1,2.0
88095,1,2.0
88096,1,5.0
88097,1,5.0
88099,1,5.0
88103,1,3.0
88106,2,4.0
88112,4,4.5
88118,1,5.0
88119,1,5.0
88120,1,2.0
88121,1,3.0
88125,3,4.333333333333333
88129,1,2.0
88130,2,4.0
88132,3,5.0
88135,1,5.0
88139,1,3.0
88140,2,3.0
88143,4,4.0
88144,1,3.0
88145,1,3.0
88146,1,5.0
88159,3,3.0
88161,1,4.0
88162,1,4.0
88164,3,4.0
88165,1,5.0
88166,1,4.0
88168,1,5.0
88170,5,3.4
88175,1,3.0
88177,1,2.0
88178,1,3.0
88179,1,2.0
88185,5,4.2
88187,1,5.0
88189,2,3.5
88190,1,5.0
